id,name,mbid,error_type,details,timestamp
3285,久石譲,44c64a30-1d58-49c5-b314-6e02fba49526,spotify_correction,New ID: 7nzSoJISlVJsn7O0yTeMOB,2026-02-13T20:47:25.558174
160,Björk,87c5dedd-371d-4a53-9f7f-80522fb7f3cb,spotify_ignored,MB suggested zombie profile (Pop: 23 vs Current: 69),2026-02-13T20:47:32.804011
222,Charli xcx,260b6184-8828-48eb-945c-bc4cb6fc34ca,spotify_ignored,MB suggested zombie profile (Pop: 13 vs Current: 82),2026-02-13T20:48:22.678219
1244,宇宙ネコ子,4ad2d0bd-45f8-4d20-9bb0-db371a7b281b,spotify_correction,New ID: 35g4Ie8VY4tLn4GzSPZobz,2026-02-13T20:51:42.809816
181,Ye,164f0d73-1234-4e2c-8743-d77bf2191051,spotify_ignored,MB suggested zombie profile (Pop: 57 vs Current: 90),2026-02-13T20:52:19.879811
68,Godspeed You! Black Emperor,3648db01-b29d-4ab9-835c-83f6a5068fe4,spotify_correction,New ID: 4svpOyfmQKuWpHLjgy4cdK,2026-02-13T20:53:35.773837
1635,BAP,70261540-4efc-4f62-8573-fdb68d6c2213,spotify_ignored,MB suggested zombie profile (Pop: 29 vs Current: 44),2026-02-13T20:54:22.623811
116,death’s dynamic shroud,e294d11b-fc47-41a9-b38b-3205c34d17ba,spotify_ignored,MB suggested zombie profile (Pop: 1 vs Current: 32),2026-02-13T20:54:37.956665
291,Cindy Lee,a7537f5b-ef6f-424e-9f4d-9b990cb8866f,spotify_correction,New ID: 0TZExq5Dma8hecEIAKwQYA,2026-02-13T20:55:26.471726
264,ODD EYE CIRCLE,dec0f331-cb08-4c8e-9c9f-aeb1f0f6d88c,spotify_ignored,MB suggested zombie profile (Pop: 6 vs Current: 39),2026-02-13T20:55:43.758728
1770,yandere,af35bcf4-7cab-45b8-bd30-1d81eb0c440b,spotify_ignored,MB suggested zombie profile (Pop: 0 vs Current: 34),2026-02-13T20:57:59.789530
1396,阿保剛,c96413df-f4cb-4231-bfa0-8e70c25742ef,spotify_correction,New ID: 5bFP2SJgMM1Yc50OKmVP8q,2026-02-13T20:58:48.515472
3121,Chief Keef,9118f524-be76-4eaf-875c-ccf15e2a2ad6,spotify_correction,New ID: 15iVAtD3s3FsQR4w1v6M0P,2026-02-13T20:59:22.244660
1308,うたたP,1844d492-68ac-43a5-93dc-9adcdab246c0,spotify_ignored,MB suggested zombie profile (Pop: 1 vs Current: 28),2026-02-13T20:59:45.478374
2956,Wet Wet Wet,45bbfc68-2523-49e4-96f7-d7d1c3d41aac,spotify_correction,New ID: 2u0gw0uCWBMiqV7h0N8kai,2026-02-13T20:59:54.660878
1937,PR1SVX,5eb8ede6-4972-4948-bd74-dba5cbb7161b,spotify_correction,New ID: 0QdSoQy4EwwOACmhZobTQu,2026-02-13T21:00:28.994301
2019,NCT,0eb3a5c2-5716-48d8-8c3a-f976f58a4c19,spotify_ignored,MB suggested zombie profile (Pop: 36 vs Current: 51),2026-02-13T21:02:14.211124
42,Black Kray,030cf5e5-b5d8-4a66-a291-0a7fe4b4b075,spotify_ignored,MB suggested zombie profile (Pop: 5 vs Current: 49),2026-02-13T21:02:30.293112
3216,HM Surf,99905c35-b758-4677-a56a-4ec907d2b448,spotify_ignored,MB suggested zombie profile (Pop: 0 vs Current: 54),2026-02-13T21:03:11.950744
80,Playboi Carti,2baf3276-ed6a-4349-8d2e-f4601e7b2167,spotify_ignored,MB suggested zombie profile (Pop: 0 vs Current: 86),2026-02-13T21:03:17.559122
244,Prince,070d193a-845c-479f-980e-bef15710653e,spotify_ignored,MB suggested zombie profile (Pop: 0 vs Current: 75),2026-02-13T21:03:22.985809
2603,Halberd,2af87143-5f42-4dbc-a16e-2b2cdf49142f,spotify_ignored,MB suggested zombie profile (Pop: 3 vs Current: 41),2026-02-13T21:04:42.213098
2224,Simon & Garfunkel,5d02f264-e225-41ff-83f7-d9b1f0b1874a,spotify_ignored,MB suggested zombie profile (Pop: 0 vs Current: 69),2026-02-13T21:06:44.989417
1477,Koto,b991e4ea-5c8e-4e92-98a9-d55ce5a9a59c,spotify_correction,New ID: 03Qx8J2OxTAGgZqZ4rnaB0,2026-02-13T21:07:17.791866
1536,maNga,7bbc4879-a8c0-485d-a297-20174ddcb2b3,spotify_correction,New ID: 7rEIUw67hRTgievwuKQGSj,2026-02-13T21:07:24.497139
2438,Michael Sembello,fcde7037-181e-437f-9417-60a38958c0fa,spotify_ignored,MB suggested zombie profile (Pop: 1 vs Current: 61),2026-02-13T21:08:20.970724
505,Brian Eno,ff95eb47-41c4-4f7f-a104-cdc30f02e872,spotify_ignored,MB suggested zombie profile (Pop: 10 vs Current: 60),2026-02-13T21:09:47.412926
1828,Yuuri,387bd91c-45c2-4c83-896e-fe4bd1a6907b,spotify_ignored,MB suggested zombie profile (Pop: 0 vs Current: 66),2026-02-13T21:10:03.195169
161,Sigur Rós,f6f2326f-6b25-4170-b89d-e235b25508e8,spotify_ignored,MB suggested zombie profile (Pop: 0 vs Current: 57),2026-02-13T21:10:57.871750
1864,Hus Kingpin,7f465d8b-89e8-4cbb-aa1f-6921ef2935aa,spotify_ignored,MB suggested zombie profile (Pop: 31 vs Current: 45),2026-02-13T21:11:37.073012
2532,Ikon,ad7b6571-9832-4aa1-8e58-d345d9ee06c0,spotify_ignored,MB suggested zombie profile (Pop: 2 vs Current: 57),2026-02-13T21:12:39.397507
391,Mike Oldfield,a1684a49-feaa-4150-b758-d9412fc59f12,spotify_ignored,MB suggested zombie profile (Pop: 58 vs Current: 61),2026-02-13T21:13:00.529675
1648,Lyn,4c9a6b5d-a631-4c28-9c3c-67f4dd2f9845,spotify_ignored,MB suggested zombie profile (Pop: 50 vs Current: 60),2026-02-13T21:16:32.151019
357,Yves Montand,edd6a7c3-d174-4e5b-9134-0f0cc6e2b0a5,spotify_ignored,MB suggested zombie profile (Pop: 45 vs Current: 56),2026-02-13T21:17:37.504431
3296,Smoke Trees,c0f3b0a2-b2f4-4c30-8271-3116d8165e83,spotify_ignored,MB suggested zombie profile (Pop: 0 vs Current: 36),2026-02-13T21:17:39.861245
3253,Psalm Trees,8e5038b0-f71f-4951-aa26-542cdfe9280a,spotify_ignored,MB suggested zombie profile (Pop: 0 vs Current: 44),2026-02-13T21:18:30.785862
3381,flavors,54719693-9669-4933-a45d-41c374174852,spotify_ignored,MB suggested zombie profile (Pop: 1 vs Current: 37),2026-02-13T21:19:56.258792
1842,Daveed Diggs,6561ffe8-0c1f-452b-8501-abe229e01bc7,spotify_correction,New ID: 3twuAojvYNrlWZpMkxLm3P,2026-02-13T21:20:02.155840
577,Imogen Heap,328d146c-79f1-4eb6-9e40-8ee5710c14e5,spotify_ignored,MB suggested zombie profile (Pop: 1 vs Current: 76),2026-02-13T21:20:15.693097
75,Beyoncé,859d0860-d480-4efd-970c-c05d5f1776b8,spotify_ignored,MB suggested zombie profile (Pop: 0 vs Current: 84),2026-02-13T21:20:31.311981
225,Saetia,cd4f7c44-9ff3-4660-9f93-170fef83edfd,spotify_correction,New ID: 5piONaqFh85tIjxSQgZuWA,2026-02-13T21:20:43.173540
3076,Max Roach,0b6aea55-d855-4a33-ae08-b0280dd28684,spotify_ignored,MB suggested zombie profile (Pop: 44 vs Current: 61),2026-02-13T21:23:03.013802
2843,武部聡志,e29e0432-6058-4efd-8bbe-bc40a1f020f6,spotify_correction,New ID: 1Ku94gYRpDuZmcGMqqQM6E,2026-02-13T21:24:16.567357
408,Gaelle,6371fda7-30b9-4d47-92d4-315843fe0227,spotify_correction,New ID: 1uN3byO6WUB2dSDg6XpsEw,2026-02-13T21:25:07.477811
364,Ludwig van Beethoven,1f9df192-a621-4f54-8850-2c5373b7eac9,spotify_correction,New ID: 1xND0lwT99g4IFt68TmAnK,2026-02-13T21:26:06.055712
2774,Hannah Montana,e25744d3-ec9f-4bbf-8760-7bd3370906ea,spotify_ignored,MB suggested zombie profile (Pop: 25 vs Current: 63),2026-02-13T21:27:37.218851
2896,MARINA,7f3d82ee-3817-4367-9eec-f33a312247a1,spotify_ignored,MB suggested zombie profile (Pop: 0 vs Current: 73),2026-02-13T21:27:59.154908
3613,invention_,3f1f7d94-e5c5-4ef9-a14f-4542ba609963,spotify_ignored,MB suggested zombie profile (Pop: 0 vs Current: 38),2026-02-13T21:28:01.395695
4394,Loona,cb525a30-b590-448f-b94d-fab86e0e8756,spotify_correction,New ID: 7ugN9bU7x54gVI2295brJF,2026-02-13T21:28:50.348431
3485,Saiko,00a8bf3d-acbc-4e17-8e07-ab5d3ae550e8,spotify_correction,New ID: 6YgPVbrxWFP9dnp8dsqDry,2026-02-13T21:29:17.089304
3162,takeo,86624642-f75c-4c45-8850-b16c55e69a49,spotify_correction,New ID: 3MPp5u3D5zzyYaAT9qFpTV,2026-02-13T21:31:02.018768
1609,いとうかなこ,eee65fbc-ead0-4c01-b385-a6f563c418d3,spotify_correction,New ID: 1ioBqDTNhnBVubB4ceQ7AI,2026-02-13T21:31:19.204817
2773,Pastor Troy,a016df3e-736e-415d-8026-d4c15552bbc1,spotify_ignored,MB suggested zombie profile (Pop: 46 vs Current: 58),2026-02-13T21:31:59.843182
906,Sora! Sora!,c21e11d3-007c-40f7-bfca-ba308929ef66,spotify_ignored,MB suggested zombie profile (Pop: 6 vs Current: 21),2026-02-13T21:32:05.334657
1686,平野綾,dfe0486a-d8f7-449a-a1ce-192803b3b537,spotify_ignored,MB suggested zombie profile (Pop: 27 vs Current: 37),2026-02-13T21:32:37.812493
3178,goosetaf,a0f336e8-7589-43d7-bbec-5a01cfa62869,spotify_ignored,MB suggested zombie profile (Pop: 5 vs Current: 46),2026-02-13T21:32:39.984879
3046,WYS,c441f8bb-f537-485d-8c62-09e782d860ae,spotify_ignored,MB suggested zombie profile (Pop: 0 vs Current: 52),2026-02-13T21:33:06.413224
3265,TESK,596a1dcf-704d-45fc-a167-93aed95a033d,spotify_ignored,MB suggested zombie profile (Pop: 0 vs Current: 38),2026-02-13T21:33:15.147253
4372,Various Artists,89ad4ac3-39f7-470e-963a-56509c546377,spotify_correction,New ID: 0LyfQWJT6nXafLPZqxe9Of,2026-02-13T21:35:10.135823
2433,Luci4,917220a7-bd52-432c-b167-8da78c27b299,spotify_correction,New ID: 1CbA4z6JauNQnHzOErDQL6,2026-02-13T21:36:05.882279
1278,múm,2b64e811-cbcd-45f7-b29d-296444cad4f1,spotify_ignored,MB suggested zombie profile (Pop: 3 vs Current: 39),2026-02-13T21:36:23.601852
3490,GYVUS,0c2d6dc6-ec9e-418f-956b-4093ae71d53c,spotify_ignored,MB suggested zombie profile (Pop: 0 vs Current: 41),2026-02-13T21:37:13.191843
1841,Hallé Orchestra,e2e9da6e-de76-4a92-a9c7-347158d885df,spotify_ignored,MB suggested zombie profile (Pop: 47 vs Current: 50),2026-02-13T21:38:42.032892
3455,Abdullah Ibrahim,fd64e185-9973-44d5-ad09-5d5562804292,spotify_correction,New ID: 39mb0I6tdTcCXkeigvzxOJ,2026-02-13T21:40:28.106617
2343,Camille Saint‐Saëns,4137c070-15b2-4d00-a9f0-3517d02a9ba8,spotify_ignored,MB suggested zombie profile (Pop: 0 vs Current: 65),2026-02-13T21:41:08.441780
2695,MIRAE,2bbcb6ce-4303-4abe-8cab-eb7e66bb94be,spotify_ignored,MB suggested zombie profile (Pop: 24 vs Current: 55),2026-02-13T21:41:33.894583
863,Everyone Asked About You,3a05d825-813a-4a00-8b4d-bebfbb0a3241,spotify_ignored,MB suggested zombie profile (Pop: 0 vs Current: 47),2026-02-13T21:42:12.686537
2069,emon(Tes.),deb3ad6b-70e2-4f19-8811-6a620a6af2ca,spotify_ignored,MB suggested zombie profile (Pop: 13 vs Current: 31),2026-02-13T21:42:38.400274
1523,The Jacksons,e5257dc5-1edd-4fca-b7e6-1158e00522c8,spotify_ignored,MB suggested zombie profile (Pop: 0 vs Current: 67),2026-02-13T21:43:21.533660
3722,EstA,f99bdf7f-4e23-4e70-9b0c-5b5c26484b79,spotify_correction,New ID: 2H5RJPxjfOKonBVphYdRzG,2026-02-13T21:43:37.066124
2678,Lady A,0eedfc95-e79a-4fd9-832a-cd816a0b3fda,spotify_correction,New ID: 05jvFKxeaL4Wf3WL82wPra,2026-02-13T21:43:57.203175
3461,drwn.,c4baa8f3-ba21-4dd1-b988-a6b461c328b7,spotify_correction,New ID: 0h6JSIfoSSbXtaBWiUC4Wy,2026-02-13T21:45:30.224306
3693,Migos,0221734a-35a8-40f7-b5c5-2f61a200bc7c,spotify_ignored,MB suggested zombie profile (Pop: 1 vs Current: 75),2026-02-13T21:45:46.678795
2619,Loco Loco,e2b5e62e-7312-4fae-9048-1d40fac17ac5,spotify_ignored,MB suggested zombie profile (Pop: 30 vs Current: 62),2026-02-13T21:45:58.679303
4157,Sia,2f548675-008d-4332-876c-108b0c7ab9c5,spotify_correction,New ID: 5WUlDfRSoLAfcVSX1WnrxN,2026-02-13T21:46:40.663869
2778,Aly & AJ,fa4ad5f5-568e-498f-ba98-9ffc18e54ff3,spotify_ignored,MB suggested zombie profile (Pop: 5 vs Current: 53),2026-02-13T21:47:04.360176
3163,Hevi,b363c341-9089-4aec-9d3f-17dcabbf75c4,spotify_ignored,MB suggested zombie profile (Pop: 0 vs Current: 52),2026-02-13T21:47:26.509335
3588,Vanessa Hudgens,9da7ed18-20fa-4279-88c8-94299728236d,spotify_ignored,MB suggested zombie profile (Pop: 59 vs Current: 62),2026-02-13T21:47:38.888870
1854,Emray,97635c6a-0178-4827-924f-dda795c34820,spotify_ignored,MB suggested zombie profile (Pop: 0 vs Current: 28),2026-02-13T21:47:44.272925
2115,Fergie,1c46e82f-4764-4d82-a33b-5d5aee5e2881,spotify_ignored,MB suggested zombie profile (Pop: 20 vs Current: 69),2026-02-13T21:48:35.994272
2752,WOOSUNG,c71b2a13-6860-4a90-9f14-afb76ada208c,spotify_ignored,MB suggested zombie profile (Pop: 0 vs Current: 54),2026-02-13T21:49:27.753209
3505,joeshort,ee9424c1-8c80-4ff9-837d-df81b53ccd54,spotify_ignored,MB suggested zombie profile (Pop: 0 vs Current: 17),2026-02-13T21:51:55.139599
4281,[unknown],125ec42a-7229-4250-afc5-e057484327fe,spotify_correction,New ID: 2MpxaqGTQeft5RU4wvwm57,2026-02-13T21:52:13.519278
3115,lilac,8ef7b422-8bf8-4a45-9478-d36ead2a2050,spotify_ignored,MB suggested zombie profile (Pop: 25 vs Current: 44),2026-02-13T21:52:46.181263
2407,Mark Knopfler,e49f69da-17d5-4c5c-bac0-dadcb0e588f5,spotify_correction,New ID: 0FI0kxP0BWurTz8cB8BBug,2026-02-13T21:55:55.888939
4270,Asta,3d85f3cf-21ca-407e-a8a2-955da2f20c3c,spotify_correction,New ID: 3cmUhYaAl8ZVz3coS1T3VC,2026-02-13T21:56:19.569236
3649,Kreambeat,cccef8b5-46c0-437a-a4aa-086bbeafdf7b,spotify_correction,New ID: 6NX5Cv1MQv5yAsAyQYiCUZ,2026-02-13T21:57:45.608891
2729,YuA,6684eea4-16c2-4469-b869-4753b19885b1,spotify_ignored,MB suggested zombie profile (Pop: 2 vs Current: 41),2026-02-13T21:58:28.123435
1921,Mylo,a066b730-3809-4b39-a091-2297d40b51db,spotify_correction,New ID: 5YjEVrNMrIRw2xGbjTN6Ti,2026-02-13T21:58:54.063105
2887,松原みき,994c1efe-ab1c-4b1f-a2b7-01758ef963b9,spotify_correction,New ID: 7eaB2kABl5quusVTOY0LFN,2026-02-13T22:01:06.178480
4328,Giselle,f77eb67e-fc43-4d1a-bf27-f64bfe763a5a,spotify_correction,New ID: 5cxol8ruhBU1QpUick7A42,2026-02-13T22:01:58.599744
3775,Verzache,be714b34-ba7d-48cc-bbb6-a191a8f10003,spotify_correction,New ID: 59KX7XUUgAOOo5IyDjca0T,2026-02-13T22:02:52.087498
3264,Driver,fefbecd0-0314-4af5-b9c8-a6893175fdf9,spotify_ignored,MB suggested zombie profile (Pop: 16 vs Current: 26),2026-02-13T22:02:58.776347
2878,KARA,3313f634-1405-481c-ada7-aef1980ac961,spotify_ignored,MB suggested zombie profile (Pop: 19 vs Current: 51),2026-02-13T22:03:04.272360
684,Flume,35fd8d42-b4a6-4414-9827-8766bd0daa3c,spotify_ignored,MB suggested zombie profile (Pop: 1 vs Current: 69),2026-02-13T22:03:50.230402
1637,cosMo@暴走P,eceb2a11-fa7e-496e-9adf-a540810d932b,spotify_correction,New ID: 2WV6qVVwDE37QGdpdVMtYM,2026-02-13T22:05:30.915709
2793,OMI,33e6ded6-22cc-447e-aefa-9a7a6ba81b6b,spotify_correction,New ID: 5MouCg6ta7zAxsfMEbc1uh,2026-02-13T22:05:48.084398
3413,Cold,d9a2f1e6-6429-41ce-9d32-9a66188fb39c,spotify_correction,New ID: 0Gw3a3BkWLwsMLFbOBmo6Q,2026-02-13T22:06:28.261460
2048,Kai Meyer,0ec0657f-860d-4cc6-996c-09ba76fffc76,spotify_ignored,MB suggested zombie profile (Pop: 10 vs Current: 57),2026-02-13T22:07:34.912087
3791,Petula Clark,40e69149-45a7-4dab-8128-c5a4d9654eeb,spotify_correction,New ID: 6nKqt1nbSBEq3iUXD1Xgz8,2026-02-13T22:07:40.606135
3023,Katie Melua,39e32995-6515-40b2-a6f0-841524047edc,spotify_correction,New ID: 5uCXJWo3WoXgqv3T1RlAbh,2026-02-13T22:07:53.869357
3752,Shlohmo,21a0e450-ae4d-473a-add4-744542ab9bf5,spotify_ignored,MB suggested zombie profile (Pop: 0 vs Current: 45),2026-02-13T22:08:03.848334
3326,Fun Fun,40e7db88-da65-46c6-909d-82e48a40da4d,spotify_ignored,MB suggested zombie profile (Pop: 41 vs Current: 67),2026-02-13T22:08:35.754587
683,Steve Lacy,ca9766a0-1c30-43e6-a213-bac1334efc4a,spotify_ignored,MB suggested zombie profile (Pop: 16 vs Current: 78),2026-02-13T22:10:03.702162
3089,Sitting Duck,cda24ef2-d960-4c4d-9c05-831c238859ca,spotify_ignored,MB suggested zombie profile (Pop: 0 vs Current: 32),2026-02-13T22:10:16.545740
1504,Kineorama,a26711fe-2cba-43d6-92ee-8d42f990c775,spotify_correction,New ID: 7MKEsFiZliPeroqAdwwaq8,2026-02-13T22:10:18.838233
1953,Jimin,d2582c77-6b0f-4b2f-802f-8f3cad1a5fec,spotify_correction,New ID: 1oSPZhvZMIrWW5I41kPkkY,2026-02-13T22:11:08.781173
1318,新しい学校のリーダーズ,12a43a61-e31a-4cac-92a6-c95ce9cdfe3c,spotify_correction,New ID: 0AHigF4jwyhAZhWGGWeN98,2026-02-13T22:11:45.529318
3138,azula,ec1335f2-6c43-4a4e-9cbd-4b2842c76632,spotify_correction,New ID: 1ExCrobB2mqThavegHEHeS,2026-02-13T22:12:22.232997
3795,Jessica,948a3efe-8928-485d-ad08-45e3df65247f,spotify_ignored,MB suggested zombie profile (Pop: 0 vs Current: 34),2026-02-13T22:13:02.481302
1751,xaev,59e6d016-1b24-4f95-a8d6-ab9191463faa,spotify_ignored,MB suggested zombie profile (Pop: 0 vs Current: 35),2026-02-13T22:14:08.889540
2903,lofi,b70a2363-a998-4e77-9873-edf59e062fe6,spotify_ignored,MB suggested zombie profile (Pop: 3 vs Current: 28),2026-02-13T22:14:51.879448
3627,Beowülf,19a55de5-7de2-4ee4-8142-ea4b519f3e58,spotify_ignored,MB suggested zombie profile (Pop: 5 vs Current: 43),2026-02-13T22:15:04.189439
2101,MARETU,cda1d655-a98c-42ae-8de3-a0a78000741e,spotify_ignored,MB suggested zombie profile (Pop: 40 vs Current: 62),2026-02-13T22:15:13.069286
3025,DREVM,0267a711-bc2e-4a45-a5fc-560c18188fcb,spotify_correction,New ID: 4pHeEHS66wGubk4WCJ5BZG,2026-02-13T22:15:59.244941
3754,Ta‐ku,81855cde-5030-42de-b1b3-f563dd01e623,spotify_ignored,MB suggested zombie profile (Pop: 43 vs Current: 68),2026-02-13T22:17:05.317252
2883,オメガトライブ,bdb97078-2cc7-40c1-a771-de1d51fbf971,spotify_ignored,MB suggested zombie profile (Pop: 42 vs Current: 45),2026-02-13T22:17:26.989100
2354,Ren,81250ee6-a008-4007-8cfd-dddc22176cac,spotify_correction,New ID: 0Repe2EiNjaFAFIukrroUM,2026-02-13T22:17:29.236550
2299,Archive,bd513de0-e42f-425e-ae46-817d7bc5fb1c,spotify_correction,New ID: 1Q776wzj2mrtXrNu3iH6nk,2026-02-13T22:17:52.695702
2076,高橋洋子,7004bc31-23ee-4216-8d74-0d230e88079f,spotify_ignored,MB suggested zombie profile (Pop: 1 vs Current: 54),2026-02-13T22:19:58.640426
2473,Teen Suicide,a63a5c27-aae4-40b3-86c7-527496bfeeb9,spotify_ignored,MB suggested zombie profile (Pop: 30 vs Current: 50),2026-02-13T22:20:47.423501
2006,Exodia,25296507-b0b0-4955-8e29-ab814bcf751b,spotify_ignored,MB suggested zombie profile (Pop: 4 vs Current: 39),2026-02-13T22:20:52.898408
3623,foisey.,7ae9c6ef-4324-470c-8faf-03494a114611,spotify_ignored,MB suggested zombie profile (Pop: 0 vs Current: 21),2026-02-13T22:21:21.313656
3567,Slowy,ef9734fe-00a3-4baa-b17c-1d6b4a5197e1,spotify_correction,New ID: 2gqd19ANv8aoJ5mzI3DaZo,2026-02-13T22:21:40.115030
1861,Kuroneko,935eb64f-4386-491e-81ed-b99a2203085a,spotify_ignored,MB suggested zombie profile (Pop: 0 vs Current: 44),2026-02-13T22:22:03.414651
4271,POP ETC,0e6b3a2c-6a42-4b43-a4f6-c6625c5855de,spotify_ignored,MB suggested zombie profile (Pop: 28 vs Current: 35),2026-02-13T22:22:35.369714
3536,Billy the Kid,7dbf8a9c-f779-4bd9-b965-e708b0aaf73b,spotify_correction,New ID: 53thNGMpf565Q60Vvt5Uox,2026-02-13T22:23:36.917911
3758,Breeze,78b8d2a1-a260-4230-a793-ba559ab7bd8e,spotify_correction,New ID: 4iN41aCUIh1Coqsc6WuA3f,2026-02-13T22:23:43.493201
2919,Solarstone,1302c7ad-e6b5-433c-b172-0debf9f82d68,spotify_correction,New ID: 1PfOXooPSLQhOTNZGrXM90,2026-02-13T22:24:03.639215
2964,松任谷由実,0d27f48b-c8d7-464b-85e5-5a2b823436c9,spotify_correction,New ID: 1LQQtqc1vQ1neUgZrjYlEU,2026-02-13T22:24:13.662523
3719,Hayden,000b1990-4dd8-4835-abcd-bb6038c13ac7,spotify_ignored,MB suggested zombie profile (Pop: 29 vs Current: 44),2026-02-13T22:24:17.119944
2031,Reol,aea6ccea-deb0-44bb-886e-d91aa4c358bf,spotify_ignored,MB suggested zombie profile (Pop: 1 vs Current: 55),2026-02-13T22:24:46.941247
3641,Assassin,20cf9a2a-7418-42e1-9b36-312cd9c2088f,spotify_correction,New ID: 5zbzDats0HBBPuir5QWKWm,2026-02-13T22:25:16.397245
4107,The Hit Crew,af3d3c30-fcd5-4012-91a2-7a2845827ccc,spotify_ignored,MB suggested zombie profile (Pop: 26 vs Current: 44),2026-02-13T22:25:46.390841
3310,Sisqó,25e0497c-faa4-4765-b232-baa20e5e35a7,spotify_ignored,MB suggested zombie profile (Pop: 0 vs Current: 61),2026-02-13T22:26:46.051400
2501,maxime.,f6a3ad22-76ce-4131-ad97-da5a6bb3d1e8,spotify_correction,New ID: 4jd8Wp3Os5tXFV0NYm1570,2026-02-13T22:28:27.936851
2259,Jack Stauber,9f4c3bca-4d80-428f-9ed2-0de052d92ecc,spotify_ignored,MB suggested zombie profile (Pop: 58 vs Current: 65),2026-02-13T22:29:27.179457
3397,Band Aid,0ecaa896-58fa-4dca-b53d-8da7bc5f59c5,spotify_correction,New ID: 35S20clEkkSNUo23ViaslZ,2026-02-13T22:29:56.177762
3906,24K,ad14a7b3-f58c-45fa-8fc3-ccedb6f6e122,spotify_ignored,MB suggested zombie profile (Pop: 23 vs Current: 46),2026-02-13T22:29:59.634437
2362,Dancing Cats,d937c61b-891f-4f57-89d5-9b5728a8faac,spotify_correction,New ID: 4AAek7eO022T4AjiibppJn,2026-02-13T22:30:02.295521
2669,HWASA,9c750319-8267-493a-aaaf-305e1c6bcc21,spotify_correction,New ID: 2x328mPRm6fc1nkqEvyrFF,2026-02-13T22:31:34.774207
3241,Renée Elise Goldsberry,323ea2bd-a27e-414a-ba40-2727bf3a37e1,spotify_ignored,MB suggested zombie profile (Pop: 25 vs Current: 64),2026-02-13T22:33:01.676741
1777,¡MAYDAY!,944ae2ab-c98f-4cb5-bc30-dd3adbb2cc91,spotify_ignored,MB suggested zombie profile (Pop: 3 vs Current: 32),2026-02-13T22:34:47.931016
2497,Adrian Belew,73c3f499-60e2-44e1-81dd-7fe2191461fa,spotify_ignored,MB suggested zombie profile (Pop: 24 vs Current: 50),2026-02-13T22:36:06.543970
3073,Bert Kaempfert,9d0828bc-702d-4c89-b66f-4954958b8e11,spotify_correction,New ID: 2s6JabvZdqVQhfOsaxCSFX,2026-02-13T22:37:04.837140
604,Sobs,5c0d31ec-8d1a-4d60-99f0-7d44ec75f6b8,spotify_ignored,MB suggested zombie profile (Pop: 27 vs Current: 49),2026-02-13T22:37:18.355306
3148,Austin McKenzie,cd441338-58d9-4546-b29c-cf87f780a8e5,spotify_ignored,MB suggested zombie profile (Pop: 0 vs Current: 13),2026-02-13T22:38:17.427729
2391,HACHI,60cc2a61-471a-4190-9024-2dc65263f436,spotify_ignored,MB suggested zombie profile (Pop: 45 vs Current: 47),2026-02-13T22:39:57.030169
2882,Secret,0247fe23-a092-4131-9d58-ba4b0181a2ff,spotify_ignored,MB suggested zombie profile (Pop: 1 vs Current: 37),2026-02-13T22:40:25.857992
1145,椛田早紀,016980dc-37a9-45c6-8a1a-174fced94974,spotify_correction,New ID: 35cfoTSrL4yk74G9MyhvOW,2026-02-13T22:40:27.964339
2553,June Christy,f90c42da-b435-47f6-9e4a-37737f273c67,spotify_correction,New ID: 7D51E97yRZ8Su45PW9zbzP,2026-02-13T22:41:17.772242
4126,Gossip,0f96c38b-8e21-4571-afe0-cb11196a8acd,spotify_ignored,MB suggested zombie profile (Pop: 0 vs Current: 50),2026-02-13T22:42:09.043113
883,Seether,fbcd7b29-455f-49e6-9c4f-8249d20a055e,spotify_ignored,MB suggested zombie profile (Pop: 21 vs Current: 71),2026-02-13T22:42:31.701130
2975,The Spencer Davis Group,178fdfdf-e02e-4608-9b51-e53471e28a58,spotify_correction,New ID: 3i9hP422d2KMjaupTzBNVS,2026-02-13T22:42:37.326740
2213,茅野愛衣,f74f5468-91f9-443b-aedc-c969a75d1678,spotify_ignored,MB suggested zombie profile (Pop: 12 vs Current: 39),2026-02-13T22:43:40.230463
4298,Discovery,e77ff388-4caf-4406-b077-1ec22ddfa650,spotify_ignored,MB suggested zombie profile (Pop: 25 vs Current: 26),2026-02-13T22:43:52.406503
507,2Pac,382f1005-e9ab-4684-afd4-0bdae4ee37f2,spotify_correction,New ID: 1ZwdS5xdxEREPySFridCfh,2026-02-13T22:44:17.868532
1422,RAY,aedb1c05-5011-40b0-8b44-373be7b1a4d8,spotify_ignored,MB suggested zombie profile (Pop: 23 vs Current: 83),2026-02-13T22:44:21.315423
2269,승리,55aaa2e0-1e56-4159-a409-58c6858ab272,spotify_ignored,MB suggested zombie profile (Pop: 29 vs Current: 51),2026-02-13T22:44:50.461115
4321,Atomic Kitten,6fda00c2-449a-4bf4-838f-038d41a07c73,spotify_correction,New ID: 6JMHws5haIO6V35YNYDnDw,2026-02-13T22:47:21.008566
768,Boldy James,a59a3fdd-4bcc-4c61-b4c5-7d0c1341f2e2,spotify_ignored,MB suggested zombie profile (Pop: 1 vs Current: 59),2026-02-13T22:50:17.803636
1886,Microwave,c79032e6-f077-4cf7-9de3-ad29084a723e,spotify_correction,New ID: 7ptm7G8z8VVvwBnDq8fAmD,2026-02-13T22:51:39.706593
2023,歌愛ユキ,e257f5bd-33ee-450a-973a-ad06eb25eeeb,spotify_ignored,MB suggested zombie profile (Pop: 24 vs Current: 32),2026-02-13T22:54:07.450971
2998,4s4ki,e6c5a910-6255-4d49-bb87-8c3982d3e5fe,spotify_ignored,MB suggested zombie profile (Pop: 16 vs Current: 36),2026-02-13T22:54:13.200181
2342,しがない高校生,60da3fab-3b26-4153-be18-41ad80e2a0ed,spotify_correction,New ID: 2rZpeoqzeYv7h9eDcWWh2D,2026-02-13T22:57:06.712507
2795,Joan Baez,92d37892-6186-4459-9cc1-f0dde57652d0,spotify_correction,New ID: 1EevBGfUh3RSQSGpluxgBm,2026-02-13T22:57:13.544772
1138,Subway to Sally,5533fa1c-4102-4ae7-92ae-78dddb17fe7f,spotify_correction,New ID: 544X9aDcwFDSon8HevRcqg,2026-02-13T22:57:17.149099
1636,Judy Kuhn,1bac9c04-11ac-4728-ac2b-87e4e357941f,spotify_ignored,MB suggested zombie profile (Pop: 0 vs Current: 55),2026-02-13T22:58:10.276370
2727,DIA,bcc09f14-b684-419e-a165-c7859a7b3bdf,spotify_ignored,MB suggested zombie profile (Pop: 34 vs Current: 49),2026-02-13T22:59:53.086279
3039,Louk,2afd1995-734c-4797-80c6-c6bfa07c2998,spotify_ignored,MB suggested zombie profile (Pop: 1 vs Current: 47),2026-02-13T22:59:58.669397
1108,多田葵,6068580c-2fc4-4687-9439-bf718c8cee36,spotify_correction,New ID: 1sVrR1dGO8THq6snzJTkc8,2026-02-13T23:00:07.519319
1883,10.2%,0c102e46-cacc-4634-8751-d74d78efd45f,spotify_correction,New ID: 6sObrcMSo8LcFzXeXWxwHH,2026-02-13T23:00:20.913902
3964,Tiffany Young,908fa819-3af6-4373-a051-75e4827605cf,spotify_correction,New ID: 23FsBO0LGHfj9fht8lNb4E,2026-02-13T23:00:27.819748
2514,Alice Cooper,ee58c59f-8e7f-4430-b8ca-236c4d3745ae,spotify_correction,New ID: 3EhbVgyfGd7HkpsagwL9GS,2026-02-13T23:00:52.688259
1791,Tangerine Dream,23d8426c-18c7-46e6-a51d-7395bd43c641,spotify_correction,New ID: 1BGN1IdyiSR0ZYrkoKNchl,2026-02-13T23:03:20.508355
1015,Frank Dukes,fb7d550f-7518-41ba-95db-33db5287d8e2,spotify_correction,New ID: 4uDsQAJ5Vx4L6O26kDxPvv,2026-02-13T23:03:50.594365
4185,White Noise,eebe62ef-b943-4c63-adc0-c638973a5ae4,spotify_correction,New ID: 4t0c0aHoabuLfz1b4nT1If,2026-02-13T23:04:13.755149
2750,MAMAMOO+,0777faa3-4a8e-4616-829e-58d91a9a4254,spotify_ignored,MB suggested zombie profile (Pop: 29 vs Current: 58),2026-02-13T23:04:56.514627
1577,泉まくら,72fd6e56-ecb1-41d8-ac71-47caa6af3c88,spotify_correction,New ID: 3m9SsQFhEoVMTuvu411tpq,2026-02-13T23:05:28.463083
2309,Anti‐Flag,b88f21a7-a1b9-48fd-bbc4-ae758026f17f,spotify_correction,New ID: 30sqtiTKIb1oDve0SdYayT,2026-02-13T23:05:52.008306
2463,Ralph Molina,94314bee-b26d-4c45-ab7a-c089733fb4f4,spotify_ignored,MB suggested zombie profile (Pop: 0 vs Current: 46),2026-02-13T23:06:14.976561
1604,Yem,e9975c1b-1290-4b9f-847c-3aaee6399125,spotify_correction,New ID: 6XPrvweB1zFfzTQv3ajRHC,2026-02-13T23:06:17.168466
1012,CITROBAL,d6251ccc-8dea-4301-907a-ee3cb275c6b3,spotify_ignored,MB suggested zombie profile (Pop: 24 vs Current: 30),2026-02-13T23:07:26.042336
3394,The Platters,3fb55c03-3ad9-4341-8d0b-7c4c49aefca0,spotify_correction,New ID: 6BegLrPRWvCirC0LllaVCA,2026-02-13T23:07:51.543080
1897,yion,a8cf804a-ad2d-4e7c-86b3-6c77a15e3315,spotify_correction,New ID: 0SKj35DCAPNfu3KVUBTiVE,2026-02-13T23:08:01.438464
3723,Corbin Bleu,393e3b99-a8dc-497c-81e7-f41f4fb49244,spotify_ignored,MB suggested zombie profile (Pop: 8 vs Current: 48),2026-02-13T23:08:44.463755
3496,Brad Paisley,6cfd7ffc-824f-4219-8e27-4b9417700f44,spotify_correction,New ID: 13YmWQJFwgZrd4bf5IjMY4,2026-02-13T23:08:47.042843
260,CALM,08379a1c-453b-460a-ab49-a213bb3b4ca6,spotify_correction,New ID: 2WQ75gaXBzFIIF54BDJXDv,2026-02-13T23:09:10.669133
301,dahlia,1f1e6c21-998f-4827-8e1e-056b08e86d02,spotify_ignored,MB suggested zombie profile (Pop: 16 vs Current: 27),2026-02-13T23:10:59.294306
3881,oshi,a5498f10-8e04-4b98-a612-0404f32d50c2,spotify_ignored,MB suggested zombie profile (Pop: 1 vs Current: 25),2026-02-13T23:11:14.986854
350,Emahoy Tsegué-Maryam Guèbrou,98fd0571-0ddb-4ee8-9e1b-19a9a7294554,spotify_correction,New ID: 60dGQhPhXKiu2wsWYtCNlz,2026-02-13T23:12:43.485260
3979,Tora Tora,acb5a55d-2e39-4098-962e-acbc68adc663,spotify_ignored,MB suggested zombie profile (Pop: 26 vs Current: 49),2026-02-13T23:14:46.821131
1253,Liz Phair,149326c2-b8a3-48e3-b3d2-9b5b9593127f,spotify_correction,New ID: 0hgREqn4NXCCE7QCqLrHjB,2026-02-13T23:15:16.686062
1173,Ripsquad,aa55f377-788d-480e-af52-eaf99176ed72,spotify_ignored,MB suggested zombie profile (Pop: 27 vs Current: 31),2026-02-13T23:15:53.087983
248,Peter Kraus,9502f466-be41-4450-8752-74c2d44ad2f7,spotify_correction,New ID: 1P6eLNP95N3LE6InCy2lAs,2026-02-13T23:17:51.152497
3146,Jesse McCartney,9d075d6e-9492-4343-ac95-93a808f61477,spotify_ignored,MB suggested zombie profile (Pop: 58 vs Current: 64),2026-02-13T23:18:31.160792
631,FM Skyline,ab180512-df3a-4f53-9ad5-858632a1adc8,spotify_ignored,MB suggested zombie profile (Pop: 2 vs Current: 34),2026-02-13T23:19:06.945886
1163,Lowlife,fb9023ef-a0f7-41c7-a088-eb2bd3d4cd57,spotify_ignored,MB suggested zombie profile (Pop: 0 vs Current: 26),2026-02-13T23:19:12.718626
774,Deerhoof,11eabe0c-2638-4808-92f9-1dbd9c453429,spotify_correction,New ID: 7AZwAitWq1KcFoIJhRWb6V,2026-02-13T23:20:49.597356
3516,Fetty Wap,e3492ea0-5997-4241-a7bf-2fd7fb1bfad1,spotify_correction,New ID: 6PXS4YHDkKvl1wkIl4V8DL,2026-02-13T23:22:14.192682
3776,Swell,f8706364-9bc4-4fa6-976e-be39c3490d9f,spotify_ignored,MB suggested zombie profile (Pop: 19 vs Current: 37),2026-02-13T23:23:00.636753
2517,Lil Gnar,ac6a425c-35c3-4fd3-bcb6-39075bf2845a,spotify_ignored,MB suggested zombie profile (Pop: 2 vs Current: 47),2026-02-13T23:23:49.067974
2974,Cuco,ff1cafa3-7ed4-4ed2-afbb-d1f263d607a8,spotify_correction,New ID: 2Tglaf8nvDzwSQnpSrjLHP,2026-02-13T23:24:20.571934
1796,Petra,a2da9a16-4f14-4fe6-84e0-ff882fc1664f,spotify_correction,New ID: 1LmsXfZSt1nutb8OCvt00G,2026-02-13T23:24:33.691201
515,A Place to Bury Strangers,99fe4613-84ec-4f48-bb4f-f036880ed2ac,spotify_ignored,MB suggested zombie profile (Pop: 0 vs Current: 33),2026-02-13T23:24:48.205296
706,Cat Power,05755bf1-380c-487f-983f-d1a02401fa28,spotify_ignored,MB suggested zombie profile (Pop: 7 vs Current: 55),2026-02-13T23:24:50.512998
2108,蝶々P,5b66cbdd-99b5-48c6-b490-436edbd731fd,spotify_ignored,MB suggested zombie profile (Pop: 2 vs Current: 17),2026-02-13T23:25:55.478990
1431,Frost Children,3f1ed758-50e4-401f-8dc6-e0066e546e7c,spotify_ignored,MB suggested zombie profile (Pop: 0 vs Current: 52),2026-02-13T23:26:14.098013
4048,Catalyst,67c25e67-a778-4981-8c02-153802c14537,spotify_correction,New ID: 2qEqaFysrGZD0tS8Ci5L9y,2026-02-13T23:26:26.394951
4278,Papa Roach,c5eb9407-caeb-4303-b383-6929aa94021c,spotify_correction,New ID: 4RddZ3iHvSpGV4dvATac9X,2026-02-13T23:26:33.406411
379,oso oso,a8c4f4c9-b18a-4edf-a7d1-f5b657a9503b,spotify_ignored,MB suggested zombie profile (Pop: 4 vs Current: 37),2026-02-13T23:27:25.878012
3910,Ñu,2586f88c-6ffc-4fbd-913f-6c45121265ed,spotify_correction,New ID: 1hSNjXv9BOq5WMkU923KK4,2026-02-13T23:28:07.431145
2741,MONO,ffe02aed-ef7e-4736-a186-c2f1dd55ce8d,spotify_ignored,MB suggested zombie profile (Pop: 35 vs Current: 49),2026-02-13T23:28:11.048017
3524,felio,06823869-00e9-422b-bcfc-8aa955878b0c,spotify_ignored,MB suggested zombie profile (Pop: 14 vs Current: 71),2026-02-13T23:28:16.370927
4129,nao,c1e2f905-2ef2-4f2d-8e9a-c5959573b7ec,spotify_ignored,MB suggested zombie profile (Pop: 8 vs Current: 52),2026-02-13T23:29:22.828637
1356,Sir Arthur Conan Doyle,0568c60f-9852-4708-82ab-1afb8bb1342f,spotify_correction,New ID: 3Xj8xqJUruJ2moKunjaf0d,2026-02-13T23:30:17.300696
3064,goodnyght,cc6194c0-5b88-4751-a809-58f75ec92057,spotify_ignored,MB suggested zombie profile (Pop: 0 vs Current: 39),2026-02-13T23:31:25.222538
2046,vierre cloud,2cf654e1-67dc-491c-b4fb-fbbfa7c1d0c0,spotify_ignored,MB suggested zombie profile (Pop: 0 vs Current: 49),2026-02-13T23:31:55.430345
1150,浅香唯,d6be168c-6369-4298-99b3-6e929bc1a1c8,spotify_correction,New ID: 6q7VYbOYuldv0HBxlz1LPD,2026-02-13T23:32:37.297512
3711,Freddie Mercury,022589ac-7177-460d-a178-9976cf70e29f,spotify_correction,New ID: 4M1FpEWs2PeYfJe7xxJfhH,2026-02-13T23:34:12.254577
3155,ALI PROJECT,12b6e407-4ec0-4cc6-80d4-b38d7df99694,spotify_ignored,MB suggested zombie profile (Pop: 39 vs Current: 58),2026-02-13T23:35:00.224867
2367,ilykimchi,3748bfe0-b3ea-4594-85ad-957302e967bd,spotify_ignored,MB suggested zombie profile (Pop: 0 vs Current: 38),2026-02-13T23:35:18.878333
552,Eternal,7343056e-041e-4b28-a85a-58e8fb975136,spotify_correction,New ID: 7zYGAXxAaq15C9eM29M8Fj,2026-02-13T23:35:44.232558
1236,Plastic Tree,4bd477e1-0144-4e2f-910a-829aa539b6b8,spotify_correction,New ID: 5O4DsTkJ6z2eTSvIHZ6sDo,2026-02-13T23:36:17.588977
1069,Cats Millionaire,79f2767d-065a-4943-9b51-b00271ccc974,spotify_ignored,MB suggested zombie profile (Pop: 0 vs Current: 32),2026-02-13T23:36:27.509551
602,Shelly Manne,94e4af5f-73a3-43da-96bc-49b759bfabdc,spotify_ignored,MB suggested zombie profile (Pop: 34 vs Current: 56),2026-02-13T23:36:33.162420
1817,The Ocean,8d0acf0e-c099-49ac-b4b3-d57ca9eb2561,spotify_correction,New ID: 6fuALtryzj4cq7vkglKLxq,2026-02-13T23:37:18.291231
997,David Matthews,318c9141-13b2-4f85-95ed-cb8efa636cf5,spotify_correction,New ID: 1mbEOjTtE8f4p5ilUMshiv,2026-02-13T23:38:09.283273
2033,くらげP,07170f67-f554-4b35-9604-6c4286adbd22,spotify_correction,New ID: 3N1Bm1zHjxERruWhTsoQXO,2026-02-13T23:38:22.537422
2857,Tri Yann,8bd21b26-f513-4d79-8fe4-a386289a1e65,spotify_ignored,MB suggested zombie profile (Pop: 42 vs Current: 52),2026-02-13T23:39:30.579592
2925,Raiden,09211398-3429-4570-8016-932b6842a105,spotify_ignored,MB suggested zombie profile (Pop: 9 vs Current: 45),2026-02-13T23:40:15.448848
4150,Cazzette,38acb25c-44a1-427b-9596-2e80b33b5c18,spotify_ignored,MB suggested zombie profile (Pop: 0 vs Current: 41),2026-02-13T23:40:18.079991
4028,Meghan Trainor,b2029169-2574-4305-820f-252a5fde3697,spotify_correction,New ID: 1noAICzoh8PVwCvhSOKLhx,2026-02-13T23:40:56.339975
4291,George Bruns,4204e06b-d2e4-4823-b6f3-47f7593518cb,spotify_ignored,MB suggested zombie profile (Pop: 18 vs Current: 45),2026-02-13T23:42:55.317835
4021,Wallpaper.,268eda09-164a-42c1-b1f3-f630f56d4ab9,spotify_ignored,MB suggested zombie profile (Pop: 0 vs Current: 23),2026-02-13T23:43:15.535194
2110,PolyphonicBranch,2a2820e3-b936-4c1d-9150-b5774aab1030,spotify_ignored,MB suggested zombie profile (Pop: 0 vs Current: 24),2026-02-13T23:45:29.984205
2124,Giga,fc7a99ac-32f0-4e2a-a2eb-03670470003d,spotify_ignored,MB suggested zombie profile (Pop: 3 vs Current: 54),2026-02-13T23:45:50.757270
2826,MILLENNIUM PARADE,ae120209-21b3-42a9-ac08-4c7de22607eb,spotify_ignored,MB suggested zombie profile (Pop: 32 vs Current: 51),2026-02-13T23:46:33.095070
996,Beth Orton,214d84a5-e9e5-4432-af95-8c84da7ba4c0,spotify_correction,New ID: 6cLEWhEKQl6nAvgr60M7zC,2026-02-13T23:47:39.234929
1359,Flawed Mangoes,736c4c01-029f-42d2-8a1e-ff87f65073fa,spotify_ignored,MB suggested zombie profile (Pop: 11 vs Current: 63),2026-02-13T23:48:05.156643
949,"Earth, Wind & Fire",535afeda-2538-435d-9dd1-5e10be586774,spotify_correction,New ID: 4QQgXkCYTt3BlENzhyNETg,2026-02-13T23:50:06.321058
3203,Henry Purcell,ddea5540-2c7d-4266-8507-b367c2635d35,spotify_correction,New ID: 3tMLo1k3iUo82coMLWXzxq,2026-02-13T23:50:23.117722
1111,光田康典,118bf512-9ce9-42a5-95e0-10359bb3e3ea,spotify_correction,New ID: 5XwOz3B3A1dhIXYf1yKVyP,2026-02-13T23:51:45.771101
2113,煮ル果実,de18cbae-1f60-4318-9687-357005bffc47,spotify_correction,New ID: 3wG9JLlVmrbpfKcBuQ2xlh,2026-02-13T23:52:12.396518
2142,Dreamweaver,8df98314-5ff6-493b-951f-136b813ed12d,spotify_ignored,MB suggested zombie profile (Pop: 4 vs Current: 30),2026-02-13T23:52:42.195342
2927,Jamie Cullum,b10806de-2198-4313-af6a-13df4acb912f,spotify_correction,New ID: 3XxxEq6BREC57nCWXbQZ7o,2026-02-13T23:52:44.657941
2165,もちうつね,a1ef1c7b-aa47-4421-8f4d-8bea236c853e,spotify_correction,New ID: 41DxXnx0ob7zmCzqNoWPxv,2026-02-13T23:53:04.553267
3892,Sam Rui,9601d2d2-24f1-4801-adfe-ac7c059395c1,spotify_correction,New ID: 3GFO1X5LAHduvR314sXnqI,2026-02-13T23:53:14.591487
2459,Simply,ea8fe452-c5b9-486e-b51d-fe4ea55afcd0,spotify_correction,New ID: 5xazQSF69sfMYkAu1758DS,2026-02-13T23:55:02.747164
1126,Cyberbully Mom Club,6d25994a-c078-4017-a72e-e25c26b75051,spotify_ignored,MB suggested zombie profile (Pop: 18 vs Current: 34),2026-02-13T23:55:42.490656
3340,Run‐D.M.C.,5ecc3f72-20a6-47a0-8dc5-fb0b3dadeea0,spotify_ignored,MB suggested zombie profile (Pop: 1 vs Current: 61),2026-02-13T23:56:58.913751
2308,sione,536aafa1-ffc5-4d1f-b4d9-7b3af2dd9d73,spotify_ignored,MB suggested zombie profile (Pop: 2 vs Current: 27),2026-02-13T23:58:26.742151
938,Disasterpeace,8a562589-9650-45f6-ab82-332625c0bf2d,spotify_correction,New ID: 7rSMEcqv4Ez0OLgJKDjrvq,2026-02-13T23:59:36.036360
4258,Nina Nesbitt,2e759a02-63c2-437a-ace5-0c8dbc763684,spotify_ignored,MB suggested zombie profile (Pop: 13 vs Current: 50),2026-02-13T23:59:46.095426
2524,angelus,4a4f3f81-c360-4b43-bf19-e7525da64c2d,spotify_correction,New ID: 56l5jbQerCGh7lfbwLnfaK,2026-02-14T00:01:06.944928
2818,Margaritas Podridas,599f26bc-ccdf-46e3-87a4-350532f782f8,spotify_ignored,MB suggested zombie profile (Pop: 0 vs Current: 27),2026-02-14T00:01:48.091267
630,Nmesh,c9f61590-7151-4705-8ee8-c4a19dfc2f54,spotify_ignored,MB suggested zombie profile (Pop: 0 vs Current: 34),2026-02-14T00:02:19.414046
2072,Bushwacka!,21cbf9ea-bd99-43aa-8979-f72d65985de7,spotify_ignored,MB suggested zombie profile (Pop: 2 vs Current: 43),2026-02-14T00:03:39.334319
1252,L.V.,773c48db-eb0c-491f-9a36-633d72dcee8d,spotify_correction,New ID: 2LhsePRtgCo4THVKULQBL7,2026-02-14T00:04:22.030352
2197,Tequilajazzz,dc35e922-6eda-4d31-a739-ec8444ad6b4f,spotify_ignored,MB suggested zombie profile (Pop: 18 vs Current: 24),2026-02-14T00:05:45.652743
1280,Bone Thugs‐n‐Harmony,2fa45bbb-0efb-4950-9d40-94bf23cbfec1,spotify_ignored,MB suggested zombie profile (Pop: 0 vs Current: 65),2026-02-14T00:05:51.344320
1245,福居良,52173902-3bd0-4ed2-9eeb-899127789ffc,spotify_correction,New ID: 6xziHeYBcmC2TA0cXsFpZC,2026-02-14T00:06:00.931113
534,Indian Summer,4ecca3df-b335-480d-a69e-f69bfb7970f5,spotify_correction,New ID: 048UtRRI7nl7sO79yzy9V4,2026-02-14T00:08:52.833630
2920,Aden,ba43551f-3ea1-4e83-8e7d-00f3f556ba76,spotify_correction,New ID: 0I5MgqWJBtQTff4sZUC6O9,2026-02-14T00:09:16.255276
4206,Tiësto,aabb1d9f-be12-45b3-a84d-a1fc3e8181fd,api_error_or_404,,2026-02-14T00:09:38.359714
1398,EERA,20790f44-58da-4046-8814-618d5b4952c8,spotify_ignored,MB suggested zombie profile (Pop: 31 vs Current: 36),2026-02-14T00:10:17.777141
4101,Max Richter,509f20b2-5df3-4aec-9bbc-002131fb3f99,spotify_ignored,MB suggested zombie profile (Pop: 0 vs Current: 73),2026-02-14T00:10:34.666497
1151,チャーリー・コーセイ,30b9c5a8-7efa-45cb-a6e3-c8d1bac277fd,spotify_ignored,MB suggested zombie profile (Pop: 0 vs Current: 24),2026-02-14T00:11:04.640484
3236,xander.,f4021ddc-eff5-4a98-9921-2f3d14476d28,spotify_ignored,MB suggested zombie profile (Pop: 0 vs Current: 55),2026-02-14T00:11:44.340987
843,Death,dbb3b771-ae77-4381-b61c-758b5b7898ec,spotify_correction,New ID: 4f5V3PQ66nIrBCqugJtaGn,2026-02-14T00:12:07.220872
3969,Cranky,f44e27a9-7903-4427-875b-de2ea7a37b47,spotify_ignored,MB suggested zombie profile (Pop: 11 vs Current: 27),2026-02-14T00:12:23.753491
1264,Yebba,0aeea1ef-8d96-4556-8c4a-84b88ae271bb,spotify_ignored,MB suggested zombie profile (Pop: 0 vs Current: 72),2026-02-14T00:13:17.783655
2479,Nguyên Lê,05b204a2-3759-4b3e-9da0-f08b8f196756,spotify_ignored,MB suggested zombie profile (Pop: 23 vs Current: 43),2026-02-14T00:13:37.757159
585,Grand Puba,fabe923b-4c57-4f77-b98a-198bf6ddc1b5,spotify_ignored,MB suggested zombie profile (Pop: 9 vs Current: 47),2026-02-14T00:13:40.251426
1106,Steve Swallow,d94cd4f9-3178-4cc5-9e96-c9306385ffb0,spotify_ignored,MB suggested zombie profile (Pop: 32 vs Current: 36),2026-02-14T00:13:59.051011
744,bedhead,4ba8faca-d12e-4195-945d-dcadccc95a9d,spotify_ignored,MB suggested zombie profile (Pop: 9 vs Current: 31),2026-02-14T00:14:04.582590
4009,Mario Lanza,09fa3805-2477-4944-9d30-e4e75fc92954,spotify_ignored,MB suggested zombie profile (Pop: 26 vs Current: 30),2026-02-14T00:14:42.517171
3580,Cozy Collective,91965b1d-a92d-48dd-ba7f-85eb8f0b9c35,spotify_correction,New ID: 2avD3IHJrxgT3D8ffVPNV9,2026-02-14T00:14:55.828891
430,Uboa,bac328b1-c5d6-4e54-b22f-f9dec6edcac9,spotify_correction,New ID: 4ioovQ90tEAnJiQryAtkXl,2026-02-14T00:15:00.678631
3537,Louis Prima,b5997eef-2516-491a-a10e-5cee842bbcdc,spotify_correction,New ID: 52lBOxCxbJg0ttXEW9CQpW,2026-02-14T00:16:34.019388
1720,Plant Cell,32cf48a6-474c-436f-80c7-274518b756e0,spotify_correction,New ID: 7IDLkbHZCgJr63y0OVu3YC,2026-02-14T00:17:55.029405
1051,Jejune,6fb1e6e6-07ab-434d-8e4c-5b8df0f92cac,spotify_ignored,MB suggested zombie profile (Pop: 38 vs Current: 60),2026-02-14T00:17:58.669462
1891,Player,7ad4ef1c-4f82-4755-a74b-94cd3096d221,spotify_correction,New ID: 0fgtHVpOPfXb07S8Jx443z,2026-02-14T00:18:46.495521
3266,Stardust Revue,2bcb6d35-0a15-400e-97e2-832900f21820,spotify_ignored,MB suggested zombie profile (Pop: 45 vs Current: 58),2026-02-14T00:18:49.946600
3915,2TD,f6559ec5-61f2-47c2-be36-3376a3b8092b,spotify_correction,New ID: 3cfeAFCT12Abep5kUVXnNO,2026-02-14T00:19:15.227935
1220,Wyatt Smith,8276046f-5772-4b99-89b4-ae91c2e03308,spotify_correction,New ID: 2ojPjUHMgAjREvG9cBCA09,2026-02-14T00:20:34.642986
3713,junyii,65280c79-f0dc-4ff2-8f90-e38c8e80ad3a,spotify_correction,New ID: 5V9nIniPnGHfOIEQrPiAre,2026-02-14T00:20:45.998987
993,Juliana Hatfield,f8bf63aa-9bc9-4c03-8673-396cfd5d3cab,spotify_ignored,MB suggested zombie profile (Pop: 24 vs Current: 31),2026-02-14T00:21:32.897459
946,The Wake,c2314623-e863-4fde-af8c-d6e00fec5f2c,spotify_ignored,MB suggested zombie profile (Pop: 2 vs Current: 27),2026-02-14T00:21:57.310368
1749,BONES,e3f7631b-e50b-4923-9049-2fa84dfcaf71,spotify_correction,New ID: 5v2WhpA59TJSdPh7LCx1lN,2026-02-14T00:22:09.450580
1880,Quan,1b9ef7fd-bcda-4949-aa1b-7ffe8470db5e,spotify_correction,New ID: 0Zx7CLL9EAiibehVEZGwU1,2026-02-14T00:22:22.836100
1190,Stennes,51a98a2f-df3c-4536-bb79-756bd02ef4ea,spotify_correction,New ID: 5mFJJHsEQcMcpxqJtG4Vhh,2026-02-14T00:22:26.398516
3379,DEV,7cc04f00-4c8f-40ea-894c-5f65777b3575,spotify_ignored,MB suggested zombie profile (Pop: 33 vs Current: 62),2026-02-14T00:23:18.117197
1203,Wisp,4159ac30-ecce-43a6-b200-b48801968e30,spotify_ignored,MB suggested zombie profile (Pop: 4 vs Current: 62),2026-02-14T00:23:20.324954
2306,EXZ,80f018da-c6a0-469e-8578-2ea4e8a9e09c,spotify_ignored,MB suggested zombie profile (Pop: 10 vs Current: 21),2026-02-14T00:24:02.596711
3971,Sakuzyo,f55e711b-482e-4516-88d6-e9d6ffcd48f1,spotify_ignored,MB suggested zombie profile (Pop: 19 vs Current: 41),2026-02-14T00:24:37.582266
2318,Joe Pass,2f43e416-f1bf-4f04-8853-a0019aa12441,spotify_correction,New ID: 4DuZTASH5eSyd0K73W6fuZ,2026-02-14T00:24:59.324996
1893,Jakob,936d6c0c-ad6f-4ec6-a8f0-e2dd7faf79ec,spotify_ignored,MB suggested zombie profile (Pop: 0 vs Current: 50),2026-02-14T00:26:17.822122
1884,BaK,e8246cdb-8e50-440b-a4b5-51dec85c2037,spotify_correction,New ID: 2bqdSjJuy7B4YKU9BlMaFx,2026-02-14T00:27:23.441209
1366,"Choir of King’s College, Cambridge",67af7195-bcc0-413e-969b-b26f8a41d5ff,spotify_correction,New ID: 0f3PsS9IQ6whvNMFFKnpjl,2026-02-14T00:28:24.378475
2434,Chamberlain,17de431b-7958-4d0f-b33f-ea538ebc5aef,spotify_ignored,MB suggested zombie profile (Pop: 14 vs Current: 29),2026-02-14T00:28:36.151682
2307,CHARLOT,01b4dd73-859e-45df-9aee-a5f81f3795ff,spotify_ignored,MB suggested zombie profile (Pop: 22 vs Current: 39),2026-02-14T00:29:14.715687
3877,DrewsThatDude,d2daa801-9d0c-45b9-9e32-fe57f374f2df,api_error_or_404,,2026-02-14T00:32:19.983980
861,植松伸夫 conTIKI,8707762a-d8d0-4192-9cf9-4bc031cb2a04,spotify_ignored,MB suggested zombie profile (Pop: 7 vs Current: 60),2026-02-14T00:34:27.368032
2070,kirakira,195ce9f9-8911-4108-9f06-d6a83ad757b7,spotify_correction,New ID: 73dSW1k3dqO5tGxLp3p3MW,2026-02-14T00:35:28.686770
2637,The Deep,5a931eaf-e124-4389-81d8-ec420c0ec980,spotify_ignored,MB suggested zombie profile (Pop: 21 vs Current: 43),2026-02-14T00:35:41.841858
15253,森高千里,853c102b-b4d6-415c-86e0-002d93f0dba8,spotify_correction,New ID: 5SXR1ytzVrYGLv4EpMQERT,2026-02-14T00:36:42.640646
34753,Soundwave,4a55c201-c6da-45d8-8739-c62a25771ff8,spotify_correction,New ID: 2HM3MVJI46cYVWaKnCDOTr,2026-02-14T00:37:30.397912
10870,羽多野渉,836e0537-58d0-4bdd-9be4-de54df7de7f4,spotify_correction,New ID: 01vVQFcDbtkS4TbHyttdoT,2026-02-14T00:39:18.239917
8499,Slovenská filharmónia,86d8d8d7-cf1e-4561-97f1-8e175b530184,spotify_correction,New ID: 2rfkmr5WzRN9D9gAfb2ycd,2026-02-14T00:39:31.200622
34843,Johnny Fiasco,378781ef-e2d4-4dd4-b639-98530c225abc,spotify_ignored,MB suggested zombie profile (Pop: 0 vs Current: 11),2026-02-14T00:39:59.535049
12775,saves,a5d37222-03ea-4369-88cf-df492238da20,spotify_correction,New ID: 2nx8N33F9dmlEdzgluzfxU,2026-02-14T00:40:16.209077
19791,Zeyn,dc5cb9a0-6375-4f4f-a7c4-66a9cb509a9f,api_error_or_404,,2026-02-14T00:41:01.117208
9179,Moby,8970d868-0723-483b-a75b-51088913d3d4,spotify_ignored,MB suggested zombie profile (Pop: 7 vs Current: 70),2026-02-14T00:42:28.065230
15179,Afu‐Ra,04c464f3-cdae-4b43-9d0e-e972316f6b1e,spotify_correction,New ID: 6SWohEYYTym0RIBxvoh6wt,2026-02-14T00:42:33.740176
23595,조PD,84369302-2ae5-4829-b8d5-0712df76cd5f,spotify_correction,New ID: 1JIlqu7XZniSF86iMlgKHR,2026-02-14T00:42:57.948448
25503,EDEN,2cfe3c4c-5432-46a6-b3c0-1545dfe1d403,spotify_ignored,MB suggested zombie profile (Pop: 28 vs Current: 58),2026-02-14T00:43:01.298871
15193,El‐P,d9241f5b-721a-4e08-a25a-acd83ed878cc,spotify_correction,New ID: 57UnSUpae3SbRekxNa5Kgl,2026-02-14T00:43:06.546051
11979,[no artist],eec63d3c-3b81-4ad4-b1e4-7c147d4d2b61,spotify_correction,New ID: 4NqS7DbPFYwZmniGHCPMpm,2026-02-14T00:45:04.975270
31461,TomboFry,a3887e35-2ec9-4bd3-8731-7f09d8f1b895,spotify_correction,New ID: 3gvruE4ijqKyrzf8MfenBH,2026-02-14T00:45:12.687496
11418,Simon Rattle,80c3bce9-0b54-409c-aa10-3b0c7dbbc597,spotify_correction,New ID: 4GQwgdcDQwqtcHICjUNndp,2026-02-14T00:46:18.191527
13055,Tha Dogg Pound,6786ab5e-0d99-4aa6-8aad-9b5f42965ddb,spotify_correction,New ID: 5UtQf6Eqewo02lVCo3lImQ,2026-02-14T00:47:06.655194
10612,임창정,dc1b365e-d852-4acc-ad93-bb4c9925c046,spotify_correction,New ID: 4dB2XmMpzPxsMRnt62TbF5,2026-02-14T00:47:13.197820
24630,김민석,361cd859-a73d-4880-b1b3-1526ab7150d0,spotify_correction,New ID: 3CHn74oCO6xiThDGQcDMeA,2026-02-14T00:47:52.373750
34672,Ансамбль Дмитрия Покровского,9ac78b95-1ad4-4bac-b818-9a65a8fb7486,spotify_correction,New ID: 4TEkKtkrU9KLECTqw3aXIk,2026-02-14T00:48:06.384410
32059,War Inside,57d72891-46c3-4db2-bce9-e079bd2fb6df,spotify_correction,New ID: 5eatVYef5HSWJFlOcyvMcy,2026-02-14T00:48:52.907518
12263,中川翔子,731552b6-04d5-4d5d-9fdf-4e38b410c04b,spotify_correction,New ID: 046RRGSoYRQ7qIKliJJSNS,2026-02-14T00:49:02.580002
34923,Atlas,d604a2f1-6397-458a-be95-ab47403a3e9f,spotify_correction,New ID: 395RUhnuJcbFdgp6nYZsih,2026-02-14T00:49:55.332150
18793,井上陽水,278ee887-eea4-432c-81c7-f0fa8790d5fb,spotify_correction,New ID: 4BQT8wAPy5SGtRnfstMzbA,2026-02-14T00:50:38.011921
27094,al.divino,4e9af7df-8d24-44d7-a928-c035257a886e,spotify_correction,New ID: 0aEHa8uvjC2IlHNfuEiIcE,2026-02-14T00:50:44.731285
20535,Jim Jones,81148ae0-47e9-4830-ac97-8e69b6c71706,spotify_ignored,MB suggested zombie profile (Pop: 7 vs Current: 51),2026-02-14T00:52:43.254040
16278,松本梨香,d90cf71a-3f44-4612-9f8b-4578823bce6b,api_error_or_404,,2026-02-14T00:53:56.254996
26748,김사월,b4ab23a1-b204-4509-8f9d-1e3546a676dc,spotify_correction,New ID: 08J6v4qHZz06ua0qAicWmE,2026-02-14T00:53:58.632294
19377,秋元薫,03d91b09-c355-4a2a-9435-c0555d671f9d,spotify_correction,New ID: 4LUn6its1opwPzxJC1RM72,2026-02-14T00:54:01.987080
16659,Stephen Roberts,f0c1340b-6164-4f79-8621-cc47a7ada03b,spotify_correction,New ID: 0Ywu49Wjn0WEJ0lfajZJj2,2026-02-14T00:54:22.801627
4524,高井麻巳子,efff5676-7a24-40ea-b42c-ce33c0b77528,spotify_correction,New ID: 4RFehRbRtmsY5IekHsFZRp,2026-02-14T00:54:29.334212
4658,Droog,e6b14fe7-5cf7-4256-b7c6-a82a12ef37d9,spotify_ignored,MB suggested zombie profile (Pop: 6 vs Current: 13),2026-02-14T00:54:50.717642
33441,Philip Hochstrate,bc495ff8-be95-4583-af38-a0ce78bb094a,spotify_correction,New ID: 2LQboLUi1dAg1RV1BpNR6o,2026-02-14T00:54:54.369573
34739,Эмиль Гилельс,88b4ad33-63ba-4923-947e-26a720631156,spotify_correction,New ID: 21h8E3aA7a9mjcUHbLpjxf,2026-02-14T00:55:01.085465
8533,かいりきベア,f79208d6-8176-4f52-9983-1c7c12843845,spotify_correction,New ID: 6PpaQ5s7sGyfCCL6l3yptE,2026-02-14T00:57:51.137497
31438,Sara,c97a5945-4b21-4fee-be76-9e2544525bcc,spotify_correction,New ID: 0qU7Gw29LX6fJK740BpeLF,2026-02-14T00:58:42.046274
24778,Seraphim,c27650aa-8ada-494b-800c-ddbc58dca1f0,spotify_ignored,MB suggested zombie profile (Pop: 1 vs Current: 40),2026-02-14T00:59:43.821132
15260,AzChike,edfe284c-3d75-45aa-9eca-25e6cef83637,spotify_ignored,MB suggested zombie profile (Pop: 2 vs Current: 60),2026-02-14T00:59:46.048312
20542,Scan X,b6fed5cc-7d4a-4f14-8b86-862b112ab6a0,spotify_correction,New ID: 5fkc5H2SL4lfim3GSon5Wz,2026-02-14T01:00:19.075056
9630,星街すいせい,8eeb59f4-0071-4261-b1f8-91d8294622d2,spotify_correction,New ID: 5DMtkYMG6lksJxvoT3A8Bb,2026-02-14T01:00:26.038531
7299,ずっと真夜中でいいのに。,14d2a235-30e2-489f-b490-f9dc7d2c0861,spotify_correction,New ID: 38WbKH6oKAZskBhqDFA8Uj,2026-02-14T01:00:59.791469
9043,Myun,bb59fed1-2beb-483c-b40a-eab06c90b284,spotify_correction,New ID: 7l8GXySDO8h3fmQ80pgIjZ,2026-02-14T01:02:35.962943
19594,Xandra,faf1ff12-82e9-4a86-8645-995ac306cf14,spotify_ignored,MB suggested zombie profile (Pop: 15 vs Current: 36),2026-02-14T01:02:42.787699
24714,Martin Gratton,e20c0d9b-7549-422a-8f1a-1d3a3937b6fc,spotify_correction,New ID: 2jXfWCR50lR5ty1vTfbEdk,2026-02-14T01:02:52.347104
4767,4by4,42f4a38b-e1e6-45af-877b-42a088e260c0,spotify_correction,New ID: 0snVwasf60fWGWI33ILQAT,2026-02-14T01:03:13.153583
4595,도영,a3622421-7781-4317-8262-6106f43d66fb,spotify_correction,New ID: 5IMXUzbeAyevQmvtOhXQGi,2026-02-14T01:03:44.535252
8337,Headache,dbfe559d-594d-43ac-bd72-5e83fe25561b,api_error_or_404,,2026-02-14T01:04:14.645624
8857,竹内美宥,8554608b-5e22-423b-bfbf-654bb63707d9,spotify_ignored,MB suggested zombie profile (Pop: 4 vs Current: 13),2026-02-14T01:04:44.942339
17848,吉田菫,b79e7d27-1f09-4ae6-9e64-d1082b559b49,spotify_correction,New ID: 149u0vuCHOv84BU0PfhDXR,2026-02-14T01:04:55.988066
20953,Ryu☆,1691c4a6-30c0-45f5-a438-281440aded59,spotify_correction,New ID: 2gryMTPOsOGPrEFHZ6VBsT,2026-02-14T01:05:14.501621
7077,Macklemore & Ryan Lewis,97b226c8-7140-4da3-91ac-15e62e131a81,spotify_correction,New ID: 5BcAKTbp20cv7tC5VqPFoC,2026-02-14T01:06:24.396263
29720,4‐ize,87712007-e06a-499e-96d9-14bb3689d3ee,spotify_ignored,MB suggested zombie profile (Pop: 23 vs Current: 33),2026-02-14T01:06:42.701092
35570,Shiloh,b698716f-7b90-4abd-aa77-054e75186fb1,spotify_correction,New ID: 5r6AkaWwQMMkRBEaaM8AFS,2026-02-14T01:07:10.942140
29282,Bryson Tiller,d8fd8d9b-473b-4f06-83c8-869b1bb9de89,api_error_or_404,,2026-02-14T01:07:39.702963
29120,Craig Stuart Garfinkle,8945adc8-6b4f-4e87-914b-4ef472064a35,spotify_ignored,MB suggested zombie profile (Pop: 0 vs Current: 24),2026-02-14T01:07:54.273846
8419,Pascal F.E.O.S.,d03b58fa-26c4-451b-bc9e-b8ea2f283796,spotify_correction,New ID: 2Xqse6zCQetIHRRdN6uqhI,2026-02-14T01:08:13.434385
10036,Münchner Philharmoniker,daa4b4a7-0bcc-4f3b-a243-41cd97dd8477,spotify_correction,New ID: 5jSyEHI4tPkBgp84luyqpO,2026-02-14T01:08:38.175043
6194,eugene,47b17730-8399-4aca-936a-893fe6d22082,spotify_correction,New ID: 602oWsakD7LUv9HiNcOolN,2026-02-14T01:08:49.045196
10027,DJariium,d4f2f99d-42b3-4d37-b889-d6d3a15a0d98,spotify_correction,New ID: 4bqw6obYjqiF8cyh6vuz9O,2026-02-14T01:09:08.105765
19462,Sarge,e161e595-7573-4c03-8596-b37c524010db,spotify_ignored,MB suggested zombie profile (Pop: 13 vs Current: 25),2026-02-14T01:10:01.042922
18667,Natalie Gioia,f9db2841-0755-4ea0-b0d4-f6c64f7d8b08,spotify_ignored,MB suggested zombie profile (Pop: 0 vs Current: 33),2026-02-14T01:10:12.944878
18089,Robel Ketema,73ac9b78-5837-49d5-aaa3-c7cd0f495754,spotify_ignored,MB suggested zombie profile (Pop: 2 vs Current: 12),2026-02-14T01:10:44.451182
7235,Senses,5a14df24-bc1a-4e88-9cc4-fa71eda331da,spotify_ignored,MB suggested zombie profile (Pop: 31 vs Current: 48),2026-02-14T01:11:11.976488
18858,Dan Seals,47ac957d-1078-410a-9b1d-803bf83c1b87,spotify_ignored,MB suggested zombie profile (Pop: 0 vs Current: 50),2026-02-14T01:11:45.010063
12927,Umek,a03affe5-47af-48c4-9b8e-67654fa318ec,spotify_ignored,MB suggested zombie profile (Pop: 12 vs Current: 40),2026-02-14T01:11:47.259556
11244,菊池桃子,909b72fe-1582-4bda-aba5-b6b2ed01a729,spotify_correction,New ID: 0gT302jqzDIhNWY8YpzDCs,2026-02-14T01:12:10.313281
31467,Meadows,a4167cdf-b9d4-437c-a35f-bd400c75668a,spotify_ignored,MB suggested zombie profile (Pop: 0 vs Current: 15),2026-02-14T01:12:13.693443
5958,slaywitme,2316d27b-6249-4ded-a766-4b5127f1cd73,spotify_correction,New ID: 0OO76E5lRfeyBI3fkA73Dr,2026-02-14T01:12:31.895883
13948,Apani B. Fly,14fa3fe0-daac-4b8b-965c-e9419ca6065b,spotify_correction,New ID: 4zZwqW9MVgUhmpcVeFfPEy,2026-02-14T01:12:41.508244
25494,Brussels Philharmonic,32ae42f1-5b13-4d4e-b366-0ad33f03cf6c,spotify_ignored,MB suggested zombie profile (Pop: 24 vs Current: 49),2026-02-14T01:15:52.135044
20530,Big Syke,73be9cf0-2b02-4a4c-9e2b-8f4b402ca72c,spotify_correction,New ID: 5J32qSlWzKCdcL31B8wglv,2026-02-14T01:16:02.342078
9997,Академический ансамбль песни и пляски Российской Армии имени А. В. Александрова,4f6654b3-0ae3-44bc-9bed-e9477446beab,spotify_correction,New ID: 4yNluGAiPbYXLwlA9KspbG,2026-02-14T01:16:31.835649
4638,Cardi B,2f3c4d70-0462-40da-bba3-0aec5772c556,spotify_correction,New ID: 4A91BvIz3g7H9yrBiVBUkx,2026-02-14T01:17:25.594101
29392,Radio‐Sinfonieorchester Stuttgart des SWR,09caaa4a-868f-4434-bcc3-4921ac8539df,spotify_ignored,MB suggested zombie profile (Pop: 19 vs Current: 32),2026-02-14T01:18:39.341244
35642,Turt,c4894614-9804-41d6-af37-eb0bd96c7481,spotify_correction,New ID: 0VkwWpbd5pxXBYZu3ns9N0,2026-02-14T01:18:44.609839
16843,LUNA,9f350d47-fdd0-49e8-a705-6cbddd1d1f17,spotify_ignored,MB suggested zombie profile (Pop: 33 vs Current: 37),2026-02-14T01:19:16.967466
21511,Dieter Goldmann,e71ec8e5-7799-4484-8acf-fe59dfbdcc36,spotify_ignored,MB suggested zombie profile (Pop: 0 vs Current: 12),2026-02-14T01:19:39.930722
16832,alex,cb543524-e21b-483c-ac43-3a7278329798,spotify_ignored,MB suggested zombie profile (Pop: 5 vs Current: 75),2026-02-14T01:20:03.628034
34819,The Staple Singers,3d49e36a-cc9e-411e-93c6-d1646ba5bd3a,spotify_ignored,MB suggested zombie profile (Pop: 4 vs Current: 50),2026-02-14T01:20:27.633593
8914,Human Nature,414aad23-bd28-443d-9f7f-1b05892cdb47,spotify_ignored,MB suggested zombie profile (Pop: 2 vs Current: 38),2026-02-14T01:20:38.916016
17258,The Boys Choir of Harlem,188d3eaa-26c4-4899-ae25-6138668518a6,spotify_ignored,MB suggested zombie profile (Pop: 0 vs Current: 44),2026-02-14T01:20:41.115723
12225,冨田勲,9119e57f-1086-48b2-8a93-57feacb7f6d9,spotify_correction,New ID: 6wvkwvDNBOQ9FXRQGfBxIv,2026-02-14T01:21:06.157975
6682,Raiden,810682db-7d4e-4c18-a004-1d69c5c18674,spotify_correction,New ID: 4YXNoMVTHRt01jYaKXTumJ,2026-02-14T01:21:09.587773
11284,Marka,41653191-3ba7-45b7-a465-4a03b02cee36,spotify_ignored,MB suggested zombie profile (Pop: 9 vs Current: 25),2026-02-14T01:21:39.265060
29287,Eco,805c1e87-af2f-4c74-b5fe-8cbc2cb6c3a3,spotify_correction,New ID: 53B8p4TVFXCtarwosey71M,2026-02-14T01:22:31.172715
15609,ビッケブランカ,547ea003-708f-4073-bf5d-edefbeb0f2d4,spotify_correction,New ID: 0PYPjvZaOa7bsCq26JOX8d,2026-02-14T01:24:01.199267
31414,David Lewis Luong,fb3c1fde-0bcb-409e-b8f9-80a369f29a4c,spotify_correction,New ID: 4fUab66ZpkyKhJfIjF5Ofc,2026-02-14T01:24:07.781889
7351,Big Bill Broonzy,05bc49f8-3108-44c8-82b9-ac3254896a69,spotify_ignored,MB suggested zombie profile (Pop: 1 vs Current: 28),2026-02-14T01:24:14.791426
10713,케이시,53885b2a-c460-4718-9bef-06acb9cbae2d,spotify_correction,New ID: 6pU8o91xAS0aWNjj06nQSU,2026-02-14T01:24:42.687666
4685,Saul,f86a742a-8ca2-400a-939d-cf94b97d2b44,spotify_ignored,MB suggested zombie profile (Pop: 30 vs Current: 54),2026-02-14T01:24:53.052091
10233,다원,74131eab-e2e9-467f-ba7f-2b86cf8ed111,spotify_correction,New ID: 0L4d5EwDWqTEOTjztWF0mw,2026-02-14T01:25:31.263286
31090,Rodan,b2ffbece-64d7-4d37-ad90-d4e12da8edfd,spotify_correction,New ID: 6BG1L5iwc7K9xwmMHz6ab1,2026-02-14T01:25:52.833896
15917,The Break,9af19e33-96fe-4c8c-b37d-df7e05632458,spotify_correction,New ID: 2YHSo8KH7N7un4rjRwT9NN,2026-02-14T01:26:25.410575
6380,Aylo,ea549013-76f9-4567-95b7-50fbc588458a,spotify_correction,New ID: 5ggr9FUq9cjogKBxQmI2ZO,2026-02-14T01:26:53.721789
27028,여진,f92fe7a1-3429-4d6c-8dd3-4e8b6d8c11be,spotify_correction,New ID: 6T1L8TS6LeXIDHYnDAMHFe,2026-02-14T01:27:48.200574
29516,鏡音レン,45999eb0-e665-4ab0-a809-0d6cd54ffe25,spotify_correction,New ID: 2GXfF7OsKmE87OBfZ69cFY,2026-02-14T01:28:36.146769
18533,戸松遥,f997ab6d-8713-4af1-966c-55d9d9bab8d5,spotify_correction,New ID: 17Xrh1jox4g1VQcUcIcgra,2026-02-14T01:29:18.373137
8431,Naomi Christinna,29ad4256-e4e5-4250-b945-efb6180ae99c,spotify_correction,New ID: 6kTBUVd2O5KmwemgbOxiyc,2026-02-14T01:29:50.913445
21639,koma'n,6bda1669-a4f9-460d-a17a-a582931473d8,spotify_correction,New ID: 5SKFUZQotsDjVzTgNEJJeY,2026-02-14T01:30:40.022914
6461,なとり,cad9e169-893d-4432-a23f-3aa16beb9f0e,spotify_ignored,MB suggested zombie profile (Pop: 28 vs Current: 68),2026-02-14T01:31:14.155411
6697,JAMIE,8fb957e7-7534-4f9a-9755-bbf18027d1a2,spotify_ignored,MB suggested zombie profile (Pop: 43 vs Current: 60),2026-02-14T01:31:37.985061
12992,Loren Mazzacane Connors,1f5e54bb-08f2-47ce-8ba5-343ab54f8185,spotify_correction,New ID: 0Ovok6Sv05ajU7frIiAR0l,2026-02-14T01:34:07.745178
13339,L.D.,850e48f4-3fc4-4d5d-9fac-742a14d545e9,spotify_correction,New ID: 3lYduVVLH9sxDrsnY20Ha9,2026-02-14T01:34:15.897570
4642,B.A.P,cec282f3-95d2-4d2a-860a-78ecd0af9da1,spotify_ignored,MB suggested zombie profile (Pop: 21 vs Current: 44),2026-02-14T01:34:37.479649
30757,Basil,0260ca66-2080-4141-864c-efa1de4dc6f9,spotify_ignored,MB suggested zombie profile (Pop: 18 vs Current: 42),2026-02-14T01:34:43.318827
18784,Khuli Chana,9335fbe8-fab3-4e3e-94b6-f3c306869f8a,spotify_correction,New ID: 4f2hVqzqXvQdVaC35D8sAc,2026-02-14T01:35:33.991790
32712,DJ Wegun,172db744-4c70-4bc5-bd74-a8c90811c29a,spotify_correction,New ID: 7p552gLGzaDKXB5sETgTEP,2026-02-14T01:36:34.641217
27372,runblebee,3562e688-2622-460d-a20a-b570cb3073a8,spotify_ignored,MB suggested zombie profile (Pop: 7 vs Current: 32),2026-02-14T01:36:41.234657
5863,Shiki(TMNS),c30494b6-a1e2-41d5-8080-7ae30d1bd7d5,spotify_correction,New ID: 433MAtNbNMBD9ErZQBBnXb,2026-02-14T01:37:18.098897
18592,Evidence,995c1ef8-5a55-40dc-b87f-f4a0ee95650b,spotify_ignored,MB suggested zombie profile (Pop: 21 vs Current: 45),2026-02-14T01:37:24.782708
10806,Sunnyboys,cf4c7a66-35a7-45d7-b966-0e073cd0ace9,spotify_ignored,MB suggested zombie profile (Pop: 23 vs Current: 36),2026-02-14T01:37:52.980752
7093,Biosphere,27f676bc-5304-40a5-be78-14911c5deaa6,spotify_correction,New ID: 6sa0lNcq7YdXNnQKZHFb0D,2026-02-14T01:37:55.241960
17767,Beam,7b0ce0bb-c461-4afd-907f-822d5b8833df,spotify_ignored,MB suggested zombie profile (Pop: 0 vs Current: 60),2026-02-14T01:38:50.285940
8711,marina,6bd85889-ca13-4d6b-8906-b665e0086e72,spotify_ignored,MB suggested zombie profile (Pop: 36 vs Current: 73),2026-02-14T01:39:39.223679
9510,A. R. Rahman,e0bba708-bdd3-478d-84ea-c706413bedab,spotify_correction,New ID: 1mYsTxnqsietFxj1OgoGbG,2026-02-14T01:39:41.680336
7478,Lzu.,c013f940-7b51-4054-a1c9-ed8c830c1dba,spotify_correction,New ID: 4mwZos0dhfnZ4KumWAz9ZW,2026-02-14T01:40:40.949391
18173,O_Super,5c57b818-71b2-4d50-849c-b24bc97f6a18,spotify_ignored,MB suggested zombie profile (Pop: 0 vs Current: 41),2026-02-14T01:41:52.387864
8874,松田聖子,ef013257-e584-410e-88e8-05ea9ae9ea3a,spotify_correction,New ID: 3E5NLQpQbd0eJ18XO9zC0h,2026-02-14T01:42:16.829377
34077,박경리,00dc1927-dc94-4587-bb69-83b717499be2,spotify_correction,New ID: 5YF2nij1cyiWmWFB8TLZtj,2026-02-14T01:42:38.461796
29430,Koxbox,6c3a79d7-a2e2-4b9c-b9d9-a14b10ca988b,spotify_ignored,MB suggested zombie profile (Pop: 0 vs Current: 17),2026-02-14T01:43:34.417848
12358,Göteborgs Symfoniker,4b3f7f35-12a4-4fca-bf23-81b10e860c78,spotify_correction,New ID: 1XaPI6thQ3zTKqIU6sCvd2,2026-02-14T01:47:42.060777
17304,盧巧音,7ede4a5c-b55d-48d4-bf5a-55ced3597ae8,spotify_correction,New ID: 51ZbCFgOspWvhBjd1DUYEV,2026-02-14T01:48:06.276001
21842,Daniel Müller‐Schott,c592d375-3c23-40f2-b118-e457f7a2e10f,spotify_ignored,MB suggested zombie profile (Pop: 28 vs Current: 33),2026-02-14T01:48:58.838911
33926,PKT,4439a53e-7503-44c3-8f9d-60b0487f7e37,spotify_ignored,MB suggested zombie profile (Pop: 9 vs Current: 20),2026-02-14T01:49:24.373674
4708,熊田茜音,8b6c6441-6588-47d7-b191-bb8e0f4b60cd,spotify_ignored,MB suggested zombie profile (Pop: 7 vs Current: 30),2026-02-14T01:49:34.989856
13978,Rozalla,a41e9be6-6caf-464d-b3a8-48fdebc179f7,spotify_ignored,MB suggested zombie profile (Pop: 25 vs Current: 41),2026-02-14T01:49:43.653163
9455,ALI,a0bb95b8-9fd9-47dd-af28-d4210f7f2a11,spotify_correction,New ID: 2Qqrew4ZcEwf9NY7UqWGfU,2026-02-14T01:49:58.869431
33006,境亜寿香,f5ebbe69-3076-4395-9f9b-16c7c64eaea4,spotify_correction,New ID: 60foIO4RmUgn16dHRVxNbs,2026-02-14T01:50:32.145150
34681,Dan Gibson,8b91414e-6f3f-416e-8f2b-138c74b92635,spotify_correction,New ID: 0Wv8mXdyQifZvmp6SKXRwr,2026-02-14T01:50:53.504326
16586,周笔畅,be05fdb3-3152-4bff-ad69-bda8a1e2f712,spotify_correction,New ID: 3WHsy1Rq4vPEdRyo9P3a48,2026-02-14T01:51:32.620746
5993,Les Jumeaux,584675be-893e-4f2a-a0ed-5898952c4ce2,spotify_correction,New ID: 2aIkFZPjC0m9umqhCsdd6c,2026-02-14T01:52:04.695140
29606,Moti,256986cb-2ca7-4e56-bc0d-d75895677841,spotify_ignored,MB suggested zombie profile (Pop: 21 vs Current: 56),2026-02-14T01:52:27.705681
10037,Валерий Гергиев,87b4252d-314b-4252-9cd3-44c08f3087b6,spotify_correction,New ID: 2LxnoYPOe0FCLC82R3xgO2,2026-02-14T01:53:27.071171
29542,블루,3d1988a8-c888-47c9-a02f-be2dd817f415,spotify_correction,New ID: 3ghCvruix2FYZ81DHRlOt1,2026-02-14T01:53:37.173076
33781,天馬咲希,f52cd685-d561-4412-9b43-72c369867c33,spotify_ignored,MB suggested zombie profile (Pop: 0 vs Current: 22),2026-02-14T01:54:17.454100
7485,Mercury,1dda5ff1-da41-4576-8995-ed4ca576515e,spotify_ignored,MB suggested zombie profile (Pop: 0 vs Current: 45),2026-02-14T01:54:19.756513
13420,Mandy Ventrice,3b291501-34e5-4022-a693-70c0a4a55035,spotify_ignored,MB suggested zombie profile (Pop: 7 vs Current: 11),2026-02-14T01:55:10.123011
21132,김립,e52cff7d-d20e-4d1c-ba2c-4b3ec15726cd,spotify_correction,New ID: 1fsR8q6ObgP7rLBYdZZD7i,2026-02-14T01:55:18.641867
4804,이달의 소녀,de4feabc-cd21-4568-a09c-2086bfebe2f4,spotify_correction,New ID: 52zMTJCKluDlFwMQWmccY7,2026-02-14T01:55:58.578004
12692,Polaris,286431ba-af78-4fc8-9bd5-c20ab0ed4b8c,spotify_ignored,MB suggested zombie profile (Pop: 24 vs Current: 57),2026-02-14T01:57:13.038003
29613,日野森雫,e6ed1f4b-92d0-4d0c-9760-25288e4952a2,spotify_ignored,MB suggested zombie profile (Pop: 0 vs Current: 25),2026-02-14T01:58:41.499781
4694,東京スカパラダイスオーケストラ,d77f4539-0661-4741-9307-60ebbd72f5ee,spotify_correction,New ID: 0UZq6vAHrwGgctvxTzzxYm,2026-02-14T01:59:40.086060
24721,Shankar,64c98753-d570-47ec-b5f6-0c0ac0f23811,spotify_ignored,MB suggested zombie profile (Pop: 0 vs Current: 39),2026-02-14T02:00:01.161976
11771,小澤征爾,98c3e4e1-2f01-4ead-911f-8d4b95a6c461,spotify_correction,New ID: 0atCvjK2GL6ezQFGOQOYQo,2026-02-14T02:00:19.733932
10992,John Fogerty,c3649208-0ebe-449b-b1d7-4bd6c560f109,spotify_correction,New ID: 5AG2xIoBMaOhZN1AIvhYUH,2026-02-14T02:00:52.019176
19454,European Jazz Trio,5bf18a02-5759-42d6-af26-f8d037bf6f6b,spotify_ignored,MB suggested zombie profile (Pop: 9 vs Current: 32),2026-02-14T02:02:21.291605
22245,Anthony Rapp,9e9f343e-7002-4f71-809a-7e8c74c1636e,spotify_ignored,MB suggested zombie profile (Pop: 0 vs Current: 47),2026-02-14T02:02:34.825648
6215,wuvv,f9683059-a1ce-42fc-a15c-225a3516d073,spotify_correction,New ID: 2or1HHHfmqRb2nm37r00IP,2026-02-14T02:03:26.490781
24425,Alison David,21d88fc4-45f0-4bcf-9d0c-46a969993c74,spotify_correction,New ID: 5YrNrh3tprXP2Agk6yjO7o,2026-02-14T02:03:36.737188
21245,Echoboy,e0f7c152-714e-4751-9bf6-375d6d146aff,spotify_ignored,MB suggested zombie profile (Pop: 2 vs Current: 11),2026-02-14T02:04:04.635187
18268,Akiba,42d2c901-4f9c-4cd2-81b9-c95be550e8f4,spotify_ignored,MB suggested zombie profile (Pop: 0 vs Current: 43),2026-02-14T02:04:33.609700
18584,Pyramid,3a55be38-3479-481f-a0ba-92a5790faff9,spotify_ignored,MB suggested zombie profile (Pop: 0 vs Current: 39),2026-02-14T02:04:53.089290
33587,Michael Schäfer,973fa52d-dfcd-4add-a6f3-13b8e6dc8de3,spotify_correction,New ID: 62wEGg90jMH0K1bQLb29mC,2026-02-14T02:05:27.825799
34934,原田郁子,dd82ea00-c8e8-4bb0-8dfe-dc0f710a7c8f,spotify_correction,New ID: 37bsUoMW0Hbqj1l0MxDkDw,2026-02-14T02:06:42.303110
7459,John Thayer,0c2740ca-29d3-40d5-be01-6d563f44107e,spotify_ignored,MB suggested zombie profile (Pop: 0 vs Current: 19),2026-02-14T02:07:02.116337
12703,Joker,b5046324-87a8-4beb-9ac1-f15f73d3a42f,spotify_correction,New ID: 2Fu5huGG8iXC85P9akyYrr,2026-02-14T02:07:56.934108
5428,Ugly,bfc1304c-b6e1-43ec-b952-a643732b5c8e,spotify_ignored,MB suggested zombie profile (Pop: 30 vs Current: 33),2026-02-14T02:08:18.591985
22179,辻井伸行,2772ef03-5ca2-4e4c-a5a0-66b4f31f127b,spotify_correction,New ID: 5JvADyrajwcXaAeqxyDg5j,2026-02-14T02:09:43.050602
9339,Notre Dame,1f0c18b9-2566-4ef9-aa51-ac5178399405,spotify_ignored,MB suggested zombie profile (Pop: 0 vs Current: 52),2026-02-14T02:09:54.533812
30548,StarLink,dd9e7cff-4a5a-4fb1-933e-9683b26aa4b7,spotify_correction,New ID: 2ngbe1yDZ3mFkKENa0XQrX,2026-02-14T02:10:09.380790
21941,Marnie,eb360f73-5116-4e82-980e-542a4e9309f4,spotify_ignored,MB suggested zombie profile (Pop: 9 vs Current: 22),2026-02-14T02:10:33.010183
23208,Pi’erre Bourne,be0d7749-0974-48ba-93bb-6e974ec193a2,spotify_ignored,MB suggested zombie profile (Pop: 0 vs Current: 60),2026-02-14T02:11:38.015241
30748,Joshua Ralph,75e2440b-2fd0-4366-baec-d7802f52edeb,spotify_ignored,MB suggested zombie profile (Pop: 26 vs Current: 38),2026-02-14T02:12:14.211287
8572,허영지,8b35dca2-82f9-486a-a601-9efab578006a,spotify_correction,New ID: 0FUmt6iMoB9sJpxZuWkOI5,2026-02-14T02:12:16.345695
25447,Flowmotionyt,752ce327-f9ff-4461-b472-f381e8aa4c2a,spotify_correction,New ID: 2lfWWYx9xPrxMZK38Qws4P,2026-02-14T02:12:19.850510
16523,Fate,3cd5b4c8-83e6-4e15-8450-07c1b15d9b46,spotify_ignored,MB suggested zombie profile (Pop: 23 vs Current: 50),2026-02-14T02:12:23.336203
18718,Christopher Williams,ae649e5d-4d7a-4346-9375-f443be51bec8,spotify_ignored,MB suggested zombie profile (Pop: 0 vs Current: 39),2026-02-14T02:12:32.080337
7636,中田ヤスタカ,53bfc28e-2c48-4776-8949-1953c78dd187,spotify_correction,New ID: 0Ix8hDDkYwEfXaeEUJLEol,2026-02-14T02:12:47.001709
34548,手嶌葵,997b8f01-ee60-43aa-b7b3-b7aee9fe7590,spotify_correction,New ID: 4FrFdi2hHpulQOxDihRIQD,2026-02-14T02:12:53.511914
30846,POLINA,de70c952-7683-4946-ac6b-796be6769f0c,spotify_ignored,MB suggested zombie profile (Pop: 5 vs Current: 36),2026-02-14T02:13:23.029433
8773,Shovon Jaman,c205b144-2660-4a5c-a235-0c0e772de3f9,spotify_correction,New ID: 6mLZC112Y6fgDlUR67UfOJ,2026-02-14T02:13:48.327024
24743,刘扬扬,0e10f243-92e1-4c5b-a4ea-c87a2e5ff54c,spotify_correction,New ID: 5yyf4YDCKGaa71SC7KRw2L,2026-02-14T02:14:05.111727
30789,Геннадий Николаевич Рождественский,90595f34-e23e-4d0c-97cd-7d69b66e0727,spotify_correction,New ID: 7sjMk07ASNAAPVXoag7sGO,2026-02-14T02:14:57.358426
23321,揺らぎ,64fda2cb-e68c-4c4e-a94a-e7c8d561dbab,spotify_correction,New ID: 1Ksf2sRoSTPdLYbGxJ9oms,2026-02-14T02:15:20.213081
26874,Skye,4cb4e77a-2981-4f0e-a7d0-03a04804d9b3,spotify_ignored,MB suggested zombie profile (Pop: 21 vs Current: 56),2026-02-14T02:16:47.735687
33439,Smack,25f46df1-ec2b-423e-9fab-771b621bdc98,spotify_ignored,MB suggested zombie profile (Pop: 9 vs Current: 49),2026-02-14T02:17:00.485846
11200,Oyster,24ba6c61-de25-48b7-8194-a7bad02992e8,spotify_ignored,MB suggested zombie profile (Pop: 19 vs Current: 57),2026-02-14T02:17:09.319763
10265,KATIE,a1915b7f-3ad5-4909-ac13-048e8854a21a,spotify_correction,New ID: 2nDC4PH8XE1gHeeAxVLXRO,2026-02-14T02:17:18.293767
24744,지젤,cb8a4667-ee56-4e2e-aba7-dc54fdcb8634,spotify_correction,New ID: 2P1id80CMwR5R5cwcyIIAi,2026-02-14T02:18:41.318503
6868,Lilac,30744c12-d630-4169-ba58-b10535df3b7f,spotify_correction,New ID: 3wKV11EdqfY7lFaUeDUEC1,2026-02-14T02:19:01.165071
7580,Clark,5d0c202c-e30f-40c4-abf5-c0007af0d1cc,spotify_ignored,MB suggested zombie profile (Pop: 0 vs Current: 43),2026-02-14T02:19:21.104171
6155,정예인,b5c0209a-2068-4cea-b966-896d4b9e03dd,spotify_correction,New ID: 3mZkPqzEdMYwaKSQSd2lJQ,2026-02-14T02:20:15.448812
5576,Jordan Ward,1592ba81-f73b-4b13-b456-885630a1cfb2,spotify_ignored,MB suggested zombie profile (Pop: 0 vs Current: 61),2026-02-14T02:20:35.549363
11885,Say Sue Me,6533674b-9d30-4328-bdfe-92318e12e53a,spotify_correction,New ID: 1BDOSOfARbnykbe1C0uua5,2026-02-14T02:21:00.562912
25597,Заслуженный коллектив России Академический симфонический оркестр Санкт-Петербургской филармонии,241e0792-a99a-4a97-9eb6-ad88eb748d2f,spotify_correction,New ID: 63PXT1I4LYafsACpVk4B9U,2026-02-14T02:21:46.329505
34942,土岐麻子,0412cd16-5507-4474-86e2-3c94dd1428f2,spotify_correction,New ID: 4VIGlACQnSacU0b1HTLA7y,2026-02-14T02:21:59.456425
20278,福富幸宏,5ae575a5-3c2d-4cbb-9fe5-be806d5946ae,spotify_correction,New ID: 5729XQBBJgLz7FnqTNmLXw,2026-02-14T02:22:12.713593
22018,CRi,1a50f850-7e1e-47f9-85ea-90d150eaebc0,spotify_correction,New ID: 3NaMuUYTIGm6CC3YqTuTvi,2026-02-14T02:22:16.138116
12985,Demoiselle Döner,437d71b5-15b1-4c4b-a938-93684b33ecf9,spotify_correction,New ID: 2GvIWsBE872Dgfo55Yu14W,2026-02-14T02:22:42.005956
8435,Seiren,8f560319-b196-4bb8-8f03-bc9763820940,spotify_correction,New ID: 4gfhlsF2bTM0wS7Y1gvHzL,2026-02-14T02:22:58.638339
12581,데이먼스 이어,1631caa2-b029-4f97-8e22-9708d8dacb0c,spotify_correction,New ID: 2T5KKZuEEudb7alCJ1pCus,2026-02-14T02:23:14.913339
24098,Cavalier,409272f0-5474-4f8c-8229-8b00cd7a72c8,spotify_correction,New ID: 2IwGAkUIwStgnFVH8u1v3o,2026-02-14T02:23:54.438981
10135,River,5fb7b33c-c862-4c7f-95f7-054d81fcb6a3,spotify_correction,New ID: 08oedgngPljnWYeet9T9VS,2026-02-14T02:24:27.517369
11613,Sorry,54d334a9-3ce4-4d51-8452-7e51c5c2ad11,spotify_correction,New ID: 5eUda4BaWhUQWWJiP1ml5v,2026-02-14T02:24:44.039625
35240,remy,73cfc411-f748-4f7c-9301-e8590cde3011,spotify_ignored,MB suggested zombie profile (Pop: 31 vs Current: 50),2026-02-14T02:24:47.746141
4647,CHE,79d5ff17-44ba-4fc6-9df9-2bb903525edf,spotify_ignored,MB suggested zombie profile (Pop: 19 vs Current: 67),2026-02-14T02:25:16.625755
9680,Richard Jacques,c365d5ee-72a7-41ef-994c-d6acba131192,spotify_ignored,MB suggested zombie profile (Pop: 0 vs Current: 46),2026-02-14T02:25:25.745889
29844,三浦透子,65a04ced-4167-46f7-9da1-1e297bdc5a27,spotify_correction,New ID: 5nyjJRg5OdmKDdG2s9qljE,2026-02-14T02:25:27.820821
10625,Kim Sozzi,0d46a2b2-f85c-4271-8ade-2c33d5b2c56b,spotify_ignored,MB suggested zombie profile (Pop: 0 vs Current: 28),2026-02-14T02:25:31.278618
4622,“Brother” Jack McDuff,e0cd33e5-f664-4a21-b7eb-f0b07dd2c1d0,spotify_correction,New ID: 0GX5PlFlvOiEdNvA7YHJzs,2026-02-14T02:26:03.666633
10229,稲泉りん,7d858977-5361-491c-bacf-8cdeb2ebf7c7,spotify_correction,New ID: 0DkuaDPUUG2hMHhUW059oc,2026-02-14T02:26:17.315897
10723,Señoritas,c5032663-c3c2-4a04-a4be-f5d35221dc68,spotify_ignored,MB suggested zombie profile (Pop: 5 vs Current: 31),2026-02-14T02:26:47.699885
21426,Tito Puente,f19ad155-d809-4770-ab8d-7579467d9f55,spotify_ignored,MB suggested zombie profile (Pop: 31 vs Current: 48),2026-02-14T02:29:04.097189
11253,As One,a15ed039-7967-4bf9-b660-7aa89471f9fb,spotify_ignored,MB suggested zombie profile (Pop: 7 vs Current: 30),2026-02-14T02:29:19.337975
14370,Pharrell Williams,149f91ef-1287-46da-9a8e-87fee02f1471,spotify_ignored,MB suggested zombie profile (Pop: 27 vs Current: 79),2026-02-14T02:29:41.928949
8312,False,53b636c0-c87b-4522-8871-dfd1b9f04290,spotify_correction,New ID: 45bQG8vd1yDjmDiSPC23As,2026-02-14T02:33:11.498106
12623,London Symphony Orchestra,38712b4c-0fd4-4c65-8c7a-45676fecc973,spotify_ignored,MB suggested zombie profile (Pop: 9 vs Current: 73),2026-02-14T02:34:31.505601
4699,Marlin,4297bcd1-3d38-4cb7-8534-a58c776fd280,spotify_ignored,MB suggested zombie profile (Pop: 24 vs Current: 30),2026-02-14T02:34:43.431599
7545,Dan Zanes and Friends,9c6f444b-e7b4-4acb-aa3a-5b0e7cb8140a,spotify_correction,New ID: 2iYByRd5wrZXBbmTyrISfC,2026-02-14T02:35:38.522900
28900,Константин Александрович Щербаков,88ec8580-cbdf-4a06-9cf1-2f501391b279,spotify_correction,New ID: 6f4LXqcGifD364sFBKFfoN,2026-02-14T02:36:12.279585
6880,Hakone,e6509931-f6b1-433d-aebe-08cbbda5c942,spotify_ignored,MB suggested zombie profile (Pop: 37 vs Current: 43),2026-02-14T02:36:28.704759
21179,桜庭統,ea809832-657d-4335-b492-1daa3d46a322,spotify_correction,New ID: 1DdhScDGl9AceKnbvgkFgz,2026-02-14T02:37:09.941993
4575,IA,e60d22ee-7e77-44ab-93a0-54f986e112af,spotify_ignored,MB suggested zombie profile (Pop: 10 vs Current: 65),2026-02-14T02:38:31.699015
18726,Pathetic,f054952f-a19e-41ae-af54-0544be738ae0,spotify_correction,New ID: 1wUtnIM66rOLpg70aCDY7f,2026-02-14T02:39:03.468961
32846,Francis,cc2bb9f6-08ed-48b0-a3d6-9d60a64efcda,spotify_ignored,MB suggested zombie profile (Pop: 28 vs Current: 67),2026-02-14T02:40:22.444406
12646,Goose,b925a474-d245-4217-bc13-2e153d82bebb,spotify_ignored,MB suggested zombie profile (Pop: 35 vs Current: 53),2026-02-14T02:41:00.888867
35988,Frank De Vol,35df9aa8-4547-4a5b-9e77-6b9a573e29fa,spotify_correction,New ID: 72BrsxA7krL4YXPpAivx7W,2026-02-14T02:41:39.133295
10276,IONA,07929545-cfb1-417f-9cf7-2fc000797a24,spotify_ignored,MB suggested zombie profile (Pop: 0 vs Current: 22),2026-02-14T02:41:42.615827
12269,강승원,0c84017a-6d59-4781-a0fb-40c9a391ff62,spotify_correction,New ID: 48DsjCcpYJQWi5fulzyuBm,2026-02-14T02:41:57.724509
20475,Olivier Daysoul,3f2824ec-c076-4d91-b3ae-26a771f811ee,spotify_correction,New ID: 4BqZK0MndElggHn7Q6W8Ay,2026-02-14T02:42:53.635049
12648,서현,4c76ba5a-281b-4785-b99f-0c0146f1bac3,spotify_correction,New ID: 5uM1Et50auro2hTS6ZLcmT,2026-02-14T02:43:33.691950
21703,Zoë Blade,103a58c9-e6af-4e96-a7d0-781df510cae6,spotify_correction,New ID: 1n0DcwdF3Vgmh91rezaY3A,2026-02-14T02:44:00.686077
8851,"chromo, the dreamer",56ee44d2-7168-4e4e-b3f1-59eb7938e692,spotify_ignored,MB suggested zombie profile (Pop: 0 vs Current: 27),2026-02-14T02:44:04.077327
30560,Chor der Wiener Staatsoper,c3e80c59-7389-4703-a5a7-fea4f2220e29,spotify_correction,New ID: 6IimpgX9XQY41o0p4EuuHL,2026-02-14T02:44:26.333465
33083,Tuvi,2e918210-f56b-47d2-b062-18a7e52a4c2f,spotify_ignored,MB suggested zombie profile (Pop: 13 vs Current: 21),2026-02-14T02:44:39.423155
11709,ando,0410f167-d16d-479f-a432-fb19372bf3a7,spotify_correction,New ID: 29eHxvdMWhrGc1q8dN0QyY,2026-02-14T02:45:44.286569
5732,初音ミク,130d679a-9a92-4373-8348-0800b6b93a30,spotify_correction,New ID: 0UlXuNuMZiSeVLFjhKQPIP,2026-02-14T02:46:27.247835
7402,イロドリミドリ,bc925ef5-36a3-4b0c-babe-c831f5597823,spotify_correction,New ID: 6hEBUpkr1bm1nnTEEgy1p1,2026-02-14T02:46:53.977074
29013,More in Luv,eaef10a0-1170-4822-af4a-88ba34b610b9,spotify_correction,New ID: 4LR8NxiF5RyX8YwyvglN8P,2026-02-14T02:47:42.980878
26741,박지윤,753159e8-82b6-4dc9-9ecc-454660fc59b3,spotify_correction,New ID: 1iF0bgDBIthP30VjBK3KUO,2026-02-14T02:47:49.777192
10278,peace,33175657-02fa-48bb-b7ad-e62d2675e6a8,spotify_correction,New ID: 5o4nlnlzin0Cc1GIRovq1Q,2026-02-14T02:47:56.233061
28914,BlackWater,ed0d4a70-d3c3-464b-adb2-4ce96c9ab935,spotify_ignored,MB suggested zombie profile (Pop: 0 vs Current: 18),2026-02-14T02:48:12.668246
16274,玉川砂記子,d83b1047-6d4a-4bed-82a4-5a37095117bb,spotify_correction,New ID: 0G0LtwDONO8FJwWIRq4j3w,2026-02-14T02:49:26.670640
20272,김연우,72d9aed3-c30f-4e42-9744-f9d62a5f4e81,spotify_correction,New ID: 4vsTrZ8Y7nKqQM0BJQ6Dvd,2026-02-14T02:49:33.085109
17209,Swizz Beatz,698ff525-ff51-4206-8f08-60a7458aab24,spotify_ignored,MB suggested zombie profile (Pop: 6 vs Current: 64),2026-02-14T02:50:06.196767
21848,Ice,cbd69d75-56ac-4d91-bd78-9d6c3d0d5e54,spotify_ignored,MB suggested zombie profile (Pop: 25 vs Current: 45),2026-02-14T02:50:11.704043
29514,東雲彰人,51c674c1-5d2b-4633-be77-910506cae2d7,spotify_ignored,MB suggested zombie profile (Pop: 0 vs Current: 32),2026-02-14T02:51:03.006176
34435,Lead,a3c939d5-6f63-4b6a-a2f0-ddf8524a98b7,spotify_ignored,MB suggested zombie profile (Pop: 25 vs Current: 51),2026-02-14T02:51:21.770231
12929,soho,f73a2559-f9d8-42aa-9675-594e4c447b09,spotify_correction,New ID: 5rCxM6JMlwyQ3tuds8DqPR,2026-02-14T02:52:22.613298
35235,吉田美奈子,4ee954e7-f20b-46e6-8e7a-972395673e2f,spotify_correction,New ID: 5vYmBw71RC0kABACDCq4Zi,2026-02-14T02:52:32.352338
4574,GUMI,ef46bbef-dba2-46e3-b534-1b44cbddf249,spotify_ignored,MB suggested zombie profile (Pop: 0 vs Current: 51),2026-02-14T02:53:11.825933
11114,シエナ・ウインド・オーケストラ,f18773cc-70b2-44c3-9347-f717ee2fc656,spotify_correction,New ID: 5Djv2wsV90EoXdokJeAeiV,2026-02-14T02:53:27.238291
33198,Olivia Olson,a005866b-b423-4cec-a8f7-63543f35a65e,spotify_ignored,MB suggested zombie profile (Pop: 30 vs Current: 54),2026-02-14T02:53:40.572796
6594,joan,4caad40f-2d6e-4631-b9cd-b0a514e014e7,spotify_correction,New ID: 3HXLY1sNXIxHfulrjPiRf5,2026-02-14T02:53:46.135412
4688,"Now, Now",e3c24e1c-1e43-403b-8407-90c8c4107098,spotify_ignored,MB suggested zombie profile (Pop: 10 vs Current: 39),2026-02-14T02:55:07.837280
29265,関戸剛,72db70a1-f34b-48b9-9829-67785e0cc19f,spotify_correction,New ID: 6rBMzrrnX5xEfFnNEqKmmk,2026-02-14T02:55:13.347640
11109,Seals & Crofts,b0633a9d-b576-4d7c-bb26-e4c6ed2728a9,spotify_correction,New ID: 6jdObwsrIjSRnBbMw6lPBj,2026-02-14T02:56:22.606898
29148,National Symphony Orchestra,1a027fee-9e96-4d07-b424-b6bc7ca65c0a,spotify_ignored,MB suggested zombie profile (Pop: 4 vs Current: 27),2026-02-14T02:56:35.695871
6248,Infraction,2765bb14-f53d-45c2-b4c2-3a8825d0727e,spotify_ignored,MB suggested zombie profile (Pop: 38 vs Current: 42),2026-02-14T02:57:33.600236
12192,AleXa,89d6f478-1eda-42f6-956a-d6d8b7524cc1,spotify_correction,New ID: 4jCGRzuZkwo8CxboiANMEU,2026-02-14T02:57:39.092146
5474,SPEED,36c785b6-4ff1-443e-941d-26106932d6d5,spotify_ignored,MB suggested zombie profile (Pop: 28 vs Current: 43),2026-02-14T02:57:42.511603
20670,Sleep Chamber,a7231026-6552-4a2b-8823-39b283c0f656,spotify_correction,New ID: 0XADfIpkyF3srsCTLSAuC7,2026-02-14T02:57:57.955390
9212,Mora.,d8d2278f-b10d-45cd-9a21-12914cd86f58,spotify_ignored,MB suggested zombie profile (Pop: 8 vs Current: 81),2026-02-14T02:58:49.077546
9500,Michel Béroff,299aabb2-2a87-4501-a99b-07c91ea4a5e0,spotify_correction,New ID: 0S8r1u1D1uOXFJlhbbeTXR,2026-02-14T02:58:54.689397
10115,Kuzo,0f721a5a-6c15-4b4a-88b9-eba5e5a61cf9,spotify_correction,New ID: 2pmR3JVpSxo1VEq4ImMi1h,2026-02-14T02:59:07.951391
12627,杉山清貴,9a28e9a6-f848-4e33-be94-cd84d4a20b92,spotify_correction,New ID: 5Zc8dRhik5WK1nxjzcqwfC,2026-02-14T02:59:38.303195
10174,halberd,80bf51c9-2953-45c4-9b04-a7b2175e4cef,spotify_ignored,MB suggested zombie profile (Pop: 0 vs Current: 41),2026-02-14T02:59:41.686522
19258,Operation: Cliff Clavin,5c18febf-1fab-41d2-9b3d-4dcfdc26308e,spotify_correction,New ID: 1U3dSqVhQlYAv85tMymCPP,2026-02-14T02:59:53.740187
12987,Lewis Taylor,5d825a49-c827-4965-a744-b7fff4e7768b,spotify_ignored,MB suggested zombie profile (Pop: 24 vs Current: 36),2026-02-14T03:00:16.780859
6067,平野義久,079dc691-0456-46ab-921c-8497ed6b7ba0,spotify_correction,New ID: 496DwthDgbHUwWycngajrJ,2026-02-14T03:00:45.120220
24093,Orchestre national de France,5dba6ba9-b79c-4a1e-927e-3862589c112b,spotify_ignored,MB suggested zombie profile (Pop: 12 vs Current: 44),2026-02-14T03:01:14.755280
29611,桐谷遥,d78a214c-7582-449b-8714-f89784324bcc,spotify_ignored,MB suggested zombie profile (Pop: 0 vs Current: 16),2026-02-14T03:01:20.166372
18661,Jermaine Dupri,fb75bc76-a50b-4d3a-b060-63092a4c6bbf,spotify_ignored,MB suggested zombie profile (Pop: 3 vs Current: 58),2026-02-14T03:01:22.831222
7642,소년공화국,0736fc82-af25-4eee-ac3c-0354b873a2ed,spotify_correction,New ID: 0iLbcXKdKfMdqllxqSUhPn,2026-02-14T03:01:44.647497
8500,Symfonický orchester Slovenského rozhlasu,e252741d-8533-4c5d-a6f5-3a3fa3887301,spotify_correction,New ID: 428GNN7qZnTsMaK3SfPo6D,2026-02-14T03:01:57.792051
6379,ALICE,6f86abe5-9211-44ba-b9bd-adbf078a4cc2,spotify_correction,New ID: 1mgzY8CsK8lyJy96tT8bV5,2026-02-14T03:02:04.460269
19456,緒方恵美,e3c8284e-2b88-4497-bd18-96d26966cdae,spotify_correction,New ID: 2j8sQGmlCNu84Hm1KzmUMH,2026-02-14T03:02:20.574744
5944,辻子紀子,79051997-aa72-4c72-8993-33e78fe72668,spotify_correction,New ID: 5zQF5j2eqVXUPMdP8F0ak7,2026-02-14T03:03:29.212118
6815,さおり凛ね,d00ba6b6-5572-4788-9e66-dfb69ac4b26b,spotify_correction,New ID: 522PSJEeYOuPMR3Wh9RVPH,2026-02-14T03:03:32.781698
17419,휘성,17b33b34-a40b-4348-addd-fd806af9b37e,spotify_correction,New ID: 7luxe2wCwtDtkKSP8ZhPLn,2026-02-14T03:03:49.350680
25065,Dayn,a49f6615-1c67-4bd7-bfd4-f577266a6573,spotify_correction,New ID: 6vD9TpXm8ejwngZAZ3AOQX,2026-02-14T03:04:22.544463
22212,Space Cowboy,92f29d03-1d89-42a6-9ea7-ed17bc5d6dc1,spotify_correction,New ID: 7IEs29neldWttflhIzGhCX,2026-02-14T03:04:45.876283
10064,BOBBY,de461f00-89b7-46e2-b6ba-550ef383fb8e,spotify_ignored,MB suggested zombie profile (Pop: 46 vs Current: 65),2026-02-14T03:06:05.304708
34245,Juice Music,6bb85ab9-6516-4e85-bdaf-797455f4dbd3,spotify_correction,New ID: 1oiqHgUyH0H4EPJ8UZhUnB,2026-02-14T03:06:10.723461
18212,ASKA,36fbbbd4-248e-46cd-8d94-b77f809743cb,spotify_correction,New ID: 4Xe7FFX2aXXi3Q5lnfzhUU,2026-02-14T03:06:50.035517
33231,Gabrielle,d55fe7ec-3c7f-44e7-b9cc-b025c4351f70,spotify_correction,New ID: 7rftfGIYEeZ79sLb58ZBDi,2026-02-14T03:07:26.814492
29513,白石杏,cbef12cc-ef79-422c-9a23-b4c19224a1e7,spotify_ignored,MB suggested zombie profile (Pop: 0 vs Current: 23),2026-02-14T03:07:37.006348
25699,The Brave,ef2d47bb-8146-4a9c-a374-b907da86da33,spotify_correction,New ID: 07nyrtO9X26aBUAl6Odu3M,2026-02-14T03:07:39.216534
20404,ESTi,cf63ea5c-aef4-4f1e-99e6-a65b3397b5c4,spotify_ignored,MB suggested zombie profile (Pop: 27 vs Current: 44),2026-02-14T03:07:55.793122
16277,井上和彦,4f839c58-1fd8-4d6e-97c9-215f4403b9cc,spotify_correction,New ID: 35cLQsyCAnwX6qXVY8fafD,2026-02-14T03:08:56.968004
10838,幡谷尚史,c77a7890-dc0e-4c5d-a7b4-96baa462c251,spotify_correction,New ID: 16Zt0banJ38CasAMhXAqBm,2026-02-14T03:09:36.332398
21772,The Movement,d3d767d2-7338-4237-89cb-43836eb15a83,spotify_ignored,MB suggested zombie profile (Pop: 20 vs Current: 57),2026-02-14T03:09:59.271207
34845,The Weather Girls,8bc23f36-2d1e-45c5-ad47-69e402b0923a,spotify_correction,New ID: 19xz1vcuKNjniGEftTOSSH,2026-02-14T03:10:08.432393
5136,Juliette,36c0dd6e-2968-4f68-b092-1050fdf4d675,spotify_correction,New ID: 3fbrQzAVyMSC7oyNHjRO9A,2026-02-14T03:10:15.044676
11822,鏡音リン,e1aa2807-9cdf-412b-a390-2103cfc725ef,spotify_correction,New ID: 50sbi4xBlZS6PS1ggRjAZf,2026-02-14T03:10:48.179561
18522,大野雄二,49b6b461-0e97-4e96-8e5f-b77192ea7762,spotify_correction,New ID: 7xIfi0ePXzLGlYO5lFjnvu,2026-02-14T03:10:55.172609
30996,T‐Pain,ce55e49a-32f4-4757-9849-bf04d06d5fcc,spotify_ignored,MB suggested zombie profile (Pop: 19 vs Current: 79),2026-02-14T03:11:37.709634
19826,Eye Splice,a6fbd9e5-9bf1-47c3-b0b8-2eff189f9d51,spotify_correction,New ID: 1YonYAglnEnOyGtu9Pypca,2026-02-14T03:13:24.400225
8830,Roxby,db4db4d3-5e99-4f64-91b1-89299ccf3c2b,spotify_correction,New ID: 5Ox1oMML9aBKYdLuuhM1v5,2026-02-14T03:13:31.104518
20270,David Measham,7760a05a-5376-435b-a2ea-63f9be479028,spotify_ignored,MB suggested zombie profile (Pop: 9 vs Current: 18),2026-02-14T03:13:47.812888
17866,Saltyk0va,10ed4c69-2d95-47dd-90d5-686329448524,spotify_correction,New ID: 1ojcLgMxnifCYLzBV1fxfs,2026-02-14T03:14:25.191905
7365,Mishaal,9e9c3750-1f90-4abb-a363-2907e728f2ae,spotify_ignored,MB suggested zombie profile (Pop: 13 vs Current: 30),2026-02-14T03:14:35.070872
10787,[Disney],66ea0139-149f-4a0c-8fbf-5ea9ec4a6e49,spotify_correction,New ID: 020SpMW1x8FI4cRRu3lCxz,2026-02-14T03:15:16.532216
12226,buGG,18714cad-27c9-4334-af0b-ff4a44419b12,spotify_correction,New ID: 6ZBENY7A7TdgeCDpkr9Oey,2026-02-14T03:15:32.888694
18444,MELO,77a98968-16a6-4b86-86a4-76cf0bf35906,spotify_correction,New ID: 4FHSjUpacxrQeyXkOyX6hz,2026-02-14T03:16:49.011020
7201,藍井エイル,9e190e5d-3612-43c6-9381-d4972efca5c3,spotify_correction,New ID: 18moNotPmBWa2YZtRnIoZ3,2026-02-14T03:16:55.622324
12145,Mýa,7c5e39c3-7645-4e37-968d-a4e45cd38c5d,spotify_ignored,MB suggested zombie profile (Pop: 36 vs Current: 61),2026-02-14T03:17:44.739503
11414,MARK,1d673024-a339-4b97-9f41-52cdc47498c6,spotify_correction,New ID: 70DFixYAFPv4Pf9kgSfR9O,2026-02-14T03:18:08.097753
6127,Gentlemen,578d8212-f035-4566-a3af-a86ecf20c3bd,spotify_ignored,MB suggested zombie profile (Pop: 0 vs Current: 53),2026-02-14T03:18:18.139046
32101,Christopher Jackson,54838328-cd85-4d04-a741-e65ea1076c90,spotify_ignored,MB suggested zombie profile (Pop: 0 vs Current: 67),2026-02-14T03:18:52.742484
20546,Olli Banjo,b2147fa3-b035-49bb-9f51-595db592f231,spotify_correction,New ID: 52iro9cKM86Z46TVIoir8h,2026-02-14T03:19:40.863711
10274,graves,cb000d61-929f-4e17-9fe3-a154a734acc2,spotify_correction,New ID: 4E69riquObrTmBTVuF1b7B,2026-02-14T03:20:20.085252
18502,오혁,70ed3eab-4f1a-4602-980b-56d5946b9e8b,spotify_correction,New ID: 68TCVp5t1Dxi2TvNuYoYK0,2026-02-14T03:22:28.607064
12797,Jacy,6aed4dc1-091d-4a68-ba90-3256759293aa,spotify_correction,New ID: 7guSXIp8c1TL98OKDfsWCV,2026-02-14T03:23:03.613884
10937,Լորիս Ճգնավորյան,234555f9-e756-474b-b3a7-bb2eed4177af,spotify_correction,New ID: 34d9NkGrQZfP36SEA0ZoZf,2026-02-14T03:23:33.451780
19685,LESKY,ba5aa139-c43e-46ef-80a9-e9b6930d375d,spotify_correction,New ID: 7eMZ8gfgZq14cbSR52vBy6,2026-02-14T03:23:51.563622
8917,Nuance,1fe00724-1fbd-4600-80a5-7d773f4012d1,spotify_correction,New ID: 2YPpY7BEZh6ek12JxUZeBk,2026-02-14T03:25:36.905441
20552,Leslie,d8b5e5ff-3bbc-4a1b-a52c-bf6af0c6a7da,spotify_correction,New ID: 4qtpVWf7iBzWhWOoabaixz,2026-02-14T03:25:46.603747
29275,Kano,2bf3971e-8595-4bd2-aace-8a71c42afb66,spotify_ignored,MB suggested zombie profile (Pop: 5 vs Current: 54),2026-02-14T03:26:06.259270
30790,Большой симфонический оркестр имени П. И. Чайковского,81b70969-a9c0-4fcf-8461-24cf72901368,spotify_correction,New ID: 0QmRkzsD26NuUtPnEzlcaf,2026-02-14T03:26:21.669210
10718,Bert,0c7253e0-5f8d-4107-bec4-c031adede2be,spotify_ignored,MB suggested zombie profile (Pop: 41 vs Current: 47),2026-02-14T03:26:53.111084
18443,IBE,cf27f686-ad95-4b39-b112-a4d705bad9f5,spotify_correction,New ID: 2Pn8JMNrnRnSpNRPPgtiWA,2026-02-14T03:27:35.462922
4662,B Slade,48417062-1aab-4761-bed3-fd24158a9a4f,spotify_correction,New ID: 5kCUi6SWpesUXTdMVdTUqs,2026-02-14T03:28:44.249174
21182,리즈,0cce4ad9-35d3-486e-b325-98b7afc2bce9,spotify_correction,New ID: 2Cl2zS9nttS8xQeCp7zYT1,2026-02-14T03:31:51.617097
12121,Khởi My,43c05e2d-5c81-48d8-9c0b-99b2483c4ed2,spotify_correction,New ID: 41BwyRR0cpLvcEi7bQkMy6,2026-02-14T03:32:40.910432
9621,BABYS,03f34836-af4e-4e6b-92ee-a5858b2059bd,spotify_correction,New ID: 6roocPgVDcsuA9kD3XsPuB,2026-02-14T03:34:11.955586
6646,Marlene,0b71b386-d57c-4f51-ae8b-681357424325,spotify_ignored,MB suggested zombie profile (Pop: 16 vs Current: 23),2026-02-14T03:36:04.138337
16272,関智一,28f54810-3899-49c3-8928-a78b894134b4,spotify_correction,New ID: 0vYqQ3juXmEkm0jmvAPgJY,2026-02-14T03:36:29.273110
9393,PAPA,22af76ed-d596-4539-a6bd-bfd0986e392a,spotify_correction,New ID: 2WQfUqU0HCYbiOA2w9zmBp,2026-02-14T03:36:53.709412
29083,우원재,b22efa02-ca72-4aa7-a81d-838e60dc81c7,spotify_correction,New ID: 5a8EJtOEbUJDF4RX3mKK02,2026-02-14T03:37:18.089349
6472,박진영,039f523f-689a-49be-83c4-bd6fdda61c1f,spotify_correction,New ID: 1TTx0YcbKUtJIZY1HEnh9B,2026-02-14T03:37:24.913221
30699,Владимир Михайлович Юровский,c6dc626c-3122-4255-a8f4-8a7835d0476d,spotify_correction,New ID: 56zD3vlVlbxtkfNPaznQoA,2026-02-14T03:37:37.793973
7337,Sandy H,2eb12561-b7de-4b5c-b4ee-a17f426e43e5,spotify_ignored,MB suggested zombie profile (Pop: 7 vs Current: 34),2026-02-14T03:39:15.374997
25572,윤미래,d2faa4dd-f3fc-4aa9-aa9e-001826d6fdd2,spotify_correction,New ID: 1Do4bSzfUl0KWL9r1fITu0,2026-02-14T03:39:46.985047
18535,早見沙織,7c287fc8-8a14-49fc-8eca-84598834eb1d,spotify_correction,New ID: 32UDgij5Tm7EtyRRCC1JTN,2026-02-14T03:42:41.243648
26749,Flare,3128fbc8-e809-4f9d-ab6e-b0d89658f1fb,spotify_ignored,MB suggested zombie profile (Pop: 0 vs Current: 14),2026-02-14T03:42:44.783602
4549,breeze~,80019b5d-25d1-4186-99b3-85ce676d9632,spotify_correction,New ID: 4NQZbpX2Kc5iQqna5szbEp,2026-02-14T03:43:12.933054
25370,Coop,9ef4cee4-e360-4e31-bf32-1f9b136f2e56,spotify_ignored,MB suggested zombie profile (Pop: 5 vs Current: 33),2026-02-14T03:44:36.752531
23199,Jonathan Powell,e930f3bd-d14f-4664-ba0b-2ab25d170ae3,spotify_ignored,MB suggested zombie profile (Pop: 5 vs Current: 12),2026-02-14T03:44:45.261724
7254,El_txef_a,8c14ffb0-2fb8-49fe-b481-e1c32eefd194,spotify_correction,New ID: 197Z6pwpze41qaOV9w0NQL,2026-02-14T03:45:06.875660
22953,Khujo Goodie,81eb1203-49fa-456b-b138-41193ab179b1,spotify_ignored,MB suggested zombie profile (Pop: 21 vs Current: 32),2026-02-14T03:45:16.845280
34699,FELIX,a49e313b-9fa4-42a4-89cb-c0b7409a3602,spotify_ignored,MB suggested zombie profile (Pop: 47 vs Current: 58),2026-02-14T03:45:41.396737
36038,ガスト,20416ab0-fb1e-4bdb-95c0-fc6ff03df58e,spotify_correction,New ID: 0fasiUFsxh5LQCd5VGSra4,2026-02-14T03:46:21.374841
20616,Varg²™,317d2bdd-51c6-48b9-964a-079207c5160a,spotify_ignored,MB suggested zombie profile (Pop: 0 vs Current: 48),2026-02-14T03:47:14.047535
26758,Kato,f5c5ff87-0130-4ea8-8641-3ff90c52cf51,spotify_ignored,MB suggested zombie profile (Pop: 59 vs Current: 68),2026-02-14T03:48:00.567531
6402,Abstract,7492fd55-ce60-4542-9b89-9184aac976b4,spotify_ignored,MB suggested zombie profile (Pop: 4 vs Current: 41),2026-02-14T03:48:12.564406
19161,Guy Lombardo and His Royal Canadians,02ea8b81-2df1-48a1-a0bd-654ce0f75e76,spotify_correction,New ID: 3KF4BvKWrIeoasn1WTqGpn,2026-02-14T03:48:17.882485
6455,첫사랑,50d6f197-c8ed-4593-a8d6-5183cf2a968e,spotify_correction,New ID: 06MX3Ecb8PHyNFmq8irTWC,2026-02-14T03:49:59.311737
7915,Kidz Bop,31c0df3c-2d23-41d3-a772-ec3cfc3cc625,spotify_correction,New ID: 1Vvvx45Apu6dQqwuZQxtgW,2026-02-14T03:50:19.319177
32704,変態紳士クラブ,a23a7f6f-d1c9-42de-abd4-9e57e1daa8d2,spotify_correction,New ID: 4vN78fN1iEh83Pgaesw2jU,2026-02-14T03:50:32.171649
35659,Flynn Adam Atkins,f63e22fa-ed0f-4414-9afa-3b4455ce5374,spotify_correction,New ID: 0wuwu1UNn5xj50BCvqadOQ,2026-02-14T03:51:44.830101
7740,Scientifik,bb324258-6487-4def-98dc-7f7a1c42718e,spotify_ignored,MB suggested zombie profile (Pop: 2 vs Current: 17),2026-02-14T03:52:25.949749
29880,ざにお,b0c68a95-c453-4d53-8935-d59249789230,spotify_correction,New ID: 2EX3ZmsOQRiwHo0n5cJbfr,2026-02-14T03:52:31.367665
30567,Симфоничен оркестър на Българското национално радио,d33081db-d5b1-4c9f-9ee1-8dc8c00312dd,spotify_correction,New ID: 1WubP2UNTW2QrpKia2aFE0,2026-02-14T03:52:47.518305
12237,巡音ルカ,846fc434-3c94-4992-98c6-14dd1cee1a2a,spotify_correction,New ID: 2gsLZIi7QG77om4UnNis9Z,2026-02-14T03:53:15.255574
12343,sora,9b34cd6a-83ac-4f89-92d8-922fbc028883,spotify_correction,New ID: 40Np2tNvHB0Fcja8H8MZtj,2026-02-14T03:53:28.216756
29832,løla,51ac50db-d5bf-4d56-829f-f5ac77b925b6,spotify_ignored,MB suggested zombie profile (Pop: 0 vs Current: 51),2026-02-14T03:53:41.704646
24415,Euphony,1b096286-aa24-47f0-81ef-f69a37f3fe9f,spotify_correction,New ID: 0DJ1XEpsPsWZxrDuezxUUC,2026-02-14T03:53:43.857267
33687,Kurupt,9034f787-3e79-44fe-89c1-8a082d556eec,spotify_ignored,MB suggested zombie profile (Pop: 0 vs Current: 60),2026-02-14T03:54:14.946190
33807,Sanova,e479e540-0cd6-4d01-acd6-7603fbf1cd17,spotify_ignored,MB suggested zombie profile (Pop: 0 vs Current: 28),2026-02-14T03:55:39.966135
9024,KIRIN,7bd2ae62-f764-4843-9433-35271f280dc1,spotify_correction,New ID: 3dFiM806dnbA7YUIgOHDBc,2026-02-14T03:55:56.858426
34669,최리,da37f5a2-3436-4825-b7dd-1a6e9a82ee33,spotify_correction,New ID: 6mnxRKGlLyELKE7sxMykQC,2026-02-14T03:56:03.454924
21434,Joshua James,5084cdad-e156-4329-bf89-3a49ba8ea79f,spotify_ignored,MB suggested zombie profile (Pop: 0 vs Current: 37),2026-02-14T03:56:50.665734
24349,May’n,990ebd8c-34f1-4083-adaa-475ce7a9a4bf,spotify_correction,New ID: 0JQH8OHvGdooprROP18Wg6,2026-02-14T03:56:55.009058
17178,Joe Scott,4be7dddf-6e53-4671-b786-6368782fca23,spotify_correction,New ID: 118A0TfvSKQD8473ql4C6C,2026-02-14T03:57:14.804562
24343,Bonnie St. Claire,5d7259b9-d1db-46dd-a006-80e848ff820b,spotify_correction,New ID: 26MGiRsKanUmQFBP3zIivF,2026-02-14T03:58:56.581613
16860,Roc Marciano,9b14ef6d-119b-47b8-9d06-fc72901451e2,spotify_ignored,MB suggested zombie profile (Pop: 29 vs Current: 55),2026-02-14T03:59:08.133512
9443,Blu,dc1610f0-2838-46cb-98d7-9b6b073a7408,spotify_ignored,MB suggested zombie profile (Pop: 45 vs Current: 61),2026-02-14T03:59:15.069944
8542,YOU.,5d6848c8-58df-4c84-b560-af876db901d2,spotify_correction,New ID: 5Z8as1VF6NUvNrFxbjdIRd,2026-02-14T03:59:20.407223
25281,Flower,185e96ae-6b47-4e76-a9ea-ea1fd7cfb6d9,spotify_ignored,MB suggested zombie profile (Pop: 42 vs Current: 45),2026-02-14T03:59:28.679983
35391,Conway,a633ebb5-b81a-400f-b5df-0e625ea81fe9,spotify_correction,New ID: 67gqUXxHedeUGDTxwBzdjS,2026-02-14T03:59:41.675266
6913,麻倉もも,76068959-c101-4af9-be03-b2fc03e73081,spotify_correction,New ID: 1JOGWTUQPoSQXniAYcDMKy,2026-02-14T03:59:59.338728
19319,Orange,254aa9dc-2653-4378-b77f-88cf2f8c1cb9,spotify_correction,New ID: 5lAfakPZgxFKgiJD6xAF1G,2026-02-14T04:00:10.610434
26900,CL,b0e50c52-d39e-4693-a9d6-bef208ecdc7b,spotify_correction,New ID: 7xFmeYDPuHCyjQ1wNh1ZLz,2026-02-14T04:00:31.673464
34301,AmaLee,99841426-aee3-4c2f-9dc0-029ee6c12d98,spotify_ignored,MB suggested zombie profile (Pop: 18 vs Current: 56),2026-02-14T04:00:41.827090
6029,渋さ知らズ,41fe9971-83e7-4bb9-a6f7-969b2f465d94,spotify_correction,New ID: 1mQxlCcRScTe8WZ4b6zEP5,2026-02-14T04:01:20.199845
9595,JUNE,7465f0ea-77b0-436e-8986-88ce25bcdd43,spotify_ignored,MB suggested zombie profile (Pop: 31 vs Current: 37),2026-02-14T04:02:05.743130
29612,桃井愛莉,6e4aab06-ac3b-4933-a3af-c2175a705f72,spotify_ignored,MB suggested zombie profile (Pop: 0 vs Current: 21),2026-02-14T04:02:39.922391
13065,Eddie Hardin,7c5691d1-2322-4b6e-a8d4-115b93ffceff,spotify_correction,New ID: 0FDsoHcRHjVqo4c0W5Lqzy,2026-02-14T04:02:45.864875
11369,Anh Ha,57361355-d5a0-458c-be2b-e5e215163d05,spotify_correction,New ID: 6wESj1BtDhTxlEj9AX5NTp,2026-02-14T04:03:05.503577
25142,Koninklijk Concertgebouworkest,ad8260b2-2767-4e9b-9ece-7977fbcedadf,spotify_correction,New ID: 2HqNckz4bPVT37fWkhugTZ,2026-02-14T04:03:15.348899
9899,戸高一生,92465dcb-b0c4-4401-bbd8-634693165b81,spotify_correction,New ID: 2TlipSeFNg53zqUnBwOcAE,2026-02-14T04:05:18.152751
13056,The Lady of Rage,147a3ceb-ebeb-4ce8-96e6-b2b3616dca04,spotify_ignored,MB suggested zombie profile (Pop: 21 vs Current: 40),2026-02-14T04:05:38.223300
8242,Death,5bddb294-e04c-4d8f-b9bb-e3b551802ae4,spotify_ignored,MB suggested zombie profile (Pop: 38 vs Current: 58),2026-02-14T04:06:01.403433
10903,Nabil MJ,4df86595-867d-4a6b-81d1-b07cf61f1850,spotify_correction,New ID: 6J3LsWwD5dl6jx1Hp0Y6YZ,2026-02-14T04:06:07.151319
29194,White Noise Baby Sleep,b2a399bb-19b3-4318-93d4-032bd32684f3,spotify_correction,New ID: 4W12lEvVl5wectUtRNrvDh,2026-02-14T04:06:46.658538
18384,강대성,268b782c-b6c7-41a4-b2ef-36cddd76b6ad,spotify_correction,New ID: 1OQxmfKN9UG5C7nr4MkasO,2026-02-14T04:07:22.156759
12419,이수현,f9462118-b634-4deb-b331-57f15178978c,spotify_correction,New ID: 6zfPiJgoaqNPHsW3fsUlBN,2026-02-14T04:07:29.303054
11711,Robin,18d4078a-8a7e-4b7a-a0d6-de32a3b1f873,spotify_ignored,MB suggested zombie profile (Pop: 0 vs Current: 47),2026-02-14T04:07:59.200154
20696,高見沢俊彦,948a0f7c-bf87-4395-836b-45f7eddf0412,spotify_correction,New ID: 7hK8wnUN4o0ZsqBKQYEBPf,2026-02-14T04:08:15.843638
5778,NCT,9c15986d-ff1f-4d91-9708-f50f7445884f,spotify_ignored,MB suggested zombie profile (Pop: 29 vs Current: 51),2026-02-14T04:08:52.527808
4603,Los Van Van,452d9da4-21a7-44b0-8299-1ec4a8f031ef,spotify_ignored,MB suggested zombie profile (Pop: 38 vs Current: 44),2026-02-14T04:09:04.467922
4657,Inxec,fe593611-69fe-4bb4-9281-ce6ee932f6b5,spotify_correction,New ID: 1stsCjH4vP2aRdIhkxdguc,2026-02-14T04:09:22.762507
12539,和田たけあき,d294121c-6775-4153-ab91-a238c3e80fb2,spotify_ignored,MB suggested zombie profile (Pop: 8 vs Current: 34),2026-02-14T04:10:05.272857
29366,望月穂波,e3aa76a5-315e-4529-be6f-e1a18676c657,spotify_ignored,MB suggested zombie profile (Pop: 0 vs Current: 21),2026-02-14T04:10:23.779195
12361,シートベルツ,b5fb0f1a-2cd4-4759-9d80-648643f70c43,spotify_correction,New ID: 3U3zr5PCRa9ty74uN46iBa,2026-02-14T04:10:25.772208
9165,KHALI,392d0831-dc92-4216-bf05-76ae3cabdfa9,spotify_ignored,MB suggested zombie profile (Pop: 39 vs Current: 81),2026-02-14T04:11:38.939036
4695,幾田りら,55e42264-ef27-49d8-93fd-29f930dc96e4,spotify_correction,New ID: 1qM11R4ylJyQiPJ0DffE9z,2026-02-14T04:12:03.812065
23490,Ty Dolla $ign,7bd66c18-cb33-49aa-9279-140acedbdb49,spotify_ignored,MB suggested zombie profile (Pop: 35 vs Current: 82),2026-02-14T04:12:17.063207
23648,Techno Bert,67a376d6-4d73-41f9-b6b0-f1e0b20fce31,spotify_correction,New ID: 14BtDtXomnSegkWszyCrJZ,2026-02-14T04:12:22.589786
19652,Banks,a53c8c7d-a420-44f1-9c7d-3bd936485570,spotify_correction,New ID: 6L9h5cN2DNOoMqFRgIv7uU,2026-02-14T04:12:26.042468
29607,정진우,52b78a51-4a35-4f95-8019-d98d4d65c344,spotify_correction,New ID: 5uVgoepJHC3fbOohI5gXc4,2026-02-14T04:12:52.795596
6796,Kayou.,5976cc9e-463a-4e61-af3b-820d689739fd,spotify_correction,New ID: 1Yk4DjHKknMGT5tnxb3J0Y,2026-02-14T04:13:26.764748
10184,Wiener Kammerorchester,82e7dbcf-bc8c-40d4-b9a5-b74fcc9c3c49,spotify_correction,New ID: 3LWi3bcHEo2dPoy0S79nIM,2026-02-14T04:13:48.205340
29109,G-YUN,598c02d3-978f-42bd-aa12-27427a831b73,spotify_correction,New ID: 6VCKn1xDNfsGomHvkG5EFF,2026-02-14T04:13:53.186418
32456,Orchestr/a/,eef17fbb-7fad-4561-8a10-1d437f0b8f70,spotify_ignored,MB suggested zombie profile (Pop: 17 vs Current: 45),2026-02-14T04:15:36.013464
6031,オガサワラヒロユキ,ef486c0f-d908-4b02-a055-d3f60ec866b4,spotify_correction,New ID: 68yg6jLmbzqJ0RHiqMoXIa,2026-02-14T04:15:38.044701
26738,矢野顕子,b215b03a-8e0b-48ca-b832-bbbd0db504f0,spotify_correction,New ID: 4edePQHgbrc5h00ChgnQns,2026-02-14T04:16:23.137602
33376,Charles Aznavour,5f264b87-d5f6-487d-aa3e-ae4c5f0c6fc9,spotify_correction,New ID: 0FrERJ5EPQGccofy5X3G9c,2026-02-14T04:16:37.828161
35644,fvo rta,42eec6be-ef28-4f95-8711-318f0c47820a,spotify_ignored,MB suggested zombie profile (Pop: 0 vs Current: 15),2026-02-14T04:17:22.804618
9928,Cheryl Barnes,afd289e4-026a-44d8-a2aa-826f468d017b,spotify_ignored,MB suggested zombie profile (Pop: 0 vs Current: 38),2026-02-14T04:17:41.444141
31670,박우진,df25ea5f-1a4d-4234-a844-41697e0e7f5e,spotify_correction,New ID: 0kS1oLtVdBidgH2aKloRKR,2026-02-14T04:18:14.413918
17179,Laydee V,b96963d7-b3df-4fe4-bd49-54d1dd484668,spotify_correction,New ID: 2O93iilLsvNP9ZsvgSrLVE,2026-02-14T04:18:57.306125
10702,SOLE,ae9814ad-16ea-4727-844a-9260c88eac60,spotify_correction,New ID: 6naXFodImN2DwRmKCQHAUt,2026-02-14T04:19:21.268384
34382,Akin Yai,792cc496-f66a-4d9b-9dfd-e2980d5d3be0,spotify_ignored,MB suggested zombie profile (Pop: 18 vs Current: 23),2026-02-14T04:21:33.802930
9364,A'mari,919d0057-2244-40e2-b314-89a61cb6bec5,spotify_correction,New ID: 0gTag41SzDzolBJKDvm8ww,2026-02-14T04:22:06.983908
11849,cinders,de8e5749-e0dc-4efd-8ebb-e3b395466333,spotify_correction,New ID: 0S6MfM6u0vKuZl0Tjmp89A,2026-02-14T04:24:29.310981
11285,M.Y.M.P.,8492cd5a-43a1-4def-b01c-4c67b1277af9,spotify_correction,New ID: 5elcNQkZ6FCZA3grSOMngY,2026-02-14T04:24:54.445802
14031,Jaques Morelenbaum,d2cca623-b8b4-4a26-9dc1-ecbccd1c33ec,spotify_ignored,MB suggested zombie profile (Pop: 0 vs Current: 48),2026-02-14T04:26:01.494731
7167,Ulrich Pöppelbaum,fda40298-abfc-402a-b3dd-b62a3d9d8a4c,spotify_correction,New ID: 7wNy6y9GA247bbbCPOVxcQ,2026-02-14T04:26:24.622907
5889,赤松和香,8d433429-8cd9-4a20-8f1a-d4393d400fbe,spotify_correction,New ID: 6p9yx9zMI5xDPd5Oh9gPN0,2026-02-14T04:27:12.827539
24565,Robinson,e536f73b-1c17-41fa-864e-0b9fdb74a7cb,spotify_correction,New ID: 352VD5fhV8xzAFcmO7lMwg,2026-02-14T04:28:26.324814
8490,Break,62ce9272-0d54-4ecf-b03b-e7992ae0d320,spotify_ignored,MB suggested zombie profile (Pop: 0 vs Current: 39),2026-02-14T04:30:07.925716
11150,Propaganda,9ad7e479-e9e1-4b4e-9431-da0343739d6c,spotify_correction,New ID: 28yIUgPYZqgJoNZjeBvrHn,2026-02-14T04:30:45.007517
18951,Nori,f49a096d-04f4-4dbf-bfaf-09705bc2c2ee,spotify_correction,New ID: 1ZVchQJoK0CP4PR7bgr2Lo,2026-02-14T04:31:11.875082
27327,Wildchild,ab990391-1d37-4db8-826e-12c1073506c6,spotify_ignored,MB suggested zombie profile (Pop: 4 vs Current: 29),2026-02-14T04:31:29.769538
11400,大沢伸一,3b6abeff-85bc-4415-b1f6-928b22c2ca34,spotify_correction,New ID: 0s9KIyjWtFcsRdKtMECxFp,2026-02-14T04:31:43.490523
25382,Sensi,89931d16-1351-4926-a059-04143c89195f,spotify_correction,New ID: 7zabNkT2Lsxz0mjCkOCcEj,2026-02-14T04:32:24.157902
13169,Ela Orleans,926d46e4-89f8-41c9-8a3f-4e549bc0e859,spotify_ignored,MB suggested zombie profile (Pop: 0 vs Current: 12),2026-02-14T04:32:39.096044
13067,Lil Rain,0bad01f3-516a-4fa6-8278-6f9a2a68e1d3,spotify_ignored,MB suggested zombie profile (Pop: 22 vs Current: 24),2026-02-14T04:33:09.544182
32683,ホテル shampoo,a7353141-6a0e-48d9-a50f-7e4b5d08bf1e,spotify_correction,New ID: 68nuFzrylVYDLjmKpDJ0k6,2026-02-14T04:33:21.232518
19338,ALEX,c78362cb-d6c7-4835-946e-a668682150db,spotify_ignored,MB suggested zombie profile (Pop: 38 vs Current: 75),2026-02-14T04:33:29.393936
8994,swell,795d0450-240a-44d8-8f12-c3264d6b24d0,spotify_correction,New ID: 78xSB1R1x8T6o0QuRaodez,2026-02-14T04:34:17.319416
18795,FERG,8ab5d936-49d1-415e-92c8-151e0e7dd912,spotify_correction,New ID: 5dHt1vcEm9qb8fCyLcB3HL,2026-02-14T04:38:45.549634
31355,ぐるたみん,0dbfd4da-d41f-4129-ba9a-19650c476362,spotify_correction,New ID: 6qdFeAv7W66TO4XwzqVID2,2026-02-14T04:39:49.664930
11183,Narodowa Orkiestra Symfoniczna Polskiego Radia w Katowicach,af262d86-542d-4864-8527-083065166d6c,spotify_correction,New ID: 3PyH7DfyGQDv4iHSwaYKyq,2026-02-14T04:41:37.028586
27088,大谷智哉,ddf9f271-ada4-425a-86ac-7c0a7f06af4f,spotify_correction,New ID: 0TdhLJ5G2ICGuYTlNOeut3,2026-02-14T04:41:48.686234
21621,Owen,6b6a5a5f-b35f-4ab3-817b-2890149ed80d,spotify_correction,New ID: 5rP0axomfqfxm0QavWTdvO,2026-02-14T04:42:01.505717
12180,登坂広臣,04497b09-757c-4e24-ab55-b1110a5aedb3,spotify_correction,New ID: 4lsSLCTKrmfULsRivqAShx,2026-02-14T04:42:04.824567
2630,The Most Beautiful Moment in Life Pt.2,b31260a9-01bb-4821-81bc-002162c99c70,SPOTIFY_ALBUM_ID_CORRECTION,Old: 2ds8iT4wkaN1Q1gZe1qcOD | New: 1k5bJ8l5oL5xxVBVHjil09,2026-02-14T04:42:19.653653
3732,"Butter (Hotter, Sweeter, Cooler)",80a75a1b-0860-4c35-8d3a-4b413b5736fe,SPOTIFY_ALBUM_ID_CORRECTION,Old: 4cmHvSMDrSRe2sLodew8sV | New: 0PBQ3Cp6NG8WX0G9KQVNMP,2026-02-14T04:42:44.328778
2075,Skool Luv Affair,b9a377b1-342b-4626-9197-df54c8bf4e2f,SPOTIFY_ALBUM_ID_CORRECTION,Old: 18S9Qgh2CG9YoB0vvXzby6 | New: 5r35iS0uSSoQBKzQj0IeI3,2026-02-14T04:43:45.436157
1921,SILENT HILL2 (Original Soundtrack),a5e56387-0ee3-4824-9e48-58babcb03363,SPOTIFY_ALBUM_ID_CORRECTION,Old: 37SU6K9WOuYJ5VQQ3UmtKO | New: 5XjZ6xhbPbALPVGd5Zx0Cw,2026-02-14T04:44:33.244868
3539,SMOKE IT OFF! (Mega Mix),65d31414-c0f2-460b-a122-a705da37956e,SPOTIFY_ALBUM_ID_CORRECTION,Old: 64wG1tFqYgXJWByUNfX5qW | New: 4QVkiRbkPGu3KETjFzmf99,2026-02-14T04:51:36.740854
253,Come In,209c0ffd-e449-42f0-a1ad-ae3765c9a89a,SPOTIFY_ALBUM_ID_CORRECTION,Old: 7i8NW72gbhfvCPIKx4RWLN | New: 4R8HdwCNUNd1GxfdP2zqlI,2026-02-14T04:51:49.623497
3233,MADE,e6e35844-7fed-4a7e-91f7-5415e48a6302,SPOTIFY_ALBUM_ID_CORRECTION,Old: 5o5FXfm5ZCOjHR09U6oH5k | New: 2SPrl8C8pgSM5gXbAiyJHY,2026-02-14T04:52:29.996516
2360,TILT,65fefb8b-2f56-4edc-8134-b369d5da770d,SPOTIFY_ALBUM_ID_CORRECTION,Old: 0NzidGgZeCQW934e8LOyYa | New: 7L1HZ74eZ1q2Cgb45UEGMn,2026-02-14T04:53:00.554227
376,Max & Match,e5f8bedb-317b-49f4-a379-65feb81044b2,SPOTIFY_ALBUM_ID_CORRECTION,Old: 552adg4ieMtM0Tu5QjCpDe | New: 6J6hcDzG79Uh0xob2e5J29,2026-02-14T04:54:31.864890
2845,escape FM,5f6d9bcb-741b-4402-b380-45bae7fd6518,SPOTIFY_ALBUM_ID_CORRECTION,Old: 0oSV2gq53C9lsqmzMg0TQ3 | New: 3H7eikiJM70mYwQtaXjsSm,2026-02-14T04:55:49.778091
2382,軌跡,077966c8-5f00-424a-9c10-21fabbb4f399,SPOTIFY_ALBUM_ID_CORRECTION,Old: 3OxKid7cx4H6oTiOcv9jx9 | New: 2Ks8v7ER9B8oDHpLok9som,2026-02-14T05:01:09.160274
6945,SEVENTEEN 1st Mini Album ’17 CARAT’,4c0469f2-fbbe-439f-b65a-646d4a6c68f3,SPOTIFY_ALBUM_ID_CORRECTION,Old: 1EMYSiKKTSKLZrOC2nTStL | New: 0H2K2JrzdvJcxBEPyxC2sl,2026-02-14T05:02:40.050803
2626,Blue,8a11de93-9c89-4c95-8037-b2ba470f2cbe,SPOTIFY_ALBUM_ID_CORRECTION,Old: 5hWisNpBSw9AGfbDL7bZNf | New: 0bEh5oC6EF2aptURAVOeM1,2026-02-14T05:03:21.655624
2296,Worm Rave,bc67289e-8ce0-4141-b242-16cc30bb5698,SPOTIFY_ALBUM_ID_CORRECTION,Old: 2SWWAQv4llmIbcUrZTMTO4 | New: 0cJBd5yzv3QRAddb2bsMrr,2026-02-14T05:03:28.287960
3399,"Hey, Mickey!",9895e245-c70b-4f99-bd58-c98698dceef9,SPOTIFY_ALBUM_ID_CORRECTION,Old: 1Qpd1fT9Vgp2uuuZ533By0 | New: 1kKF2bWhCvSNNmWFqQVFei,2026-02-14T05:04:28.138276
510,Led Zeppelin,9e7f83ef-6d0d-425e-92da-344331bc000c,SPOTIFY_ALBUM_ID_CORRECTION,Old: 1J8QW9qsMLx3staWaHpQmU | New: 3ycjBixZf7S3WpC5WZhhUK,2026-02-14T05:05:21.279783
2195,A sort of Sound Track for U.F.O.,3a30ee74-bfb2-4f49-a79d-2f6492da7879,SPOTIFY_ALBUM_ID_CORRECTION,Old: 12gD7Vv9Iebn6ABPj0MwAr | New: 3WBTnjSIwQTFkIka6MISy2,2026-02-14T05:05:35.671896
5166,Life,f6da21f1-b80d-4417-8b77-14fcc71165a7,SPOTIFY_ALBUM_ID_CORRECTION,Old: 0N0l3JnVMd4hFhS5V2d1iY | New: 5dFInNoXmAlvU2oQ7LWK2h,2026-02-14T05:07:24.111035
1075,Those who throw objects at the crocodiles will be asked to retrieve them,69e083f7-189e-4264-a658-400f1c64648e,SPOTIFY_ALBUM_ID_CORRECTION,Old: 2NYnAb4TkXGHrY8wZ9uZwT | New: 0UCNb6Ydl1d6kefYsJ8zCo,2026-02-14T05:08:42.359045
2865,ghệ remixes của em ơi,9af0d81f-b3b7-4eb2-b1f6-522e5267fb61,SPOTIFY_ALBUM_ID_CORRECTION,Old: 4oKt0kLd6NNfMgtFlBY4lK | New: 3MWqOpdFiwi8qZ9T5BVS5N,2026-02-14T05:09:02.482663
1202,GFRIEND 3rd Mini Album 'SNOWFLAKE',a4643e2e-c346-4d02-b180-d01f2e29d224,SPOTIFY_ALBUM_ID_CORRECTION,Old: 0COnSwFb5qOhABUyWNw6Kp | New: 1kQatXJwulYhEIvotff9D1,2026-02-14T05:09:12.502496
2452,wave 0.01,050c22d5-1f31-4522-8ec8-b07c817284c7,SPOTIFY_ALBUM_ID_CORRECTION,Old: 5KcbhgDwjakD3bKt4wYuee | New: 3adXqPOM585r2bGJOjc5fb,2026-02-14T05:11:38.889785
7582,Winter,a6f1393e-db3f-4f20-8fbd-faee1e2874f8,SPOTIFY_ALBUM_ID_CORRECTION,Old: 5vKJz47rX1KzD8wBsPfOij | New: 0xrAlQfw3MZ5QGhw2NptQt,2026-02-14T05:12:35.031990
3015,10th Anniversary Bad Apple!! feat.nomico PHASE3,b48c366c-e1b4-4b9b-9cac-2dcc4bab9f92,SPOTIFY_ALBUM_ID_CORRECTION,Old: 48kKlY5ZEgtUmyoUnA1BpU | New: 4wNoZOEDwbnG1Y9uUbmpr4,2026-02-14T05:14:34.070491
2555,Alive,5df336dd-5cc1-4ac0-ae88-eced1cca67a2,SPOTIFY_ALBUM_ID_CORRECTION,Old: 2yqj8r2Qzi8706ZXstEiBr | New: 0JzdeLGqbDXPBlDbV4Y0c3,2026-02-14T05:15:44.266742
325,Substance,b0af7464-5985-4504-8ca9-a266164d7737,SPOTIFY_ALBUM_ID_CORRECTION,Old: 6iHuSGy6pq4tNGFV3ZVPtl | New: 6ISUEjkseCd3vRT0yN6A4s,2026-02-14T05:16:08.834543
2089,You Will Never Know Why (2021 Remaster),01bd9e78-c8c8-4f06-a667-64d04bcf3267,SPOTIFY_ALBUM_ID_CORRECTION,Old: 0kmPn6M3cue7rec6Unw6BD | New: 78lIjVFQSSRqO47Pvw1b9M,2026-02-14T05:17:42.313110
3246,LET ME SEE YA MOVE!,5108af3d-16ec-4d06-9c1f-7146e4a6101b,SPOTIFY_ALBUM_ID_CORRECTION,Old: 1qKJSTBYWQMuN4efzNuY2e | New: 3264fH7RgsN1aubvVgT0ny,2026-02-14T05:18:48.910443
1154,Cyber TRANCE presents ayu trance,9c396f82-bce9-401c-908f-70dec469bd42,SPOTIFY_ALBUM_ID_CORRECTION,Old: 21iUOwxIdQmWPmO0RXLXtg | New: 4zq0N5B0pRaMmruSiQJP2S,2026-02-14T05:18:58.899729
6051,Coffee.,9845b331-364d-415f-a1b7-92402169d8f7,SPOTIFY_ALBUM_ID_CORRECTION,Old: 1mLdnwpffHvrqV1xAsjulS | New: 4VWAl2ifdCa6nuDSU3EjVB,2026-02-14T05:20:51.092768
2843,God Race (Temptation Stairway),53040355-981d-43e6-9ed0-2990f60bddc0,SPOTIFY_ALBUM_ID_CORRECTION,Old: 0N3ronQ8Uh7JX67FM2PPjo | New: 1dUV4jyHnrbAsvVi8yvois,2026-02-14T05:21:30.392338
3915,"K.A.R.D Project Vol.2 ""Don't Recall""",f1e63ff0-c9fe-4cbf-b7f9-9e28f5f0ef41,SPOTIFY_ALBUM_ID_CORRECTION,Old: 6PEIt9uqWdF043AB3YrvQj | New: 4wTkdR3v9qFdRuCf2hpBZn,2026-02-14T05:21:41.768973
2451,Go Back 집에,e64f87ee-e399-4313-a50c-f0fe0fdc0e2a,SPOTIFY_ALBUM_ID_CORRECTION,Old: 2sLLoVge1yKRRnMfsSxMoZ | New: 7EsOA8fZOL8R7ufBKzeOy0,2026-02-14T05:23:03.857932
3650,Collabs,dc5f9732-63c3-4d1b-ae5e-bb911bf6139f,SPOTIFY_ALBUM_ID_CORRECTION,Old: 6aisYbBPYInrJwWm7DIWAc | New: 6VxgOQVVFej9Br7fWVVuZi,2026-02-14T05:25:33.430893
2274,Feliz Navidad,c11bbd0f-ff2d-4f54-8ad0-3e5b42f9df83,SPOTIFY_ALBUM_ID_CORRECTION,Old: 7wfPB87pSMtpWE7e7ArNif | New: 3No96PtEFyRfX1oELmZTPu,2026-02-14T05:26:16.615671
508,SMILE! :D,c4cfe4aa-4db1-4edf-b538-23ed4cfb550f,SPOTIFY_ALBUM_ID_CORRECTION,Old: 2iS4pBIiQf4sCTJLZ5n8dy | New: 7qx3Q51nfQvkEHIREiTRCO,2026-02-14T05:27:59.955790
6401,1999,49ff0f61-7f5e-4e2d-8ad8-f6fd72fbf0ca,SPOTIFY_ALBUM_ID_CORRECTION,Old: 49Teqcxp4dOBayTBtR3j5W | New: 5ra51AaWF3iVebyhlZ1aqq,2026-02-14T05:31:13.784486
5340,A Brand New Day (BTS World Original Soundtrack) [Pt. 2],66247c66-0969-42e4-940e-e14a255ffdc7,SPOTIFY_ALBUM_ID_CORRECTION,Old: 7AksZp2xptzhgOaiwJxjkh | New: 2SVMQ9dcWrlZj4vmKBPiE6,2026-02-14T05:31:54.368864
501,Weezer,73698ebd-069e-4bed-9fd6-9b196be45e0d,SPOTIFY_ALBUM_ID_CORRECTION,Old: 6v8wNjiQDhDijoapXXZ9mZ | New: 1xpGyKyV26uPstk1Elgp9Q,2026-02-14T05:38:29.363633
3691,Battle Born,665f7fb3-4055-4a75-8f17-c479f38d0c62,SPOTIFY_ALBUM_ID_CORRECTION,Old: 6P6DYLagXUhE5Qq2l79Ef1 | New: 3bvS3DlTwV35j2qwFhDvxx,2026-02-14T05:39:16.193566
71,Curtis (Expanded Edition),ea533ad4-a6cb-4423-bd5e-e7b26d877b6e,SPOTIFY_ALBUM_ID_CORRECTION,Old: 3tgJmEz0R0ZsRSrpwafp4R | New: 5UrgqZ9IBG3HbF2PGTDKPp,2026-02-14T05:40:50.384339
2203,REAL,798396ca-6354-44c7-829f-52da17de20c1,SPOTIFY_ALBUM_ID_CORRECTION,Old: 79725WrSou2C9RrEUxClUf | New: 4WY1pPvmP9sBlVICuPxBQh,2026-02-14T05:44:08.231595
168,Flash in the Pan,67c12991-8604-4dda-93c5-50dbf71443c7,SPOTIFY_ALBUM_ID_CORRECTION,Old: 5CgiC1Q1hhTpyXWH7w0yDt | New: 7BpRpr4RDjl9TEPkDC1YEd,2026-02-14T05:44:48.613559
2264,the collective soul and unconscious: snowy night,4eb82830-4549-410d-a694-85ff3dea4032,SPOTIFY_ALBUM_ID_CORRECTION,Old: 1wFkvpm5VhzNDNo8xqdBV1 | New: 1ap6RPHOjWoKzxS9B0e3H2,2026-02-14T05:45:45.255297
6160,Ready to Die (The Remaster),0756fea0-10c2-4d4d-afaf-c5e81ae496b4,SPOTIFY_ALBUM_ID_CORRECTION,Old: 2yiX02xQ3Qo2fDXbfEQeS3 | New: 2HTbQ0RHwukKVXAlTmCZP2,2026-02-14T05:47:28.215503
420,Melodrama,85e66fed-b2a3-4d48-9cc4-feff50088f33,SPOTIFY_ALBUM_ID_CORRECTION,Old: 2B87zXm9bOWvAJdkJBTpzF | New: 0RprDFd8KN06rt0jyKXBsC,2026-02-14T05:47:34.925605
306,"Stories From the City, Stories From the Sea",a227a9b1-59e1-43fd-93b5-ecdd85da190c,SPOTIFY_ALBUM_ID_CORRECTION,Old: 0hBWhJEmVyNPG2Jq71CJXz | New: 0aJcoDfyNnVbNnFIDTrgZI,2026-02-14T05:51:21.930363
4847,SEVENTEEN 4th Mini Album ‘Al1’,581c2e99-8b54-4403-834a-8ef22d32420d,SPOTIFY_ALBUM_ID_CORRECTION,Old: 1EMYSiKKTSKLZrOC2nTStL | New: 2BNimvLLlD89e4Sb7ZVX6I,2026-02-14T05:51:25.466634
5583,Rainy Forest,ad479417-7188-488f-9f52-d9707d81c63d,SPOTIFY_ALBUM_ID_CORRECTION,Old: 0Dz7eq4qllb6ayJqRZ8e7j | New: 1RdLixmsSVjmUYySoO9OrS,2026-02-14T05:52:28.400816
2369,青春コンプレックス,c50e1d38-de17-4037-9b65-4dd9e0fffea6,SPOTIFY_ALBUM_ID_CORRECTION,Old: 2i6HcZ86ErsCwxib4T11bk | New: 3yiMrbhmz7rqjTW3AgmG9W,2026-02-14T05:55:47.793370
4199,Animal Crossing (The Roost),abc7a959-3286-43fb-99f1-2c6e90168ff2,SPOTIFY_ALBUM_ID_CORRECTION,Old: 5Xm0wceaJbZmFJjlRGvd44 | New: 099UEQQnm0poKO6wXNobrj,2026-02-14T05:58:29.426170
3047,Views/Octopus EP,f266e036-ddc3-45d7-a1de-ffa7c194420b,SPOTIFY_ALBUM_ID_CORRECTION,Old: 3L4wUhGelZ8wyJ13O1jerU | New: 3B13H5SdKpo7W6No5dwzYS,2026-02-14T06:01:08.343218
5828,Arise,29091644-05f0-4133-9659-47737b5efcfd,SPOTIFY_ALBUM_ID_CORRECTION,Old: 51wOiAp8JQP8HcbaTOYWtf | New: 5AG3JFFhOiKjfHSWEBFrCW,2026-02-14T06:02:58.724328
4241,Merry Christmas,f691ee72-8a81-4fa2-a8b3-1d749668b74b,SPOTIFY_ALBUM_ID_CORRECTION,Old: 7zCvEkPCZcGWa1RHWjo2e0 | New: 7J5mfHYS7ZUcV7YBjawnkc,2026-02-14T06:03:25.760400
251,DON'T TAP THE GLASS,a03e2fb2-2230-4386-a8b8-fcd950fba073,SPOTIFY_ALBUM_ID_CORRECTION,Old: 1jzv3jwZbt8lYfEtMjiD1R | New: 66dOCZnzAEgxWpG8DVjoUv,2026-02-14T06:05:51.505790
5305,Life After Death (2014 Remaster),e40318ab-0fb0-4a0c-b161-cd09fb544238,SPOTIFY_ALBUM_ID_CORRECTION,Old: 6uMVAiciTpTyrQn5QJDPJM | New: 7dRdaGSxgcBdJnrOviQRuB,2026-02-14T06:06:57.673797
6552,SEVENTEEN 5TH MINI ALBUM 'YOU MAKE MY DAY',711cd938-0728-4673-8972-0e6134f57892,SPOTIFY_ALBUM_ID_CORRECTION,Old: 1EMYSiKKTSKLZrOC2nTStL | New: 5VmjGHq779chFVL7dgLbyo,2026-02-14T06:09:01.310169
5276,[Lofi.Bumps],88e19cb2-5a35-4723-82c8-4b39adddfaea,SPOTIFY_ALBUM_ID_CORRECTION,Old: 3sNcg6HEXpJQRGgUYZg3f7 | New: 5Xr4utjbxREIsSSborUVoA,2026-02-14T06:10:08.360290
7874,"Harry Potter and the Deathly Hallows, Pt. 1 (Original Motion Picture Soundtrack)",51a28c87-d3d3-4dca-908a-8c9824847b29,SPOTIFY_ALBUM_ID_CORRECTION,Old: 6s9twOs9wMKOEluU5dkBE0 | New: 1tkE7mAFHRLwrySs5mQzeN,2026-02-14T06:10:28.209343
1747,"Hungarian Dances / Waltzes, Op. 39",75fd88ba-5b5d-4c22-966a-a1a1bc4bc3a5,SPOTIFY_ALBUM_ID_CORRECTION,Old: 1A3rLvHXq18OH9bLGGl5xz | New: 30JPDQFmVwnBN78AVvzXhD,2026-02-14T06:11:28.061817
5289,Cozy Winter,012d47ca-4332-44ba-b7ad-ea3a406ca9a4,SPOTIFY_ALBUM_ID_CORRECTION,Old: 0DqDy8wMAYvjvCcSUs6TMF | New: 5ZxxLKHOyiIQITY5XCkGTF,2026-02-14T06:11:54.978705
5835,Chillhop Essentials Winter 2018,a8d0c918-6271-4a42-bc6c-a04f365b2423,SPOTIFY_ALBUM_ID_CORRECTION,Old: 0NnH7FYcOqLW6ZrK26qDjk | New: 3p2QI0S2Sw9YQpDx0Of8Uo,2026-02-14T06:12:58.759855
3635,"Sleep, Volume 2",10dfbeb0-e9bb-48a6-94af-f8cbe93089fa,SPOTIFY_ALBUM_ID_CORRECTION,Old: 1SucMJQ3IP0lEC7CwZlWsQ | New: 05w4QqFZQKoi3cBGv0RwSf,2026-02-14T06:13:08.955725
3486,this is a love story.,d9fb3268-199e-49b6-98a4-eb84cf68e157,SPOTIFY_ALBUM_ID_CORRECTION,Old: 1Db1uxzcStprB0aPeFECRI | New: 3PB6xYUVNlf9YFriLG0Bfs,2026-02-14T06:14:41.782380
2177,Shell Complex,2c3c27d7-45bc-4a90-8e3a-4d11ee5bead8,SPOTIFY_ALBUM_ID_CORRECTION,Old: 2DvuvLEUbUwr35IXwHVvT9 | New: 32SuHJ59VSip7Lo33pn8J8,2026-02-14T06:15:11.862193
5513,Guidance EP,6baaa11c-5344-461d-9ba1-975b69b9a14e,SPOTIFY_ALBUM_ID_CORRECTION,Old: 2f2rPU1tfQ5QpEz9S0iLZm | New: 0UbgxtLwNFNs1hPUtLUiqU,2026-02-14T06:15:31.928092
690,Magic I Want U,c6c59e06-93c0-4bf7-b928-a3cc5fc10cae,SPOTIFY_ALBUM_ID_CORRECTION,Old: 6eNdafiqQJJmyrXFDoTWiM | New: 7vL60ZRnAY1KU4Az0CenAb,2026-02-14T06:15:55.103898
4293,Dr. Seuss' How The Grinch Stole Christmas! (Original TV Soundtrack),71013014-e946-41f1-b621-f0dd12db1225,SPOTIFY_ALBUM_ID_CORRECTION,Old: 13cUx8LoPoOcG4LEeRBv2q | New: 6P62c1CkC8iNejWXQGegDQ,2026-02-14T06:17:10.816158
5831,It's OK to Cry,7a72d12a-fe28-4cbf-b513-3c8c9d2851c3,SPOTIFY_ALBUM_ID_CORRECTION,Old: 0U1nbx9Tk1b9LN9amhNYmL | New: 6JYNBylklOezoO1cVYglut,2026-02-14T06:19:34.235105
4343,"Glee: The Music, The Christmas Album Vol. 3",ee642bf1-f8a6-4308-8fdb-5a3f56cfa2fb,SPOTIFY_ALBUM_ID_CORRECTION,Old: 4ELVrpXgMqKgutlW08leXU | New: 5msQHy2ZV5LjOdeqbYZl9y,2026-02-14T06:20:44.881960
6217,Moods Vol. 1,41a5efbb-f9b1-42b5-83d3-0e3e0ad831f0,SPOTIFY_ALBUM_ID_CORRECTION,Old: 6R7alqV2uMl70cFvCASCng | New: 2IG3MVBXyRt9qGHdJPSIUW,2026-02-14T06:21:52.131815
2162,Bach: Unaccompanied Cello Suites (Remastered),18f26d33-d641-4088-8cc9-c8bdfc72ee75,SPOTIFY_ALBUM_ID_CORRECTION,Old: 2OpnKgmVYPEN2GldgBponI | New: 5a2UdDyprOzoYLsujaXfw4,2026-02-14T06:22:25.245700
6393,Chillhop Essentials Winter 2016,4d9de931-f042-4cd5-8f52-633e3223d459,SPOTIFY_ALBUM_ID_CORRECTION,Old: 0Gec7sa8MPlj5cW9JbqwEl | New: 57bNPwHszlEe7xhSWG2qvJ,2026-02-14T06:22:35.305632
5820,You're the Dream I Never Wanna Wake Up From,81e3eabb-b349-4302-9c49-5ab562f4743c,SPOTIFY_ALBUM_ID_CORRECTION,Old: 4hjaqGRyvkaUqm2SSA9GKj | New: 0dt8bm2IVdicHi5aqs6guG,2026-02-14T06:22:38.691861
6584,Birdy,a62d5752-8dbc-4efa-aaef-614df3a89b75,SPOTIFY_ALBUM_ID_CORRECTION,Old: 1WGjSVIw0TVfbp5KrOFiP0 | New: 3sGzkurA1fvEFqh73sWCVA,2026-02-14T06:24:08.914818
1733,No Thank You,3f1862a7-251d-4fd0-a5c0-2739b50a9707,SPOTIFY_ALBUM_ID_CORRECTION,Old: 3UNad0WzZmaljsZ6ExHJIm | New: 4fdO6Wf8icaVOXGPInAAYZ,2026-02-14T06:24:12.324635
4144,POPPY (Japanese Ver.),6da65325-c50d-43d3-87b5-d479f04c5b6e,SPOTIFY_ALBUM_ID_CORRECTION,Old: 7GAgQKzoFrEo0ijpW88se8 | New: 5zjvNPacLQjzsBVDxyhuiu,2026-02-14T06:24:18.962179
5212,Soundcloud Joints,4d32be38-62a9-41d0-b710-ca0663ccac55,SPOTIFY_ALBUM_ID_CORRECTION,Old: 2a6bWzopGNFnjFnvlIPdL0 | New: 1g2dDApnxiqaCxsDd6gBce,2026-02-14T06:24:42.028300
4175,Perfect Man - The 5th Album,c66a0ec9-d07e-48ff-a360-79ac7ca775f2,SPOTIFY_ALBUM_ID_CORRECTION,Old: 69Lv2IpuvYd0ccNJR3AOlV | New: 2aQhLvKPE10cl78dvwHJKR,2026-02-14T06:25:44.582121
8145,Lights,a1837788-06f7-40bd-9e21-479e266eaa92,SPOTIFY_ALBUM_ID_CORRECTION,Old: 3duZhvcaoqdNveQYXf9dMV | New: 3hCaynbHVhNwhGCqtxAin4,2026-02-14T06:25:51.407251
4658,The Red Turtle (Original Motion Picture Soundtrack),283b81d3-d2ac-4a70-98e0-2b65a3eb8d3b,SPOTIFY_ALBUM_ID_CORRECTION,Old: 41YFARi0dgf2zmF4eB11RD | New: 7poC5419Q5wD2HzKEKpzk0,2026-02-14T06:27:35.703541
7507,RUSH DIGITAL REPACKAGE “HERO”,b8eec4e8-ec9f-4c94-8c5d-3378d04fb661,SPOTIFY_ALBUM_ID_CORRECTION,Old: 0rsnG5TJ9jv9XuLgri1E77 | New: 0ESTAnvX2zjMBxzesNAiR7,2026-02-14T06:27:49.690832
6609,Chillhop Essentials Spring 2018,fad582bc-fe1d-4ab1-a4f4-2be644ec32c5,SPOTIFY_ALBUM_ID_CORRECTION,Old: 1DwDz6Z2dc2Un71whgwRpk | New: 6IUpPQq0t8DFX6LZ0ZBBiF,2026-02-14T06:29:39.124952
7842,White Blood,8a372f01-424c-4cda-9d8e-3fce6fa32163,SPOTIFY_ALBUM_ID_CORRECTION,Old: 2Axcx8glCEP77uGzvjC3U4 | New: 52ijLDgX9PhW6VJbGkLWKW,2026-02-14T06:30:12.620421
6195,Every Summer (feat. J'san),a2e17700-12e8-449c-b865-f434f1fe269c,SPOTIFY_ALBUM_ID_CORRECTION,Old: 32HW6dnpauCL7fRlfMS59y | New: 4kX0J2KyQKGyZGyLWoYLFR,2026-02-14T06:30:56.375162
3966,Estrelar,9fe898e5-cdc3-4451-beaa-0800b0fb829e,SPOTIFY_ALBUM_ID_CORRECTION,Old: 6k4lVBv7nBjdSRsWdSQ0Pw | New: 5MytgnA4HgDL3C158wLOiO,2026-02-14T06:31:13.205505
2546,UNDERWATER,4bf33527-8ec7-4cd4-87ec-6d71452053ab,SPOTIFY_ALBUM_ID_CORRECTION,Old: 7eoKceXDNWezLg4RXZ2qYM | New: 1vHB7hjcYwAQikxyg8GhXw,2026-02-14T06:31:43.170541
5870,Summertime and the Living's Easier.,af522d45-f78d-4aac-9bba-516f6640c2c8,SPOTIFY_ALBUM_ID_CORRECTION,Old: 54jpEU6GWZmrbmicr1JYCP | New: 6haFy425wmUiuSqUnq57xy,2026-02-14T06:31:46.500465
3659,The Essentials : ihaveaface,60ac1eb1-07a9-49ed-b57e-225033ae3e67,SPOTIFY_ALBUM_ID_CORRECTION,Old: 00PBc4QeFLiSjV9jT52YQj | New: 6uWnVTs3he1mG5Re2opZW7,2026-02-14T06:33:01.104308
3256,CRUSH,269d6f90-c85e-4ab9-8b83-d7540857de75,SPOTIFY_ALBUM_ID_CORRECTION,Old: 1SlMncsYnVpHmPie7KC6HO | New: 4OviNx5CqaeGhARVtHYtDL,2026-02-14T06:33:07.958325
7732,Sunset Lover,e2e7e852-ee16-4c00-b808-1f4ef7f71d58,SPOTIFY_ALBUM_ID_CORRECTION,Old: 4Ky2PpWb26OxNabAMffyBw | New: 4g4YajPnvdkqu5EHkBhH2l,2026-02-14T06:33:35.043803
808,"Ravel: Miroirs, Jeux D'Eau, Pavane Pour Une Infante Défunte",a48ca99b-b21b-49f9-b925-c1d77946835e,SPOTIFY_ALBUM_ID_CORRECTION,Old: 0yuPxlfF0cHwIfSVAIVG6m | New: 7ioTFSNJIuTN8YTKqA7eDF,2026-02-14T06:33:41.726524
4444,THE BOYZ 7TH MINI ALBUM [BE AWARE],c35b13c2-dfb6-4627-8d7d-ccf247cc9bd3,SPOTIFY_ALBUM_ID_CORRECTION,Old: 6D8I9oW0ALsppfPzY9ysXR | New: 1rxSHvDHLjLdz7x8G4Ssy5,2026-02-14T06:33:55.574714
2958,Rước Xuân Về Nhà,5769ba25-a4ef-4f45-8885-08dc1f368b9c,SPOTIFY_ALBUM_ID_CORRECTION,Old: 2qqIsC0q4IJWhNDlJlzxkx | New: 7C3WHnNZ5zcUutPtsB7KjD,2026-02-14T06:34:52.693764
2634,Twicecoaster: Lane 1,73a7bfc7-7be0-4a00-9b94-c15a3e9ea3a1,SPOTIFY_ALBUM_ID_CORRECTION,Old: 6Ib9CGdtxU34pR0Qp60Ht3 | New: 5zQhaDNbiXHRqd8Y51I4vy,2026-02-14T06:35:20.168126
5710,SEOULITE,5e398a3d-fc04-4ca5-a013-49670118383e,SPOTIFY_ALBUM_ID_CORRECTION,Old: 3cGyWEJaQlj7kCdKBCOGeb | New: 2c41Flo2HQgy0A9P3xuSFf,2026-02-14T06:35:23.685478
5888,Oldschool Memories,eaeb92ea-f822-42e5-b2f1-5bb648c116cc,SPOTIFY_ALBUM_ID_CORRECTION,Old: 4KVVvtVBpXWvKCeRAtP1Bq | New: 3wqSFXksEiWwv63uBAq9wa,2026-02-14T06:37:55.353136
3738,Đời Mẹ (Vol. 05),8be9674b-ec92-4ce5-bb6f-52d12fb1e481,SPOTIFY_ALBUM_ID_CORRECTION,Old: 3TcsdrKdJnFsRwfAKZpDd3 | New: 4tR5u9YD9sVX6W3vfdc0zy,2026-02-14T06:38:42.213160
6994,badvertisements,2fe498c5-792a-453d-bb26-0f94aedc0042,SPOTIFY_ALBUM_ID_CORRECTION,Old: 4PTurhjqQiVu8BT0PvBg5w | New: 0SBcRk7L26ySFBEMYWujkB,2026-02-14T06:39:42.513623
5809,last time,007ebef0-10bf-49f9-8997-377d8275a862,SPOTIFY_ALBUM_ID_CORRECTION,Old: 1wfqKqKLb5Qz3kBX31rQMF | New: 3O1OxTRpOMYmAB2Y1eHiTF,2026-02-14T06:40:08.666594
6456,SEVENTEEN 6TH MINI ALBUM 'YOU MADE MY DAWN',9729426d-cb2c-4cf1-b56b-7ecad3117fb0,SPOTIFY_ALBUM_ID_CORRECTION,Old: 1EMYSiKKTSKLZrOC2nTStL | New: 2Ng7FzZoNzpj4z8VRDHyb5,2026-02-14T06:40:55.933845
7355,‘Welcome to the BLOCK’ Repackage,c57a5c0f-eebc-4be4-b5e3-1c73ae4cddcc,SPOTIFY_ALBUM_ID_CORRECTION,Old: 4t2o67D930dQzIB4fzXElW | New: 6keoJJWt7AOZ3jvznOc5om,2026-02-14T06:42:53.513794
3919,Dreamers [Music from the FIFA World Cup Qatar 2022 Official Soundtrack],12ca6f8f-b741-414b-9caf-3ce0cdbc2667,SPOTIFY_ALBUM_ID_CORRECTION,Old: 6GnWToxHfF7hobSYdi5V8u | New: 6id7W6z5SoDbWLf5ajNWdZ,2026-02-14T06:42:56.951030
4875,Savage Love (Laxed - Siren Beat) [BTS Remix],8c95d2ee-1b41-4ebc-98c6-f4dfcc9bcc72,SPOTIFY_ALBUM_ID_CORRECTION,Old: 5O6izFQ2veRaZOcQSyOi4o | New: 3MKzPmcLVNlQdAZxRBnC6c,2026-02-14T06:46:09.968715
8062,Fix You,745378c5-be6e-4500-b507-c50c6e175970,SPOTIFY_ALBUM_ID_CORRECTION,Old: 1skkhQGSj1VljTbaejos3f | New: 4RmkDsXZEoXQz0JhTYDDIh,2026-02-14T06:47:00.647087
4056,girls like me don't cry (remix) ft. MIN,56bb27b1-822d-4415-97f1-9b1fd8b4366f,SPOTIFY_ALBUM_ID_CORRECTION,Old: 6MmW9GNxUJ7rDoGs5xEbOf | New: 5iBm3sjljUuRPNp9711SSV,2026-02-14T06:47:58.008467
7771,Nightmare Before Christmas Special Edition,80e13513-5612-4b34-93fb-0011e5e8894a,SPOTIFY_ALBUM_ID_CORRECTION,Old: 32hXKuDkMnpQaOI67xQj86 | New: 5sxTwXizIVDkg6B1zKW7v4,2026-02-14T06:48:01.360521
5868,First Date,2c438da5-ccb6-4dca-a606-cca45f3e18bd,SPOTIFY_ALBUM_ID_CORRECTION,Old: 6JzTb97r9LykjdjJQ765b9 | New: 1WVlLffCB79Wzs5al77OtW,2026-02-14T06:48:38.063061
1780,The Pains of Being Pure at Heart,4706bbf1-5681-49d4-bb22-51fa7d6f5df6,SPOTIFY_ALBUM_ID_CORRECTION,Old: 014VFkpQp37zfAXRyyZmBq | New: 6xVY1WSU0PGKxMsmhMkOBt,2026-02-14T06:49:11.608514
5605,(What's The Story) Morning Glory? (Deluxe Edition) [Remastered],2addef1b-9ce4-489f-834c-07ce58bf5bb8,SPOTIFY_ALBUM_ID_CORRECTION,Old: 4EYiaCimOb1Li1bnb7ppi6 | New: 6tOe4eAF8xNhEkl9WyvsE4,2026-02-14T06:50:48.469666
2830,"Part of Your World (From ""The Little Mermaid"")",db9a95d4-d7cf-4f05-a518-0600a59d4806,SPOTIFY_ALBUM_ID_CORRECTION,Old: 1cehuxhFNt8Q8Eobacb0YR | New: 3EMZep1DIq4jXgCv7niTW7,2026-02-14T06:51:08.235033
5893,Me and U in a Winter Day,d6c4f927-b36d-46f1-890c-71d287a93684,SPOTIFY_ALBUM_ID_CORRECTION,Old: 5Q0MhtiVersxU294Ab2lgG | New: 16AXEYl7ZZQfaNjsNryRht,2026-02-14T06:51:25.203596
7056,Nature Friend,73ee1eb7-d2de-483c-a780-e1520721679e,SPOTIFY_ALBUM_ID_CORRECTION,Old: 3u4C2zGcBemGoUmkwxp7Go | New: 3FiyVDCKZ4mrWJiyQoppSn,2026-02-14T06:52:42.060431
6199,Don't Be Shy,13a6ba20-a612-4670-8aaa-a315c884b818,SPOTIFY_ALBUM_ID_CORRECTION,Old: 76GRkHYrjfGf8HOSmIZ74J | New: 0uOqrhh1gXuLUoRZVXpBCr,2026-02-14T06:53:45.418468
7521,Mr. Simple,561f8aae-3548-450b-830c-2967fa67e044,SPOTIFY_ALBUM_ID_CORRECTION,Old: 0hPssXwn1WbgYMkINv1Cle | New: 0eouyQPmljivHfUuG5nYBa,2026-02-14T06:54:38.038513
5793,Luv Loop,f6bbab07-7834-4b86-8da6-55fdfbc603da,SPOTIFY_ALBUM_ID_CORRECTION,Old: 2ETS0brjROW5nC0YmoiFs6 | New: 3rSGEUTbRaiAKEKdPLKNCX,2026-02-14T06:55:25.110345
809,Stravinsky: Firebird (The) (Piano Transcription),30aef7da-4428-4fe0-af15-35ffcdf4f810,SPOTIFY_ALBUM_ID_CORRECTION,Old: 4VRJQPDen9UtvGKxTpw60A | New: 4CoPUZFyXH9G0MQF7C7q5l,2026-02-14T06:56:19.074664
7923,May Death Never Stop You,853f9913-c8b8-4d96-be8a-f9a9b1be2285,SPOTIFY_ALBUM_ID_CORRECTION,Old: 1SIpLwZu1R69coxKMH06kw | New: 2viM6TwbpsbtKTZQO1bf1J,2026-02-14T06:56:29.428684
5872,B-Sides,d0c761a7-4322-40f2-b7a8-8198a7b9834c,SPOTIFY_ALBUM_ID_CORRECTION,Old: 1TLmA8rbD0MebcvBiQH63I | New: 1OuW2b1FEbH4tZPhBX3wOT,2026-02-14T06:57:16.435520
6198,Suns,da375cfa-939d-4ef6-9511-3f5ceb9a7801,SPOTIFY_ALBUM_ID_CORRECTION,Old: 7lxL2HwkcRlSHFkqz4cTKf | New: 59FYaxrHxC2e24BgNJF062,2026-02-14T06:58:42.188297
1388,Death & Romance,6b56ece7-ff38-46ed-adf5-6d20af510aca,SPOTIFY_ALBUM_ID_CORRECTION,Old: 51g8P7ai5xyj970iIdmMFz | New: 6BwhtAMHwhicqmOcXF7I5z,2026-02-14T06:59:39.463208
6244,I've Been Good,35efe26c-afa2-46fe-98f1-2f47a5fbee88,SPOTIFY_ALBUM_ID_CORRECTION,Old: 1Tfyo958SJl9L8OrOx2BtW | New: 7MAaGMtcxuJf2uJj5T1V55,2026-02-14T06:59:42.790944
8004,"PTX, Vol. 2",86307914-6835-4720-bf21-74c0cad0df61,SPOTIFY_ALBUM_ID_CORRECTION,Old: 6Y9q4zhtTXkLNav1dDawaa | New: 12dPqNFIdjiVFSHvtsDmzJ,2026-02-14T07:01:23.564904
7044,Beentrill,f780341e-3772-4fbc-955f-2da46b51910d,SPOTIFY_ALBUM_ID_CORRECTION,Old: 0vDA6oYajlvp9YqkhNBoXA | New: 26iomIRqL35QWNpjGTTLDS,2026-02-14T07:02:40.211461
6346,"Moonlovers - Scarlet Heart Ryeo (Original Television Soundtrack), Pt. 2",f9b8e9cc-a45d-4389-9a97-fcf05d5fbf33,SPOTIFY_ALBUM_ID_CORRECTION,Old: 68xTLBWjoRADRf86WYmTmy | New: 78leBSYzLwn705oFe2psHe,2026-02-14T07:05:56.222279
8450,Now,98d8b443-cabe-4701-820a-b417f07356ee,SPOTIFY_ALBUM_ID_CORRECTION,Old: 2N7SnrZaWVanoJEvGKpcp1 | New: 2lzfXDmAAnFTwAHNc759Rz,2026-02-14T07:06:03.052137
2081,Pop 2,5414958b-12e2-4a6e-b335-26002cd8bdee,SPOTIFY_ALBUM_ID_CORRECTION,Old: 2HIwUmdxEl7SeWa1ndH5wC | New: 7Mu8tuC4yPZAcU5EL9d15k,2026-02-14T07:07:09.579746
4274,Frozen 2 (Original Motion Picture Soundtrack/Deluxe Edition),f8b3c1b6-f138-48ae-a50d-1f594ac58841,SPOTIFY_ALBUM_ID_CORRECTION,Old: 4M07HWIlZr7zoXoxDHR5mz | New: 0GdpUhUH6AblwtXZCRT8uH,2026-02-14T07:08:36.185438
1785,Cheerleader,c9e486b5-3ff3-4397-b24b-0a966dbad060,SPOTIFY_ALBUM_ID_CORRECTION,Old: 0KdbNiljxzEMCwkVJS0wzI | New: 26B0dnjxJSexFdK2UO4sN3,2026-02-14T07:11:51.322160
7040,BLUE,d3209686-07bd-4fb3-8cbb-e77845a100c8,SPOTIFY_ALBUM_ID_CORRECTION,Old: 2VACCvHYTjQjMKfpOS67XQ | New: 1GVAs7qDc3sxOCz1djlTak,2026-02-14T07:13:09.396731
2126,The Moon And The Melodies,75ea2f28-4e90-431d-89be-65e8b86d528c,SPOTIFY_ALBUM_ID_CORRECTION,Old: 5v2I3i4RPD8T1XV0pjvPNo | New: 3qEiWhSF2HO1NhVJVsGyZm,2026-02-14T07:16:25.727844
6156,Fireflies,b40c0111-1954-476e-995f-88acff18fbea,SPOTIFY_ALBUM_ID_CORRECTION,Old: 2IFdONCnglck5ZLUc8KVfd | New: 2cuBk5s4T9wKbM7yD7gIKN,2026-02-14T07:16:49.235926
2993,masquerade,17c77084-19bc-4a39-aed0-eb8cc0b32405,SPOTIFY_ALBUM_ID_CORRECTION,Old: 1hfRW8Q9CbSzVaKCbaFMxB | New: 75pEi3CTFA4uFOrKqPgkep,2026-02-14T07:21:28.842715
4311,UNNATURAL,3356c4c7-0df6-44c2-99bb-84127a959297,SPOTIFY_ALBUM_ID_CORRECTION,Old: 0uD1Chx5ZsnZM4kS8yK0S8 | New: 7wVx5ZgeL8gxRlq94zxH7i,2026-02-14T07:24:18.969165
1449,Tunnel Vision,05d40fb0-bcb1-499a-955c-0f8d95a5e94e,SPOTIFY_ALBUM_ID_CORRECTION,Old: 3eKAjVRIp7iXWVEIvAkg10 | New: 64DewrkYQknEDfrEzVQJTA,2026-02-14T07:25:16.189121
845,"Featuring ""Birds""",6fd1245f-14ee-351e-b5cd-a947bce9aae8,SPOTIFY_ALBUM_ID_CORRECTION,Old: 7tAnCo8qn6xIRkcDs3FEUQ | New: 1TxjtAdPrG5qfz24FO9lnR,2026-02-14T07:26:40.154951
5426,Dreamscape,f6b4f7a1-c930-4e9a-b63f-a86fc2dfce29,SPOTIFY_ALBUM_ID_CORRECTION,Old: 0AiHiMJraR0r7591wmXPg5 | New: 2Xtomd4wRfbfbQANkgMMOl,2026-02-14T07:27:56.771804
2823,Dvorak - New World Symphony,3da13b17-3bf6-4dbe-9688-3ac083432525,SPOTIFY_ALBUM_ID_CORRECTION,Old: 0CLnqv8sf1cX0i8R1IXhGM | New: 1PEDU5HOBSmI2H4bhMxe00,2026-02-14T07:28:41.544201
6135,sunny,a3b95708-a507-42d3-929a-25b73f4d9b04,SPOTIFY_ALBUM_ID_CORRECTION,Old: 1aJys6ueJUxPYrnPOCFK5q | New: 48NHI8hm2znp2gGp22FKdU,2026-02-14T07:29:01.307202
5958,Barely Awake,f1936ae9-a9b3-464e-8041-a69a579e192b,SPOTIFY_ALBUM_ID_CORRECTION,Old: 2IqVLWp39u53S7uGsZNVcV | New: 37C4N6k2ceeo9Jx5BDPMjS,2026-02-14T07:29:04.692722
6204,a cup of lofi #2,6f3536b4-c5c7-4df8-93e5-a090aacf658f,SPOTIFY_ALBUM_ID_CORRECTION,Old: 5AEpNGfMNxzo06YZfpNznJ | New: 5rDGAvpKKg3zj0iab9ZbMf,2026-02-14T07:29:34.034958
1732,Sundress,66d899d2-807d-441f-bb9b-015890109cf7,SPOTIFY_ALBUM_ID_CORRECTION,Old: 3AlyvIIMZyT5LjWFeK5LSl | New: 6TlmemKiRPS6uxpOPug4Pk,2026-02-14T07:33:59.444421
1141,JRJRJR,42946838-2700-4f16-b689-de97a52f293f,SPOTIFY_ALBUM_ID_CORRECTION,Old: 1rknl8JliYRRZJjs6yhsDF | New: 3GoXvlp6ZGca0Ko7KXHqGi,2026-02-14T07:34:19.109423
5802,Rest Easy,c082389c-dfd5-4832-9c6c-90b8b09d31df,SPOTIFY_ALBUM_ID_CORRECTION,Old: 5HbDE6DnHrzQer61bDsDAE | New: 7AiIWPwohj5qeANzUHZz3e,2026-02-14T07:34:25.825259
5734,Green Leaves,4b99afb1-e1cd-4dd3-a281-00c80bd8f556,SPOTIFY_ALBUM_ID_CORRECTION,Old: 3e8xCK3NNEhRjsO2AxN9kk | New: 00GpFBA3tadyZvEWMTBwXC,2026-02-14T07:35:22.374236
6278,Summer,86fc1c84-3551-437f-9dfe-6760178a7ca3,SPOTIFY_ALBUM_ID_CORRECTION,Old: 6guO0IaT30pU4uRmNErIQL | New: 1abNGnCmIGDI8JU0irdH9n,2026-02-14T07:35:32.233085
6460,GFRIEND The 4th Mini Album 'THE AWAKENING',85a6aecd-ad83-4f9f-ada1-53a6b12b74ba,SPOTIFY_ALBUM_ID_CORRECTION,Old: 07k2NS0FIQ4k5INfXqa0AF | New: 7zFJ9F99pux1YYEMcFTdmz,2026-02-14T07:37:21.650087
6221,Quiet Dreams of Crowns and Metamorphosis,a6c83223-5d71-494e-88da-a81264007274,SPOTIFY_ALBUM_ID_CORRECTION,Old: 30QcATTfSTxwjEbbTyRqVc | New: 1ySgdlwzVZSd0aDc6ke1XB,2026-02-14T07:39:26.219895
3704,peace of mind,5c3ff204-62f4-4f7a-b951-f0741af71006,SPOTIFY_ALBUM_ID_CORRECTION,Old: 7pXSOUW6xr2hbhKWgwTja5 | New: 7ujAdpKOB3htzx26FuLNXn,2026-02-14T07:39:49.770498
6581,Tchaikovsky: Piano Concertos Nos. 1 and 3,cc1a21e2-2344-45e0-9d67-c9e7fcc13907,SPOTIFY_ALBUM_ID_CORRECTION,Old: 1Na4NttLsvCghzIqFHqCp5 | New: 4zvw9lmnDW4BqaiZJcunpT,2026-02-14T07:42:07.183723
3133,Sky Pretty,8689286f-d877-4ff0-bdb9-5d8b9857a192,SPOTIFY_ALBUM_ID_CORRECTION,Old: 5zW3QBCtArnoYNr8bdHIZD | New: 2cpmpOgTTSMVUczQazPFdu,2026-02-14T07:42:37.656464
6339,"Prison Playbook (Original Television Soundtrack), Pt. 5",90e83c70-049b-4639-bb0a-c7a3b4d302e7,SPOTIFY_ALBUM_ID_CORRECTION,Old: 1rpqtEF714fQm37SHwmDIr | New: 6xeWiYYXFxXEShuCX5hx0a,2026-02-14T07:43:16.952853
3772,Motivation Jersey Club,09e7f7cd-09c1-4acc-9a66-b3406c0f606e,SPOTIFY_ALBUM_ID_CORRECTION,Old: 28IgopafgZGNCYusCwiSPT | New: 1FqaWYrvtRMFCMLcs92AAG,2026-02-14T07:43:40.940255
3267,Planet Her,1a3e39b4-562a-43d4-ac12-b1bf466abb11,SPOTIFY_ALBUM_ID_CORRECTION,Old: 1nAQbHeOWTfQzbOoFrvndW | New: 4yBOVyQv3IdSptKDx4wL1d,2026-02-14T07:46:16.821354
5119,久石譲～ギターソロ・アレンジ,5d505ef5-c860-40af-ae16-c42c50ea2e3e,SPOTIFY_ALBUM_ID_CORRECTION,Old: 3bu3d8RyVsXNpL8LLLvpep | New: 4QlD1JK1QTLGKoCeBrYsaa,2026-02-14T07:46:47.029766
6662,New Day,5fdae183-fa80-4827-83a2-dd13f0fcb3e1,SPOTIFY_ALBUM_ID_CORRECTION,Old: 2RYMdXk0MOtdZW5A137gBl | New: 5spNCkH0BMWTqGLTjLFFs5,2026-02-14T07:47:56.344205
6374,winter hut,3e824ebb-9193-4399-9df3-7c011d9e812e,SPOTIFY_ALBUM_ID_CORRECTION,Old: 05L9Pg6JNFJmXVqwVRpNdl | New: 6ndCy3V4ZLpcYNTMFXR7Us,2026-02-14T07:48:46.069829
6483,Chillhop Essentials Summer 2018,118c8918-2fe0-46af-8839-6a8a3c171cdc,SPOTIFY_ALBUM_ID_CORRECTION,Old: 2YvRkxlqhH67oyLI0xC1mM | New: 0b90GNWi2CpiAUur9zEdlN,2026-02-14T07:50:13.383058
6074,Chillhop Essentials Fall 2019,f6556ff9-3012-41e7-be5e-9b012fa74068,SPOTIFY_ALBUM_ID_CORRECTION,Old: 7FT72STwdc95VCzdOVeZn4 | New: 24l1TIm5TV6xnOotTLam6I,2026-02-14T07:51:02.985147
6953,Camp Rock,b9e1155a-7e51-458e-97fe-bceeb1568f15,SPOTIFY_ALBUM_ID_CORRECTION,Old: 1v1i6nqVmLWXKv2a7ByqxJ | New: 3V1p9HW952la7Colq4yI6V,2026-02-14T07:51:30.213330
2949,Sunset Demo,87993a58-577e-47c4-ab4b-7de8e006f0bf,SPOTIFY_ALBUM_ID_CORRECTION,Old: 2qcrQpe4sACbXyzCDJ9Lhn | New: 4p5ecOokNf3x7KZuU7fKui,2026-02-14T07:51:43.839858
6092,"Hip Dozer, Vol. 3",63fa00a3-ddca-49f5-9112-48242e23f2f1,SPOTIFY_ALBUM_ID_CORRECTION,Old: 2iusiYOu2LBcsJQK8Vn1wG | New: 0KoSsP5po1jU95aGj4g14j,2026-02-14T07:52:44.031581
6500,On This Winter's Night,69c22a58-a2e7-4b5e-a33c-c223ba765ef1,SPOTIFY_ALBUM_ID_CORRECTION,Old: 2b36acHD0MJvIT82Zoc6tV | New: 6ww6efJkv3ytQfbEyMosPu,2026-02-14T07:55:16.200625
4200,Strawberry,2cedafad-e98a-4703-a779-b4edf4a2eb01,SPOTIFY_ALBUM_ID_CORRECTION,Old: 5xVg7wCtd4pDp51WmEsBQe | New: 1lwrFqees3V3LNYkQUVdjQ,2026-02-14T07:56:03.046196
5889,喫茶店,90312b5a-58e6-4fcc-83b4-3aa2f5e6e644,SPOTIFY_ALBUM_ID_CORRECTION,Old: 45pLAvywSbBtzlJy0UNk4a | New: 45FARqBv5O6b7Rj0n9inXB,2026-02-14T07:56:06.409761
6358,Moonlight and Blueberries,48244508-2736-4594-8cb4-962e73516063,SPOTIFY_ALBUM_ID_CORRECTION,Old: 5iXzKpwsXpu363x0Izu5p6 | New: 4cGVrvrkWriQpXdaIIkniF,2026-02-14T08:00:08.094889
2108,"SIBELIUS: Piano Music, Vol. 4",948cb809-f8db-4c89-9f6c-50df16b5c216,SPOTIFY_ALBUM_ID_CORRECTION,Old: 3MgjHlb8cVrz1XRhZlqIXF | New: 0oIZgAMLpbg3R8gQkry4bV,2026-02-14T08:01:07.781413
2159,Anytime Anywhere,76d44bb1-f4dc-4668-a401-5daf04f6d5ae,SPOTIFY_ALBUM_ID_CORRECTION,Old: 0yiK7Xlg6Fbhn7UtxrWzxa | New: 66OrMbPN4equuw2hHbjA1X,2026-02-14T08:01:47.660913
7826,Die In a Fire,ddca8a5f-8217-4be3-b543-c86369b1c617,SPOTIFY_ALBUM_ID_CORRECTION,Old: 6WSiuu95XuXlVryhuDy4Ub | New: 3JWnro5huLrn5IuVVMPy43,2026-02-14T08:02:00.758755
892,Air Guitar,f977cad9-cf89-4970-a1df-f686e7e0605e,SPOTIFY_ALBUM_ID_CORRECTION,Old: 5jsp54tvHgC19kstd5Kp42 | New: 0KZcDNYKaKv4mq93fIUDau,2026-02-14T08:03:28.084645
5905,sleeep.,d6622017-768c-4cf8-abf0-6f0790da5baf,SPOTIFY_ALBUM_ID_CORRECTION,Old: 2XyRqW8THZkEnfglwE00u6 | New: 0taD08vtDsNfaqUALTjDBh,2026-02-14T08:04:05.304688
3466,紅蓮華,1f8e374b-ed16-40c2-9913-eb9c0cf52e98,SPOTIFY_ALBUM_ID_CORRECTION,Old: 29HFXP2q5ixW557hc55McT | New: 03dTdtI7lVRiD2D3D9R4Be,2026-02-14T08:04:47.105717
7113,Fatigue,0d480824-ed0f-4940-8fc5-2a51475fe8bb,SPOTIFY_ALBUM_ID_CORRECTION,Old: 03VdhQTEKxk1Ae0etvRWRg | New: 5zA18c3bGlv1V2Jwi2Qxm6,2026-02-14T08:05:27.510977
2613,ЛЮБОВНИК_*2222*LOVESS,d96bf23f-3508-4be8-a011-6c72e96673fd,SPOTIFY_ALBUM_ID_CORRECTION,Old: 4g8GxkZTQp6aJgYPmHK3DY | New: 5X9EACINQIt8GdgZWwtdzV,2026-02-14T08:05:53.822212
5995,Dezembro,cff7ac0a-3630-46a1-ada6-511730ea6152,SPOTIFY_ALBUM_ID_CORRECTION,Old: 1D4pDbcKhc0sfUCLjhLyTq | New: 7ppiknIKpaByZk6qrdYyGy,2026-02-14T08:06:20.527383
5957,Those Days,a5e40fcd-c63a-427d-8c41-0dbcf29bfcd4,SPOTIFY_ALBUM_ID_CORRECTION,Old: 18jNTUTb1YLA5uc429arV7 | New: 1sChEyR3qzaJhj8CwHtuB8,2026-02-14T08:06:47.316645
6111,Restless,ce77b15f-89ed-4341-bf88-b798a4a539b3,SPOTIFY_ALBUM_ID_CORRECTION,Old: 0r6IUawWoAsWUK319imkPb | New: 6RW3Ojo8nblL6IXqDl5lCS,2026-02-14T08:07:21.166681
5371,Calm Waves,17fe0b71-e866-4213-b177-b3c0fcdbecbd,SPOTIFY_ALBUM_ID_CORRECTION,Old: 5EjcfLdCReo5yRWLhtrpKo | New: 5R6FeLzXf8bUKgHwspP9xs,2026-02-14T08:08:50.113267
2954,Honey Tea,bf0c8200-7eed-4e44-a196-e474a619419a,SPOTIFY_ALBUM_ID_CORRECTION,Old: 4vWJjTl7oF8HzP87GMnmyI | New: 528zNiInEdEIjUoqQzEtsS,2026-02-14T08:09:20.036602
6298,Life Is Beauty Full,30c4e771-5100-4cb3-a633-09f99d911b33,SPOTIFY_ALBUM_ID_CORRECTION,Old: 5lshjKXIJpLqUW3JWsT304 | New: 2iK4x7HvCgCguw6wRt06ya,2026-02-14T08:13:00.432999
5720,"JONGHYUN The Collection ""Story Op.2""",e38c067b-4df8-432a-98de-c72b5674ef06,SPOTIFY_ALBUM_ID_CORRECTION,Old: 3eHhVAhT8uCrEPlZywai3o | New: 6tYoidZViVVzSXG4jKEmNd,2026-02-14T08:13:20.555529
6566,Tchaikovsky: Concerto No. 1/Rachmaninoff: Concerto No. 2,da73bf62-8d3f-4fa4-a54b-fdb8717495c5,SPOTIFY_ALBUM_ID_CORRECTION,Old: 5kBgA8jDaeb1VHUheup53y | New: 19N5k9WL3W374TBd9Kc4QK,2026-02-14T08:13:27.481412
4974,BUBBLE TEA,f471c306-bc0e-47a0-b7d9-c0103f30990d,SPOTIFY_ALBUM_ID_CORRECTION,Old: 0H2PoDHH69u84s8yhWtjtD | New: 5nenT3DUd3kZ2CQNLI0Uha,2026-02-14T08:13:53.967892
4650,"Kamado Tanjiro no Uta (From ""Demon Slayer: Kimetsu no Yaiba"") [Piano Solo]",e25258b7-68fb-4d96-8c3b-390fac7fdec2,SPOTIFY_ALBUM_ID_CORRECTION,Old: 0yYnJIuz0CY0E2nfSu0Fxg | New: 2DlNfTx7eqO5DNRBK5cf6t,2026-02-14T08:14:00.711752
3959,tell em,5f56772f-d459-4446-9b64-60987e7fd55f,SPOTIFY_ALBUM_ID_CORRECTION,Old: 1QTvYHciUYg32W3WEK7FYv | New: 5Ogr7vhmhcQek5epDNPQFr,2026-02-14T08:15:15.224403
6470,What is Love?,39c0b910-7312-4e31-bb03-544e83d91999,SPOTIFY_ALBUM_ID_CORRECTION,Old: 5KJJzglyJxgW2i3zLN8za7 | New: 5o5cJ6yZmcyy4y4hK0J6de,2026-02-14T08:16:13.229064
6131,"'91 Bimmer, Pt.1",e2e749af-b44d-49dc-9fd3-1e54f64ae55d,SPOTIFY_ALBUM_ID_CORRECTION,Old: 4PXJG7O9BGJ4PXr401voyh | New: 1KVAJttpTBzSSQTox4Fhjs,2026-02-14T08:17:00.982032
4791,Losing You,2a2f149f-2ee5-45f2-b46e-81b66930a347,SPOTIFY_ALBUM_ID_CORRECTION,Old: 2pA5upussFvf8eQoMUATmI | New: 3TOsznN8p731IOyFoohQ4a,2026-02-14T08:19:04.855287
7174,WONDERLAND (Korean Version),70963685-729c-49d5-aef9-7e203e8349a1,SPOTIFY_ALBUM_ID_CORRECTION,Old: 259m6JLHAcHeTDvFK9DhhT | New: 5KNF8Gjiha5amJXLPvoBBV,2026-02-14T08:19:08.397370
6055,blossom,0683e74d-11ad-4782-b33d-4a84d0530b21,SPOTIFY_ALBUM_ID_CORRECTION,Old: 47UoK30gusrImxL5b8NftU | New: 6p2sKBAIE5VseIpl40MlfB,2026-02-14T08:20:13.210584
6639,Pitts,3d31c2d5-abfe-465a-bd5b-131dda823fe3,SPOTIFY_ALBUM_ID_CORRECTION,Old: 0U1nbx9Tk1b9LN9amhNYmL | New: 4n6ACHDe7MbPUCQW03tdXg,2026-02-14T08:22:50.171472
2216,Another Secret,54f004c1-f214-4602-9bf6-322538a8d4cb,SPOTIFY_ALBUM_ID_CORRECTION,Old: 7qRTxfrH3dQ4camvRDNgUP | New: 5cf8zpHi34e1r4USEnS3hO,2026-02-14T08:23:07.067498
1088,Dancing with your eyes closed,63fa0441-f408-4566-bf42-12f71189954e,SPOTIFY_ALBUM_ID_CORRECTION,Old: 56bYgJoNy2rzmrjJQnmoJy | New: 5X8GRKyOPJ7QMbdvmea7S4,2026-02-14T08:23:49.970922
2913,Kill Your Darling,c3c30474-a133-4646-a349-fd9df43b401e,SPOTIFY_ALBUM_ID_CORRECTION,Old: 0hr9Ut5vbeTUMjakNQwen9 | New: 7jq8GojtYt1JSvS1rNPzbd,2026-02-14T08:24:49.451548
6022,Words,3a5b16d7-e52b-4712-a2b0-100ab6dff1a6,SPOTIFY_ALBUM_ID_CORRECTION,Old: 5roQWZIyXW8Aqy9Xm24tlP | New: 4ismWlA5Dg7taLuHjy9MPC,2026-02-14T08:25:06.298355
4805,Ooh Ooh,907a4e58-2533-4204-a97e-98ecdbf46b2c,SPOTIFY_ALBUM_ID_CORRECTION,Old: 5xnYffcKYsHsoAT57oH3j7 | New: 0EHK8rR9fj7ynBHD9GerRl,2026-02-14T08:25:09.717475
6459,GFRIEND The 5th Mini Album <PARALLEL>,f57f487a-7591-48c7-a3e7-1426253f1ee8,SPOTIFY_ALBUM_ID_CORRECTION,Old: 2cGPXPXZxEBr6LniuA3ewf | New: 1U3qjkWgVIROTW7XffCk6j,2026-02-14T08:28:04.082632
2211,김성재,1569cfde-3827-4686-bdcd-16bab867f14f,SPOTIFY_ALBUM_ID_CORRECTION,Old: 2bklVpbuK5jsVrLpebiu9o | New: 0kLYmW3QqfqbJSAx3jdrOi,2026-02-14T08:29:09.537331
2368,My Head Hurts,c6752126-d904-4526-b21e-0a8e33bea5d1,SPOTIFY_ALBUM_ID_CORRECTION,Old: 03yS7wBMpP9MZtJ0gaR84G | New: 6edrbGaAiivdSucdAQO95T,2026-02-14T08:30:13.579982
209,For Your Consideration (Deluxe),486d9c22-cb7c-472a-bc2f-0b52dbd922f7,SPOTIFY_ALBUM_ID_CORRECTION,Old: 2SclrCGehY3IuaVhp3MJpP | New: 2TTsYkEOtnLgcWq469WQ83,2026-02-14T08:32:59.278963
904,Demon Daze,572cadeb-8b9d-4fd9-b471-39acbf8946d1,SPOTIFY_ALBUM_ID_CORRECTION,Old: 6RQmh6cl8hTn1sUuip41c0 | New: 3bzQS5VipXiU0tClLC3rh7,2026-02-14T08:33:39.728432
6918,LOONATIC,5845ac19-0755-4894-af1a-2c802fa00c7c,SPOTIFY_ALBUM_ID_CORRECTION,Old: 0fVrvKGy6vzpoqOYxGoqz6 | New: 2kcwDHcxmuCSQbo27AY30Q,2026-02-14T08:35:08.508617
4225,light,5fc2d1ed-d940-40a8-a339-89e8f67c492c,SPOTIFY_ALBUM_ID_CORRECTION,Old: 6VjoAVqjK7oWhDPzGYO7F0 | New: 7vqGZVkpSpwrJJVQ2kczYo,2026-02-14T08:35:15.838932
2975,French Movie,917d6c05-efc0-438c-8226-6ea18a070e1c,SPOTIFY_ALBUM_ID_CORRECTION,Old: 6HAZFznJaUMPZB8ZHTUTye | New: 23WoeZS0tgeT7bEr0jmq4N,2026-02-14T08:35:22.447784
2741,welcome and goodbye,e0612328-99ea-48bd-8595-f8e679c50506,SPOTIFY_ALBUM_ID_CORRECTION,Old: 4DE2vpqTIdffe08Xj691XI | New: 0hZJDoAmB6xVegy0o1eAZd,2026-02-14T08:37:25.505833
4021,Fxxxnds,79b0cfcd-e02d-41af-a6c8-cae1e20aaccf,SPOTIFY_ALBUM_ID_CORRECTION,Old: 7rwRRay2hz12bl652kIOTH | New: 0lviZJTZcp60rZnT5vYdqB,2026-02-14T08:40:03.188498
361,The North End,8072d663-d7b3-488c-b7a3-2b0cd82cb7cf,SPOTIFY_ALBUM_ID_CORRECTION,Old: 06yFdjheTOLDQ8KZUaZbuG | New: 71T1jN2LlujMEAnAdF4bzF,2026-02-14T08:40:34.644952
4477,Do U Wanna B?,61090bd5-8e64-426b-8760-0dfe52dc3fec,SPOTIFY_ALBUM_ID_CORRECTION,Old: 2BZ3VizVI04b0slvSMNwA4 | New: 3dRxfI4ieRr0ELDWrMiZdT,2026-02-14T08:42:22.230259
7284,"Bossa Lounge & Cool, Vol. 1",f4c3600b-24ff-498e-a6a1-67ac05f92d66,SPOTIFY_ALBUM_ID_CORRECTION,Old: 6yWCedhiAvGN4cB6RNmGMr | New: 5liS8rt8wMbuMHPzg88XLT,2026-02-14T08:42:49.468991
2881,spendin' bandzzz,f2ad58b2-dee8-4e2e-b724-d5855f7c8d7a,SPOTIFY_ALBUM_ID_CORRECTION,Old: 2dLqsEX5Pp0rsw0jP8C8a3 | New: 16eEmDvz4f177zmPNesqdu,2026-02-14T08:43:36.851870
6865,Take It Back (feat. Sophie Meiers),03a2c14b-5b64-444c-b866-b47765e57404,SPOTIFY_ALBUM_ID_CORRECTION,Old: 3dfYnrmVjAntqDAEFPaECI | New: 5dXOmhQtRxv1RKzXmCCOoT,2026-02-14T08:43:58.951429
7126,Schumann: A Tribute to Bach - Kinderszenen; Waldszenen; Album für die Jugend,fde087d4-6cab-408d-8dd7-971dc21fd5ef,SPOTIFY_ALBUM_ID_CORRECTION,Old: 3TmPbKUyDdxQmtpUoPoBL5 | New: 1N1bIWs3vFvI4Hcw5jQ40z,2026-02-14T08:44:50.233551
7901,"Dearly Beloved (from ""Kingdom Hearts"") [2012]",876da386-555e-4302-9638-70225ec917fb,SPOTIFY_ALBUM_ID_CORRECTION,Old: 5fcLoEqSAyFOXoVvTT6m6v | New: 1PxhVQFRgx0ScmbguvtIey,2026-02-14T08:45:00.226055
7490,Boss of All Bosses,3c57011b-4520-415b-9f2c-b784082abcda,SPOTIFY_ALBUM_ID_CORRECTION,Old: 2VDfvELymZlz9A33z8Cwfa | New: 6VwuSSJwDgCzPzIboPLUH7,2026-02-14T08:48:10.914879
3042,Bóng Dáng Thiên Thần,23fb1fcd-b8ff-4ba6-b8c0-6a4c4fc74d5b,SPOTIFY_ALBUM_ID_CORRECTION,Old: 4OfmdRv7up6RfKZpb8L9HV | New: 7qZLCTgmaj0diF5BN4IKzV,2026-02-14T08:48:57.176751
7577,Burn the Witch,7098afb2-85cc-452b-9bb7-281f6df52005,SPOTIFY_ALBUM_ID_CORRECTION,Old: 0S89GcLQ3o1CxOa0tEhfF6 | New: 6t9JaTDnrHxk67HDTJqxDQ,2026-02-14T08:49:07.434683
2124,LSD and the Search For God,eecea632-0a7a-4c60-90ce-aafb63dfbf6a,SPOTIFY_ALBUM_ID_CORRECTION,Old: 3CooFtn84cBTR3rmfkda5v | New: 46q859znSzYPVwz7OaO7GS,2026-02-14T08:50:49.493429
4542,Coffee,5b856979-a9c8-471c-ac78-93c7983004aa,SPOTIFY_ALBUM_ID_CORRECTION,Old: 6KxHGgfpM8uPotxK5iNEJG | New: 5wQU9QESgj4rLyLECGTJGn,2026-02-14T08:51:10.048537
4227,kill bill 2 (sped up) [Remix],db54ce44-39fd-497b-b877-01f853b008ad,SPOTIFY_ALBUM_ID_CORRECTION,Old: 5sv1Vyp43kV47GyQsAM4AH | New: 0GyRFGKXY4oYhP4eifu13X,2026-02-14T08:51:33.664292
2664,Unlock it (Lock It) [feat. Kim Petras and Jay Park],b4e16adf-38fe-463b-9ae5-0dedabb0c0ca,SPOTIFY_ALBUM_ID_CORRECTION,Old: 6F0Lx2gNEAgaRc7hP3knje | New: 6rXDgtYA55CpXxe5Rm175d,2026-02-14T08:51:43.818782
4653,再会 (produced by Ayase),0c2e09af-59c0-46fc-8086-b2171cea9490,SPOTIFY_ALBUM_ID_CORRECTION,Old: 5E725MGo2fLSl5Q6CYKevf | New: 0we540B6pU7uyZZjDjEN7j,2026-02-14T08:52:14.577347
5096,offline,26f85f5c-c4d6-4965-875a-149648e06812,SPOTIFY_ALBUM_ID_CORRECTION,Old: 5M7Fen0QRGgHb6bhjSOKT1 | New: 6EhzRKeMxWNa4bOXpDdYn3,2026-02-14T08:52:27.694405
5051,Can We Talk,3c60dda0-081e-4ca9-af52-4e57bac8dbd5,SPOTIFY_ALBUM_ID_CORRECTION,Old: 6qjCrtMeDzG5dObwXfYmKB | New: 76ChXAyRTr6EHGD6PxGVpu,2026-02-14T08:52:44.655515
4051,"#Watashiigai, Zenin, Shiawasesonimieru.",8f678e1d-dcdc-4f13-bca5-b00f7ee858ee,SPOTIFY_ALBUM_ID_CORRECTION,Old: 75dlMLA5hK1PYF3U9e3TEs | New: 7kEL1AgtfQO2zhellXXAB7,2026-02-14T08:52:51.433379
6474,A-TEEN Part.3,6962fed4-a485-4056-9b94-3549687b6dc6,SPOTIFY_ALBUM_ID_CORRECTION,Old: 1EMYSiKKTSKLZrOC2nTStL | New: 62kX5esOPtWPjfCbT7tQwb,2026-02-14T08:54:55.940445
812,Amplified,1e8791c0-8ca8-4a95-bb2d-44056eb996f8,SPOTIFY_ALBUM_ID_CORRECTION,Old: 2SGHbXwTsuIOoAdBPsnIDW | New: 1tCX8IDZ57dlIibuazdTuZ,2026-02-14T08:55:36.458128
3490,HARD - The 8th Album,69125b59-5a1f-4d19-9eb6-d8c268a35197,SPOTIFY_ALBUM_ID_CORRECTION,Old: 3JZJEeWr3LShx36FYbMc5E | New: 4Ri8KgERzpwHcQdMmmveIr,2026-02-14T08:55:46.417170
2444,The Third Single Catallena,c2f780e1-25e7-4408-afb3-ab3dbd24304d,SPOTIFY_ALBUM_ID_CORRECTION,Old: 3FeATTUjZWvmXW2kP9CHWY | New: 7nc50EPY2bcxLLeXpHN2fk,2026-02-14T08:56:22.694091
3302,ur name,0b05b457-85f6-4cb4-b6db-e7a4f2f66886,SPOTIFY_ALBUM_ID_CORRECTION,Old: 6pF9eAcG8AIsqej5UlwO8I | New: 5XMGwuUb83qlXIHGzKD9GP,2026-02-14T08:59:58.052386
6779,"Tchaikovsky: Serenade for Strings, Op. 48 & Souvenir de Florence, Op. 70",6fec7901-a6bb-43c9-a697-fa7d02f304ab,SPOTIFY_ALBUM_ID_CORRECTION,Old: 1YXYVzkYMkZDazyaHLg0Ap | New: 39HQdD873aVeCL8D2WasMz,2026-02-14T09:01:28.234322
5165,The Karate Kid: The Original Motion Picture Soundtrack,a5c519e0-ec9f-4cf5-a796-8de394dbdcce,SPOTIFY_ALBUM_ID_CORRECTION,Old: 1zNIDZncmWNpb1WkyfRPdH | New: 2nrPSPrvNxaJLT8FUCoNh7,2026-02-14T09:03:38.371427
6202,Dancing Trees,d72e9d6d-7132-488a-aac0-c81642512853,SPOTIFY_ALBUM_ID_CORRECTION,Old: 5EvRMVP7opQ9UrzJUETXPe | New: 7BSaN4pm8rVb5ox9vrMoRk,2026-02-14T09:04:29.729931
4778,"MUSM, op. 4",fb780791-5279-479a-936d-7529f1e3d213,SPOTIFY_ALBUM_ID_CORRECTION,Old: 6pyPIrl0EPDVJkRGROd21K | New: 41oQwXE5ZPCmsleNZfWPFg,2026-02-14T09:05:03.420245
5028,OUTTA MY MIND,db55f3a3-b51e-4ed7-bfdf-16637fb761d5,SPOTIFY_ALBUM_ID_CORRECTION,Old: 5qKxI0z1H2dDACjNFdjWcZ | New: 6WWXMhWEmIM9SaAyZCFvYL,2026-02-14T09:05:33.388527
5425,Blueberry Eyes (feat. SUGA of BTS),d05766ee-e767-4ec0-adc7-2af177ac71aa,SPOTIFY_ALBUM_ID_CORRECTION,Old: 03Ca2xp6OijgKFUiEMiQTU | New: 2dEJHnsuxIij7YeBbt0sVm,2026-02-14T09:06:10.370737
5715,Seesaw (English Version),0bf160fc-2dd0-42cd-adb6-9826156d14b5,SPOTIFY_ALBUM_ID_CORRECTION,Old: 04PPSv49SJWBNwjq3ZFZdQ | New: 0mmyxVCcnMQbaLgkQmK6zD,2026-02-14T09:06:50.292790
3219,i'll be okay,73681978-ed82-478a-9ec6-6869b42cc28a,SPOTIFY_ALBUM_ID_CORRECTION,Old: 2VN6jPxGTwrH4xQF0Sij4N | New: 3yLxcdaNKhpogNECAju75d,2026-02-14T09:08:02.865678
6575,"Chopin : Preludes, Ballades Nos 3 & 4, Nocturnes",3f5f6988-267f-4ee4-8837-f335f4d5f158,SPOTIFY_ALBUM_ID_CORRECTION,Old: 4wo3SqARQLZ4UpqSOIM5VC | New: 7461LhVqwwuYyeS4FiK9sb,2026-02-14T09:12:22.277349
6866,Warm Welcome,df26a3c9-cf11-4c14-97a0-4650ca37099b,SPOTIFY_ALBUM_ID_CORRECTION,Old: 1EGyjOgxPWrcOhicd9cdfx | New: 43zRvzGQqO5gjYEWsfW1Cy,2026-02-14T09:14:08.060550
5035,Makeshift Moon,6c80d65f-4391-494e-ac42-402175011e95,SPOTIFY_ALBUM_ID_CORRECTION,Old: 4cbBlmjm17qy3EBsJG7KjT | New: 0ebPhkv35rc2PpSwvQKde5,2026-02-14T09:14:35.442677
6772,Tchaikovsky: Symphony No. 1 - Marche Slave,aad4ef49-c838-42f4-806e-1a1928b29f60,SPOTIFY_ALBUM_ID_CORRECTION,Old: 3dVH0KA5on8X5O1z4GBs5x | New: 6bGMeEIvrncpJpCih4Pqni,2026-02-14T09:17:26.098586
4934,Cyclones and Hey Lover,ecd55a38-6e73-4fba-93a7-121f3a8af87e,SPOTIFY_ALBUM_ID_CORRECTION,Old: 4GwYwvszvgi7uhXDzgiWcw | New: 076hhK2bCjHhQJqWY7wRh0,2026-02-14T09:18:59.720527
2226,Rock Darkness,970f5bab-6f84-477a-9c52-8d7a9135b899,SPOTIFY_ALBUM_ID_CORRECTION,Old: 5GlTuec0BbjYHVFx0vLz9S | New: 6KmzR0RcpVzcWifweX8AYN,2026-02-14T09:21:16.766566
3040,Đi Qua Bốn Mùa,33f8abfd-337b-420f-a964-be68962a0ba5,SPOTIFY_ALBUM_ID_CORRECTION,Old: 0v5GPYJi92QOABOCIJNGWS | New: 2NL6tGwwpH7IQoaIUsB9Xs,2026-02-14T09:21:44.352159
8345,Thirty Three,aba23ff9-ad36-4ff6-8cc1-def2a156bad9,SPOTIFY_ALBUM_ID_CORRECTION,Old: 6TnzRb2yvbf0WxGGYA2meA | New: 0O6k5RXBZt2Rkt6kpGIZsR,2026-02-14T09:24:25.212454
2745,Agony (Instrumental),5d45fb5e-2028-4a85-a5c0-b80379320b1a,SPOTIFY_ALBUM_ID_CORRECTION,Old: 7bqnrVBJigRaPr00PYYGSQ | New: 7CoUIJf8UmStUci7q0Mftu,2026-02-14T09:26:07.811162
6667,Sichtexotica III,44d8cfe2-bd39-4044-82ba-837b4b00d7e2,SPOTIFY_ALBUM_ID_CORRECTION,Old: 0wKuVGeAQtbGfzzeZmtTab | New: 0YidNDMeyKaXJRNhSEDB1m,2026-02-14T09:26:53.935367
7807,Teddy Picker,140db885-54a3-3761-a170-81dc55813e05,SPOTIFY_ALBUM_ID_CORRECTION,Old: 1BaaFSi2t7HTKXca8IFUU3 | New: 4ywmo9bu2cXUs1w7Okup2f,2026-02-14T09:29:03.124015
6907,Birds In The Trap Sing McKnight,607c5f49-d968-40e1-b822-81d07c7fc774,SPOTIFY_ALBUM_ID_CORRECTION,Old: 42WVQWuf1teDysXiOupIZt | New: 3BXMEMy2oP1f7bp3YjDoR9,2026-02-14T09:30:36.316911
8353,Home - Single,67f59204-a15c-4239-8c65-6e6b4ac0241c,SPOTIFY_ALBUM_ID_CORRECTION,Old: 30pYnOc1xbT3iFGqVytUXX | New: 44XlCpQNzveH9APYOoq5EB,2026-02-14T09:30:39.688592
7961,The Rain,da3e5407-63d4-4542-9de2-899b3b4ce599,SPOTIFY_ALBUM_ID_CORRECTION,Old: 3AXr5nqfciSehpP6oG65ue | New: 7LIFSU1nOyrKlxAx5HDj6Z,2026-02-14T09:33:26.117446
2781,Scarlet,2a6bf13e-4f7d-431b-816c-9f8a18a1eb60,SPOTIFY_ALBUM_ID_CORRECTION,Old: 6DmPNcfpkXBVRJsEIJY9tl | New: 1bBez9PNvkJPW08bU7NYta,2026-02-14T09:36:18.143876
2507,Sonic Riders Original Soundtrack,a786b2b6-1081-4712-a8b9-93aef77724d2,SPOTIFY_ALBUM_ID_CORRECTION,Old: 0oa3ysi2xnopGLfyrZ0QFv | New: 6FRooPXIKWual1wUZMhIAM,2026-02-14T09:37:13.115891
4072,Keitaidenwa,e1c324c5-8296-4078-baca-eecd4886a720,SPOTIFY_ALBUM_ID_CORRECTION,Old: 7a8yFfZEztVnP3srNfSOL1 | New: 4akhlx4zsYqDDApjFP38m3,2026-02-14T09:39:42.727565
3053,hyouka,f328801a-5fd7-4fac-a261-f55fd44ea2f0,SPOTIFY_ALBUM_ID_CORRECTION,Old: 6ZWMwloBk5ke2Jyfsm7Ix4 | New: 3OYjxaDmoSNQYY22J5RTUy,2026-02-14T09:39:55.817722
1638,Entropy (Sketch),cd02370f-dd43-47e2-a739-c1a7286f9910,SPOTIFY_ALBUM_ID_CORRECTION,Old: 4HTNIv8KyqFnQydZjBpYYW | New: 4CppLHd2dzwv86IAlcSHQJ,2026-02-14T09:41:21.954072
3626,Fluxxwave (Lay With Me),9d843250-89f9-4660-9810-f84fd4b30943,SPOTIFY_ALBUM_ID_CORRECTION,Old: 36m8KVDTNcaiDyEQlCOC5s | New: 4N1K0t7kqeWAd74N7p6cJn,2026-02-14T09:42:58.673039
1145,Crumbling the Antiseptic Beauty (Remastered Edition),5149ac69-6fd5-31c0-bcce-322bdf3c6617,SPOTIFY_ALBUM_ID_CORRECTION,Old: 2rH2jT3RQDTZLhgOpqw0qM | New: 2JP8Lt0LkF0TjUBeg6A1rg,2026-02-14T09:43:11.264511
7019,"Telestic Liberation, Ch. 1",f75cac08-c696-4b3a-9048-1cbc51066de0,SPOTIFY_ALBUM_ID_CORRECTION,Old: 5YPTlcAWgH3jCKHfeMrjsT | New: 7nt4wqqIfwtNUepXYasn7p,2026-02-14T09:43:24.653642
3688,Her Loss,02172607-41cd-42c2-a337-047cdf0030e6,SPOTIFY_ALBUM_ID_CORRECTION,Old: 5MS3MvWHJ3lOZPLiMxzOU6 | New: 41NvzpIHKpaYHKnh1bF3TN,2026-02-14T09:43:28.095422
7422,French Beauties & Swedish Beasts,e7469c63-27a2-49a9-9247-ec269be8a276,SPOTIFY_ALBUM_ID_CORRECTION,Old: 2fdOEl0rQBgBQ6tOQWiROd | New: 01TNufjAPspu4sOEhEsmBP,2026-02-14T09:43:44.820690
5164,Fake,becbf630-970d-461c-835a-2e4840d905cb,SPOTIFY_ALBUM_ID_CORRECTION,Old: 6UGVIMVaihtvkXRHsgQped | New: 47HFi2j8jgJK7Qe737cx6l,2026-02-14T09:45:07.717220
4103,时光代理人 (动画《时光代理人》原声带),c4d7bd8d-fba7-4ad6-9d75-25680d06253d,SPOTIFY_ALBUM_ID_CORRECTION,Old: 21PcXK6X2irUZ1KSNwk3jy | New: 4ZGPHHBdCRZtaPXlVCG6H4,2026-02-14T09:46:31.312869
8241,The Beautiful Letdown (Deluxe Version),0053de9b-6382-43cf-9c17-b79ca21e1e6e,SPOTIFY_ALBUM_ID_CORRECTION,Old: 2mIYia4lSO1NCSFGGGGNR9 | New: 5xxmevNUSUFEwao2H1CWlT,2026-02-14T09:47:20.956186
7486,"Shake It, Shake It",451f8633-c783-4b21-9af1-57678ad48af3,SPOTIFY_ALBUM_ID_CORRECTION,Old: 2aOetrd9KJfSTWTXV7BWq1 | New: 4ZTCVrLACtIXeBtcussvRr,2026-02-14T09:48:05.694649
6976,"Bach: Intégrale de l'oeuvre pour orgue, Vol. 11",526fdf06-852e-4081-b5d5-a5848f44aab9,SPOTIFY_ALBUM_ID_CORRECTION,Old: 5wpoNY8MAf2JyJ73jXLfnR | New: 0Sj9gojdZh4ir1X8FJT55C,2026-02-14T09:48:09.072444
6905,Life Is Good (Deluxe),cb4580b5-937d-4497-9f58-e56af6753bc2,SPOTIFY_ALBUM_ID_CORRECTION,Old: 0ddTtajzPmxZ7UVW2VEAln | New: 1lAmNllLkJzIYFyjEdAVbd,2026-02-14T09:48:37.561379
2821,Gershwin: Rhapsody in Blue & An American in Paris,e7c917e6-963d-4720-90b6-8c0683d7e632,SPOTIFY_ALBUM_ID_CORRECTION,Old: 7y2gHGuQhJmesRiNO8d8fK | New: 0QsauTAj34ZTceudoS0nrW,2026-02-14T09:49:04.654875
5007,Internet Love,06c0e465-2fa2-4ea6-b3c2-809ddf12b87a,SPOTIFY_ALBUM_ID_CORRECTION,Old: 1V76mjI7xIMc7w78IoyCV3 | New: 7zmy4WcXPmogXfBQCzYNMJ,2026-02-14T09:49:26.265910
5652,Swimming Pools (Drank),6b71edd2-7dd1-4a64-97a7-10b66c243af5,SPOTIFY_ALBUM_ID_CORRECTION,Old: 2XPrwlaAHHXnJzP9tBcIzH | New: 5zdy7GdHXpoIEJXQYqSxNc,2026-02-14T09:49:36.252721
4548,Last Day On Earth,12764bf9-14a6-497f-9c67-72692e4c0c55,SPOTIFY_ALBUM_ID_CORRECTION,Old: 4aLVoS0iY0ncGsVBW5hJf6 | New: 7DSp5ZTFwHqzpGEMlbkVAj,2026-02-14T09:50:53.913951
3176,Thanks For Everything,fc18103b-1d4f-4623-8173-cffc95e0287b,SPOTIFY_ALBUM_ID_CORRECTION,Old: 3fBxMTNiEc7WXhSkmvWMS4 | New: 3fEFEEnm4WAgpLURMYPXAm,2026-02-14T09:52:00.388969
3804,A Cruel Angel's Thesis (Neon Genesis Evangelion Theme Rework),cdb0c3ac-6b9e-4390-acb6-541e79e0c513,SPOTIFY_ALBUM_ID_CORRECTION,Old: 3rMaf40HV3WqpcYXn9ofU2 | New: 0s4KzCdebzELHaVwURIWc4,2026-02-14T09:52:11.847226
4738,River's Island,9962c1f3-0a03-41a3-90ea-bae0870114ce,SPOTIFY_ALBUM_ID_CORRECTION,Old: 0UEB5zj5SfE3tdgP4wP2jC | New: 5hvBJeC28jXFksVygehhti,2026-02-14T09:52:30.638940
1936,Asa De Menino Chapter 2,b01a8bb8-b19f-409a-87e3-6ebaed05d024,SPOTIFY_ALBUM_ID_CORRECTION,Old: 0iZIAcvk4pHh9GizYvoTMh | New: 2RdDcAyyEbAl6XWrW57tUf,2026-02-14T09:52:57.478999
4271,BRANDNEW YEAR 2022 'BRANDNEW V1S1ON',0087debe-8e59-400b-9f70-912b7088fbf5,SPOTIFY_ALBUM_ID_CORRECTION,Old: 0rVTdMXBioAtKWa0XcHWzg | New: 4IyIHTwpkxntQlugXUYewH,2026-02-14T09:54:35.926416
6563,Falla: Nights in the Garden of Spain; Solo Piano Works,cb098f7a-236a-4f52-a9f9-00cc973acedc,SPOTIFY_ALBUM_ID_CORRECTION,Old: 3r85Aw3DIDErCQEiYHk0lu | New: 0T8DfHq7cf4BZv6q0HKwDb,2026-02-14T09:58:01.745466
7190,Andromeda (feat. D.R.A.M.),3eec61eb-3d0e-4cbb-9c7b-e6c2415fb78b,SPOTIFY_ALBUM_ID_CORRECTION,Old: 5ZmmS4AcXQ4eBYt8aWqlk3 | New: 7CLd9gXxskKPmB5RiAvn6G,2026-02-14T09:58:54.972424
4367,School Rapper4 Semi Final 2,46fc9685-8f78-494a-a825-ea3a9a06b5d1,SPOTIFY_ALBUM_ID_CORRECTION,Old: 7BWDssnirZKzn1pTHIJN8J | New: 0lQNE5lg1ChbEXKkWeHO68,2026-02-14T09:59:08.571892
5537,Nausicaa of the Valley of the Wind - A Studio Ghibli Piano Collection,b8529c80-3949-4b1b-ad28-a57d9055cd5e,SPOTIFY_ALBUM_ID_CORRECTION,Old: 6xVIIz0ZZCJrJ9zQibHcoS | New: 2RRS4M84wX4IVUz9ohLIqs,2026-02-14T09:59:36.223048
3615,boogercore,0f2896e3-a955-431f-9100-85acbc1c1f90,SPOTIFY_ALBUM_ID_CORRECTION,Old: 4LBgl6jBUwOaG4RsazOWmd | New: 76JP1ZvCGZmYUHUziCYZ6e,2026-02-14T10:02:06.009488
2790,Angel Beats! (Piano Version),e113a536-5c91-44be-9324-15b09efde2e4,SPOTIFY_ALBUM_ID_CORRECTION,Old: 7ADoM3VHRkdI3NqW2dFTnt | New: 21QTMy053OFaLyJExv3vkn,2026-02-14T10:02:36.993662
7643,Mozart: Die Zauberflöte (The Magic Flute),e2cb7873-4080-41ba-bd67-11bef05115e2,SPOTIFY_ALBUM_ID_CORRECTION,Old: 6sQmkvR6ceYWtBAoW4aQ62 | New: 1q4tfFZCUrTuRABQFtYMmM,2026-02-14T10:03:36.742139
5891,heartbreak pastures,f7c42b38-046c-494c-8fc4-07a35c7f92b7,SPOTIFY_ALBUM_ID_CORRECTION,Old: 3iZudN45wowXexuAxwIXki | New: 4y4q1r3pNEflN84RiphszB,2026-02-14T10:03:49.937350
5358,You,9887f11b-3ba1-4365-8869-2abb5ceb09cc,SPOTIFY_ALBUM_ID_CORRECTION,Old: 5ECsYGZaOt9SHB50KiKIKh | New: 4XIj6H0OmLuK11Oepp0KVo,2026-02-14T10:04:57.453935
7952,Body Gold,260e7773-71ae-4b51-b60a-87d38a4ac973,SPOTIFY_ALBUM_ID_CORRECTION,Old: 7jBdd4JCRu9a3I4dmEuE8P | New: 1UFQxL1nXariHS0XHc32CT,2026-02-14T10:05:00.934945
5242,LOST IN PARADISE,7fd60452-0d3b-45ae-8952-54f7244ebdb9,SPOTIFY_ALBUM_ID_CORRECTION,Old: 7eVQUS48aCo0xfUPOlNVlT | New: 6Jp8BbweVonPWAP5Qyn56J,2026-02-14T10:06:17.766274
3439,WHOLE LOTTA MONEY (feat. Nicki Minaj) [Remix],ce4a5bc0-48a0-455c-8904-6623cd211ec8,SPOTIFY_ALBUM_ID_CORRECTION,Old: 7swo0lVREzeFmLpCTKAkzs | New: 24n8iOd4ueiuxyMLLb65ah,2026-02-14T10:06:30.826244
7047,Moon Phases Vol. 1: New Moon,0e3167d0-b6d4-46ff-a650-2dc56da55284,SPOTIFY_ALBUM_ID_CORRECTION,Old: 7KQld8jIiBDyGq0N17Psyo | New: 0nIQBV41AvueGBEZ20k8NA,2026-02-14T10:08:56.582208
8024,Forever,a60e9ce1-5fa9-4d7c-b456-b6e8bed6e23a,SPOTIFY_ALBUM_ID_CORRECTION,Old: 0XcZCBXRVvpy0xK6bURwjP | New: 04nlTDq2mKxyaIMfeFNvUO,2026-02-14T10:09:14.765579
1322,New Jersey,0588e790-034b-4727-a63f-f4c45a2b38e2,SPOTIFY_ALBUM_ID_CORRECTION,Old: 3ryHJlyWJf8CjR7jrgIYqB | New: 1LEvCamHlCn3P4AlbGKK9g,2026-02-14T10:09:45.694395
6128,Bumplings Vol. 1,fc29138b-07af-4a8e-9776-4a24e010068f,SPOTIFY_ALBUM_ID_CORRECTION,Old: 3ivHJQBiNkwCgBLNtjO5TL | New: 3V00uiaKg6cn4678kWLzE7,2026-02-14T10:11:31.933921
5706,MIRRORS,dac3ac8c-a3f2-4abb-8c52-5ea4642fbf92,SPOTIFY_ALBUM_ID_CORRECTION,Old: 5zHqrXJ3FUiHjs4wQdE7vj | New: 7w5qCvL7iFIpfILhOBHHn5,2026-02-14T10:12:09.194036
4958,Talk,53357ceb-52dd-3e42-b37b-aba68afbee36,SPOTIFY_ALBUM_ID_CORRECTION,Old: 2I3SLUZ8dt5RFxdKiBwUL8 | New: 19m9G8cS0IbK7TBe3Sfvrw,2026-02-14T10:12:43.534948
2341,Pomodorosa,ded2bd1b-6c3e-4527-958d-9d76459de695,SPOTIFY_ALBUM_ID_CORRECTION,Old: 0b6wh6LMbtEDMrFQEFzYFs | New: 61w6ldkTnQNDTImaUiBoQs,2026-02-14T10:14:06.963566
6206,Chillbill,560837a2-98c5-4b98-8158-dd00feca333b,SPOTIFY_ALBUM_ID_CORRECTION,Old: 2MYR7aEgvNnoXO0bm7e743 | New: 2cgxgXlQNkKjGh5tt7C0Pf,2026-02-14T10:14:36.767152
4968,When You Forgive,732958ee-6c11-4d45-9253-eecc3cfcb156,SPOTIFY_ALBUM_ID_CORRECTION,Old: 7pfHE25D1eBySHZmHj4VkR | New: 1o0PIEsS8Pq7fHSs5ZAYbf,2026-02-14T10:15:55.246584
3854,NEURAL HIGHWAY,9875f428-40e0-4b9c-afae-b72d2f9bcfbb,SPOTIFY_ALBUM_ID_CORRECTION,Old: 7kmtbfspY83JFi7BsCD0Ol | New: 7wNvQ6Bs8fakT9vquF9jfh,2026-02-14T10:16:38.876318
3301,Notice Me Senpai,c436d535-ef55-4856-a951-f62855791fdc,SPOTIFY_ALBUM_ID_CORRECTION,Old: 0gPEstL6jDM4aL20CGl9LR | New: 7cd4RxbXy8nI2vc6Lz5ep1,2026-02-14T10:18:36.277516
222,Pony Express Record (30th Anniversary Edition) [Deluxe],a4c4e3f6-d365-42f7-8d28-45ad3652b76c,SPOTIFY_ALBUM_ID_CORRECTION,Old: 32ak1L0uXsWvZhsek6tWbn | New: 3uHtYF4M8rF1KuDgQpwIrH,2026-02-14T10:19:41.031860
4828,Shy Boy,6f36e03a-0d64-415a-b482-dee213f1a7ad,SPOTIFY_ALBUM_ID_CORRECTION,Old: 0WNpQgEcZZlOLBheEpqiI2 | New: 7fQUb77u0JSyqAbbIG2tKA,2026-02-14T10:21:24.036787
7870,Runaways,576e0b04-f1b4-4b53-a137-1ad8a8014c11,SPOTIFY_ALBUM_ID_CORRECTION,Old: 4hlNGUQgfTqNN8uixx1Hl4 | New: 1d7I8v5K0ufbm3vbH9yljg,2026-02-14T10:21:32.228262
5628,Walking On A Dream (10th Anniversary Edition),1b59368f-b5ba-4e55-8edc-4ddd52cafc8f,SPOTIFY_ALBUM_ID_CORRECTION,Old: 5B6XfyHHYawyLkEvNvhSPh | New: 1GoqBRUPZzBKvMKZxSQ1mp,2026-02-14T10:22:13.346349
1635,Winterreise,af99fb17-b207-4c35-8b47-597f821e6ac1,SPOTIFY_ALBUM_ID_CORRECTION,Old: 23tjIW6fzlYMWfc55QHSAs | New: 0tXhcyyThzSwPnXyoSuODi,2026-02-14T10:23:52.485278
6871,Babymakers,66fa823f-8e4e-45fd-8702-7bb155a4dc9b,SPOTIFY_ALBUM_ID_CORRECTION,Old: 3hFsnrRLJcA7a3uT0DaTip | New: 7MC9CeP8EXrstwdUdj9iml,2026-02-14T10:24:10.266579
2735,Not Songs,b4123a29-7008-450b-9641-39d4983c749d,SPOTIFY_ALBUM_ID_CORRECTION,Old: 5ucsbLLlsgfWOrCHl8uCiO | New: 2OpbfdCDcitPtRGR7BVIHx,2026-02-14T10:25:57.249556
7280,Right Time + Right Music,1beb72ec-702d-440f-b5b3-208ab1c39c40,SPOTIFY_ALBUM_ID_CORRECTION,Old: 3o1r0zahNQcQjm5T0zYywR | New: 1FeHdyCfa1tXcOOpmbhdJd,2026-02-14T10:26:14.188389
3912,Double Fantasy,b0fa2031-30f8-4f9d-925b-dbb55af08106,SPOTIFY_ALBUM_ID_CORRECTION,Old: 0Ct52rooGyvjv6qXrBPNzm | New: 2PqdLahq540qKyJ4XxdrOa,2026-02-14T10:26:21.824704
5113,María,31c650a0-7c30-4b5a-bbfb-14840d6422b6,SPOTIFY_ALBUM_ID_CORRECTION,Old: 5YYY7QCkq3pSw4Hoc1m0D3 | New: 3zeVDYz12mYJTpMfM2HFjL,2026-02-14T10:26:59.130419
3868,PURGATORY (FlowerBoyDeMii Remix),18274a5c-63bd-46b0-bbd4-32c81c7555a4,SPOTIFY_ALBUM_ID_CORRECTION,Old: 55JNobIR15vyvCQSqxnkFF | New: 2pvPKu6RylKMhqLgXjmz2L,2026-02-14T10:28:12.052457
3550,#miles,31aa025e-38f3-4cee-8258-6c3a0060eb1f,SPOTIFY_ALBUM_ID_CORRECTION,Old: 2PCs0ZB8bHofV9khzpRmal | New: 6lAOUk4uVgPOj9ny3TPoDO,2026-02-14T10:28:29.266323
1515,J.S. Bach: Matthäus-Passion BWV 244,31b03bd0-1210-466e-b19b-5c1cb22d0ce7,SPOTIFY_ALBUM_ID_CORRECTION,Old: 2WaKYzQNfCv9LwNmYOqs37 | New: 1s91xkVcPofbidYjAViBS2,2026-02-14T10:30:48.495811
3116,Euphoria,79ec425e-904d-460c-80c5-b58829cf4b2f,SPOTIFY_ALBUM_ID_CORRECTION,Old: 2GA1Cyzo8ENGjsxqiq8kr3 | New: 149W2WBLDmuiqzNyt4xc65,2026-02-14T10:33:35.105031
4504,"High School Musical: The Musical: The Series Season 3 (Episode 1) [From ""High School Musical: The Musical: The Series (Season 3)""]",075b7260-938b-4fad-8312-3ff3bd8904f8,SPOTIFY_ALBUM_ID_CORRECTION,Old: 6lKBnP2FxDAFxUHVIxuvDC | New: 4quMMFcMu22TwSwsb6QzOC,2026-02-14T10:46:19.925352
7560,JamCome On Baby,ca754f8c-9a47-405d-9636-0228be4db602,SPOTIFY_ALBUM_ID_CORRECTION,Old: 0402ryb3Qs3Tu1v5U2HRlE | New: 0O1PJ0t69iTO5yWrIeIga0,2026-02-14T10:46:25.199881
1686,risk,40fba746-d55f-481c-a192-fad5fcc8f24d,SPOTIFY_ALBUM_ID_CORRECTION,Old: 1v3qbYHOXVb4bOUFve5TU0 | New: 2Ce4JKuNyB36hb2UBjyrAQ,2026-02-14T10:46:48.518532
1687,Russian Roulette,c03a3e2e-1b4d-43a1-86ea-10b6dcdac28f,SPOTIFY_ALBUM_ID_CORRECTION,Old: 46pZqqmjNR7gwqEiiSFYoh | New: 0y4qnXxq2TPrqUAmLX7XFl,2026-02-14T10:48:19.755542
6446,Things I'll Never Say,59b5e839-3e00-4928-982e-20e744402819,SPOTIFY_ALBUM_ID_CORRECTION,Old: 182SQbs8nNXFbqzit8M3ge | New: 6pQiB4J3t5gVPElkgh13qh,2026-02-14T10:51:18.817562
7538,The 2nd Album ‘EXODUS’ (Chinese Version),067de46b-ea4f-4cbd-aa5f-8bcb66d1a0eb,SPOTIFY_ALBUM_ID_CORRECTION,Old: 1JYpCaR0E36SXYC5bwnqhV | New: 3xNElygakwX1o48vV6dzzD,2026-02-14T10:51:59.731422
4648,unlasting,8e4bc4a7-a463-4203-acf9-ac880ad44379,SPOTIFY_ALBUM_ID_CORRECTION,Old: 7jfP5sIqy7L3NB082no1uM | New: 0SIlXxEvUESFbMmpfMy3bM,2026-02-14T10:52:59.110461
6557,leaving us,9196e59a-f435-4819-8425-7fa3789dfded,SPOTIFY_ALBUM_ID_CORRECTION,Old: 6byIGSY3mMn5JxSfUE1qcC | New: 3aYI83u5Fx5ZRk66jv5QBx,2026-02-14T10:54:00.650457
7276,Songs of Anarchy: Vol. 3 (Music from Sons of Anarchy),3454cc7a-ffc6-4f98-8f4f-4f49f92dc0d9,SPOTIFY_ALBUM_ID_CORRECTION,Old: 2UPUmBjjzfnneFP85n1NkU | New: 3M18rHXLz7eFOQXRMJcBk9,2026-02-14T10:54:26.708170
7201,A Few Years Later,a4e1c8f5-18c0-4790-8de1-3c57d433be17,SPOTIFY_ALBUM_ID_CORRECTION,Old: 7vI95ypTA30O2IlZBpIMQP | New: 1T2vx73iGttWP1hbOUu8fT,2026-02-14T10:55:26.457431
8333,Needle - Single,2549fe1e-2f5f-44fe-bbe9-0d0c050bd394,SPOTIFY_ALBUM_ID_CORRECTION,Old: 5frMBwJusxLS7Jv8DSo3uL | New: 38RyyEg0ftKDFJgg1YO5oU,2026-02-14T10:56:09.492086
5449,If Only (Piano Solo),97e47e3c-4ea6-48d2-83c7-1fd22a81d802,SPOTIFY_ALBUM_ID_CORRECTION,Old: 53oWUSHUuB6BKkdUpfac1M | New: 6JhzlIFfONkUnhc3UjPM65,2026-02-14T11:00:10.346787
2639,adjust,5adbe3bd-9a82-4fff-bdaf-1b3dd2bb8559,SPOTIFY_ALBUM_ID_CORRECTION,Old: 1Aus2hWheN15GIgWsYOB8F | New: 0Jm8j0EOaYKP30bBiR1wnN,2026-02-14T11:00:31.485105
3591,numb.exe,6c4070cf-e4d0-43f5-9714-f456fd57f786,SPOTIFY_ALBUM_ID_CORRECTION,Old: 0b0eeE6klhWLlhsgUDlunN | New: 6FK2aq6qXxWAUGAGaP3kqr,2026-02-14T11:00:56.713413
3240,D://irectory Drive 2,3db05483-02a0-41b7-815f-fcbabea2dcd0,SPOTIFY_ALBUM_ID_CORRECTION,Old: 6gL07xrubPapYQdRnaCrLa | New: 05bB0ZgR3idNHCyPuPNq4f,2026-02-14T11:01:59.729314
8096,Every Moment,5a087782-08ac-415c-9f47-53c9830d6507,SPOTIFY_ALBUM_ID_CORRECTION,Old: 2NdRb9xgUpPIEjWFda3acC | New: 6mgNRKViEOIYNryJxghEi8,2026-02-14T11:03:39.374747
7424,"Tchaikovsky: Violin Concerto in D Major, Op. 35 & Other Violin Works",fdac7530-8885-4986-b9b6-dce4c43c180e,SPOTIFY_ALBUM_ID_CORRECTION,Old: 5sJvMoLfEZncKoqPxGDr7k | New: 6VW1bPtD7NsjKshP8wcC0E,2026-02-14T11:03:56.104052
3031,Rebound (The Remixes),4dc3c00b-27d6-4f37-b63b-6fcb4be138ea,SPOTIFY_ALBUM_ID_CORRECTION,Old: 4aZLR4Y3bK6sKyzfRH7A8U | New: 2xceUGJYhyJVr4qGBXauUu,2026-02-14T11:04:19.866442
3681,Moonlight,1ebf01ea-7056-44f1-a19a-af0335cc15f4,SPOTIFY_ALBUM_ID_CORRECTION,Old: 2ctpFHO1AS7fq7ZfLPahjr | New: 1fbIAppPwHeSfe3fRqHzgP,2026-02-14T11:05:03.269214
4007,MEDUSE,341575a6-1415-4d2c-92d6-155ad8d6395b,SPOTIFY_ALBUM_ID_CORRECTION,Old: 7keTFMBmXbPdwXz58JqufK | New: 1jEmh4Fmq6aSq0zkbPR2cg,2026-02-14T11:05:47.342020
1695,Beach Walk,cba0f1a8-a05a-445d-a797-44d5b2a55cc7,SPOTIFY_ALBUM_ID_CORRECTION,Old: 24gMCxaIG3mEj4VW9ZPx1h | New: 2u1iQg59MKxxN38AFYv29i,2026-02-14T11:07:41.550070
5709,Crying Over You ◐ (feat. RM & BEKA),43a51118-fb18-406c-88ff-552351db2ccc,SPOTIFY_ALBUM_ID_CORRECTION,Old: 7xHrsxMVGd7EcObn6Kew1o | New: 02MYlwzF95R4Ot3H27TsXS,2026-02-14T11:07:51.905287
2539,play,56999ab6-edf4-45c9-95aa-aec4f8c19202,SPOTIFY_ALBUM_ID_CORRECTION,Old: 4MtyrCaEjmAhvu0yOb5X0K | New: 0aW5PmyZSQcXDqO8W5hZdW,2026-02-14T11:08:58.736372
3721,Dreamcore,73353764-6c7f-49d5-a851-b3cf57311dfc,SPOTIFY_ALBUM_ID_CORRECTION,Old: 4CY1U196lzQmwy5AeMooMl | New: 7lcYYRFjWKHIHQyQlFvDJE,2026-02-14T11:09:48.815560
1634,The Pom-Poms,27d5fc02-5093-4c1a-a0e4-55e16e4df46d,SPOTIFY_ALBUM_ID_CORRECTION,Old: 13E4AbiVsgDjbrKSy7gKzB | New: 3VZY5cHbKhtZyLXoCaid8J,2026-02-14T11:10:36.009903
3286,one more time!,17999b68-2c08-4a08-95b6-fe1779b9d487,SPOTIFY_ALBUM_ID_CORRECTION,Old: 5sHNkRHvqP3oN4zbdmzN6b | New: 29EmABhYZincx7MgESyj89,2026-02-14T11:12:56.352196
6576,Pachelbel: Canon & Gigue: Chamber Music,20d6b718-0116-456a-a276-a78ec3cc5b94,SPOTIFY_ALBUM_ID_CORRECTION,Old: 5AVoCt0HsjXdDpUSiST6DJ | New: 3CzIDPi0kBOFymYiKLOXC9,2026-02-14T11:13:25.958681
3754,Cardboard Box,3d72fe4b-9abd-4c31-90a1-17d63520147e,SPOTIFY_ALBUM_ID_CORRECTION,Old: 63AyqtzaDPQ7EEaSa2irK8 | New: 51OgsspyNulg111Dti5Sdj,2026-02-14T11:15:04.341427
3363,Nabi,01697a06-7aa3-40fc-bf2d-7db08189676d,SPOTIFY_ALBUM_ID_CORRECTION,Old: 4JGvaAGINEgqjiFezwR9ZR | New: 06LftbqN9jVmaHDFq4eitA,2026-02-14T11:15:20.459685
576,Peace On Earth,f41a9767-9ab0-4af5-8c4f-7b8027547670,SPOTIFY_ALBUM_ID_CORRECTION,Old: 7wmy9QWIIPtS3yI7egS0q5 | New: 2XN8Tl5WPKbiM4FMd1BInA,2026-02-14T11:15:47.915193
6938,Stayin out All Night,34740924-97de-48c6-943e-f7ec89c51c85,SPOTIFY_ALBUM_ID_CORRECTION,Old: 2CAX2xVfpvfXMDvo7aYfr3 | New: 1pgLfwrWDjtIWmtYJlbk4j,2026-02-14T11:16:58.805839
7344,EMPATHY,5ebcdcdd-a697-4afe-a31c-434e61d83d72,SPOTIFY_ALBUM_ID_CORRECTION,Old: 0UgdC9ZcFpInAk9BpIM78y | New: 5LZJP0dBPNcmFBqHoj4iuh,2026-02-14T11:20:28.443237
2742,Dark Side Of The Moon,159b26f5-d933-4ce7-b6fa-b44f8932adbd,SPOTIFY_ALBUM_ID_CORRECTION,Old: 14wH4mIm2pKnZ9ti5co81U | New: 1y7vy6kCegwpm32RxTxtoj,2026-02-14T11:22:53.524663
6017,Wagner: Preludes and Overtures,87f9e067-fba7-404b-a936-1ac08f46f54d,SPOTIFY_ALBUM_ID_CORRECTION,Old: 1EPLu3VKMth8u2mslvuqgD | New: 5LQfk906j3Hu3YGusKutIU,2026-02-14T11:24:15.716157
1707,Screwy People,0ed160d2-12cd-4f51-8c53-242aad223f14,SPOTIFY_ALBUM_ID_CORRECTION,Old: 0nyetXTCSIq28mUSTG23Sz | New: 3teBD38gCbYTVrTr4h8o8k,2026-02-14T11:26:15.567595
3145,Words of Boys and Girls,4295ae89-ba0f-4500-9024-955c996c2fec,SPOTIFY_ALBUM_ID_CORRECTION,Old: 5F05TNhi5bHpubWjOMQkHN | New: 5noBpwP0SAnDtGmbH4OMVd,2026-02-14T11:29:00.318216
8381,Suego Faults,13ba3d62-72a2-4837-bbbc-8fa3ac0c00a2,SPOTIFY_ALBUM_ID_CORRECTION,Old: 23pM83jp9nl1325SiAmCwk | New: 6WBiXPtfuGIYQfGCxEk14y,2026-02-14T11:31:25.845287
6777,"Tchaikovsky: Swan Lake, Op. 20 (Complete)",e9477a27-69a9-4942-a66a-de4fe01fc616,SPOTIFY_ALBUM_ID_CORRECTION,Old: 5XryVDjD2RquBbbNykWxvm | New: 5nzhYOpVCVLkVQMTdcvrGZ,2026-02-14T11:32:09.818357
7553,HRLY (Harry Lee),51b42e3c-2471-4771-9fdc-1a030312889d,SPOTIFY_ALBUM_ID_CORRECTION,Old: 3jlGmTlYM0z4BHHZMhwa0F | New: 0ilYYpFoOLh3UxFlMNNV4Q,2026-02-14T11:33:58.321739
3587,Mono No Aware,2b336c33-5609-492c-baa5-aca97a5a9e90,SPOTIFY_ALBUM_ID_CORRECTION,Old: 1YbSlMGiAAaTfR9Kk9HNxk | New: 70hyp5k7zuvuI52UZvWBKx,2026-02-14T11:35:21.024320
793,Give It Back,95e40ae9-5996-4cf8-9839-dcee9770c898,SPOTIFY_ALBUM_ID_CORRECTION,Old: 7doYBjg1axvYLpQx3LpOlt | New: 4FYIha9FBi1bZueBbSJSRI,2026-02-14T11:35:40.193822
4229,Suspension of Disbelief,4fa0c3e5-7e64-41b1-97f5-7e1a9dfcf1e6,SPOTIFY_ALBUM_ID_CORRECTION,Old: 5kUYunsAuYzEN2yNutdpt9 | New: 3dUPM1NIw5YPL4YQhU7aG2,2026-02-14T11:36:50.902248
1654,On Your Side,c66ba387-5d49-48c4-9d59-c25401f150a3,SPOTIFY_ALBUM_ID_CORRECTION,Old: 1dF5lpbfhA1aerIN3P0CYB | New: 6PfmuiUGdXa406AJtVDoCC,2026-02-14T11:37:25.037976
5915,dreaming of bigger things,057b22a8-dd28-46aa-98b9-8ba4bfe5b2d0,SPOTIFY_ALBUM_ID_CORRECTION,Old: 38jIZcZxhZf75ijP984hRh | New: 6oyF92bffD5NF9GruDtU49,2026-02-14T11:37:48.265567
7234,Opalescent,52866029-e8eb-4cc1-9393-a1e495274480,SPOTIFY_ALBUM_ID_CORRECTION,Old: 3d0zuIczxSCxeDaDfTCNEV | New: 04GI4HyiQkhccc95GVAaan,2026-02-14T11:41:00.643339
1940,And The Infinite Eternal Abyss,8adf9512-5512-451e-9cc7-a6fdda32997d,SPOTIFY_ALBUM_ID_CORRECTION,Old: 3TnwpkCVozc6oj8bi98NjC | New: 6FEfmXvq0QgJNoW5lNXRs8,2026-02-14T11:42:07.643001
6153,Infinite Memories (Memoriae),bc6913ce-2ee4-4d4f-aa3e-daa3cbcb0600,SPOTIFY_ALBUM_ID_CORRECTION,Old: 7FseqV60mLfGIDFD0YgmjO | New: 3c1Ei4TpuSpYBEd3ZlOI2P,2026-02-14T11:46:55.956746
3867,What You Say?,83db84d1-e689-4788-afb2-9edeb424f731,SPOTIFY_ALBUM_ID_CORRECTION,Old: 68GdtQSIauuZf1KGRgSrmY | New: 2yRIzD4GpnSNlGw5gt0Y1o,2026-02-14T11:49:37.111478
3239,None of This Was Your Fault,7f2e919e-69b6-4137-a79b-83c15814d302,SPOTIFY_ALBUM_ID_CORRECTION,Old: 6W5GIQwF58bYKqhMNrx64t | New: 4daTdHnYUgzEWuMrOkLvvM,2026-02-14T11:49:54.810222
5436,Hibernate,44e41f34-0f1d-42e9-8695-2c4c536643cf,SPOTIFY_ALBUM_ID_CORRECTION,Old: 5BSuqaDNmp1EYRitHRkvnp | New: 2TR5t0XsQ6jx6zmTVvBO80,2026-02-14T11:50:13.214296
2148,Loophole,fab0c551-da8c-4353-aa08-3c21e669dfbe,SPOTIFY_ALBUM_ID_CORRECTION,Old: 0iQCSn44CdmqIbWU7iU8DE | New: 2gPwAlItTiJGWK2RVMcS2g,2026-02-14T11:51:05.538632
7414,Dream Tracking (feat. Halima),27595e27-2f78-4570-885e-acc46e4a6ae7,SPOTIFY_ALBUM_ID_CORRECTION,Old: 6o3FR0s14X5muKYvOH3qtc | New: 3hSjXLdbNuffZVfwk3wrZn,2026-02-14T11:55:50.936009
7651,"Rubinstein Collection, Vol. 49: Chopin: Nocturnes",31852d0d-ff73-362f-aa01-f238576a8e4c,SPOTIFY_ALBUM_ID_CORRECTION,Old: 6JuAEN6eL4uLHT5CTyTeH5 | New: 0adgnJxCnjAlFy06dUAv3i,2026-02-14T11:57:49.367145
1400,Loved,2938dada-13cf-4d6b-a6d6-15fa36a86df9,SPOTIFY_ALBUM_ID_CORRECTION,Old: 1BCv8XPlsHdAwBxrHCuluw | New: 1yho8JDhDGOGD343PPIf0t,2026-02-14T11:58:08.024282
7383,Mussorgsky: Pictures At An Exhibition,69858282-8a63-4168-b03b-8ebbe26f376a,SPOTIFY_ALBUM_ID_CORRECTION,Old: 1b2aoeaYZZBWmJoavOQhnd | New: 1bRdd0fkAKNZMB12f4vTmg,2026-02-14T12:00:16.966970
7291,Armada Deep - Ibiza 2015,e37c9cb9-c2c7-4d74-bf61-f402f1d54f2d,SPOTIFY_ALBUM_ID_CORRECTION,Old: 1QqtJ3yBirhQBclCd6U2z4 | New: 1Q3ZBEAMwc4RO3W08XY5ay,2026-02-14T12:00:40.583590
5097,Ethereal Nights,e2e2b99c-5fc1-4dae-b467-eceefbca1975,SPOTIFY_ALBUM_ID_CORRECTION,Old: 0JkL0kGcQSUifx6Lhnol7o | New: 5ubXqSkFKq0F2Guy6ax9F7,2026-02-14T12:02:47.933202
5789,Sunday Vibes,3e24f2de-26a8-441c-96f5-7b23a8920577,SPOTIFY_ALBUM_ID_CORRECTION,Old: 5iiG3fMlS9zc9ehx43qpzf | New: 3WMaA8VV6esnHAaJFjeGNz,2026-02-14T12:03:01.802674
7405,I Wish,ac36a05b-4e91-4db1-86b0-a91b9ad3cd64,SPOTIFY_ALBUM_ID_CORRECTION,Old: 3LaOgyaShyrdyet6ftXxDy | New: 2bxH0Ut94EfUiQ7OYjQmz9,2026-02-14T12:04:43.245093
1311,KANJIRU,09fcb7cd-79a9-4d89-8606-db0f6a9c3500,SPOTIFY_ALBUM_ID_CORRECTION,Old: 1nvamHN0ut9oqTBKTqcwDZ | New: 6DCmLg4K0RYw4BZ7jPaf46,2026-02-14T12:06:15.527607
2643,SPOOL,a2058f24-3b16-4299-abd2-b26cd0b6ecbb,SPOTIFY_ALBUM_ID_CORRECTION,Old: 7tDWEtkcV4sS6UnpXTy7cM | New: 7FTPsPpScY45jhI2jQqNMW,2026-02-14T12:07:08.079427
6533,Winter - EP,30818213-442c-432f-af3c-c279d6e2e391,SPOTIFY_ALBUM_ID_CORRECTION,Old: 3cZL9q3RB7wpIXwes9a9FL | New: 6lCVspU2pgDMrxO6KCLC1g,2026-02-14T12:07:16.265909
4728,Madonna,9baed499-f218-42f9-a6a4-0efa95e0c8e9,SPOTIFY_ALBUM_ID_CORRECTION,Old: 7Eumjl4ZInt0yEwDVx5dWS | New: 6bE5cucNNO8NXzJeZMACaz,2026-02-14T12:08:27.761186
6360,vibe.scapes,1b733beb-b43c-4cc7-8730-8a3d5aecab03,SPOTIFY_ALBUM_ID_CORRECTION,Old: 18Npl1FmHNbuuHeQKjZVYr | New: 1IbHcq8LS8AVOpNLStNr2M,2026-02-14T12:10:35.555889
1854,Venus as a Boy,c8c7b6e8-b4ae-4ab3-a320-501ba37184a4,SPOTIFY_ALBUM_ID_CORRECTION,Old: 69mBgDMGzJ3tBdhnUZ3I2d | New: 4X3ddQMDiDUtc1RBeOIh1m,2026-02-14T12:11:31.058778
5332,당신이 잠든 사이에 Pt. 2 Original Television Soundtrack,6775530a-2488-461e-828c-173bca209083,SPOTIFY_ALBUM_ID_CORRECTION,Old: 6R2B8rmhp25wFHIGZPmYYI | New: 3YjVFUQz5w1bXIi3QfqVmx,2026-02-14T12:11:34.461312
3208,UNDRESS,d47c1424-41ae-4086-ada0-5fb8230148b5,SPOTIFY_ALBUM_ID_CORRECTION,Old: 3JVXFCdrYnF1SXh5DTq4dM | New: 2uKBA8smEmxUTykiTo0lfb,2026-02-14T12:11:45.979220
5128,Nắng Ấm Xa Dần (Onionn Remix),a16cf1d7-98d7-464a-bda1-b1138a025cb0,SPOTIFY_ALBUM_ID_CORRECTION,Old: 3KUd9jGyYodRBvyXirMZ4s | New: 7rj8J20yLUzYS7ViXe35Dk,2026-02-14T12:11:56.136449
6692,Complex Channel Collective Tapes Vol. 2,2363b8d0-2d80-44fc-8257-3b08cdbf64c1,SPOTIFY_ALBUM_ID_CORRECTION,Old: 1LdDtvMy9I4GSPGSZtxjNR | New: 6qspQlr06XOLgZUEahi8Jf,2026-02-14T12:13:03.599392
3528,JERK!,629a81ac-9bad-45db-b920-d1eb49bcbcda,SPOTIFY_ALBUM_ID_CORRECTION,Old: 2aN5HgEHkTi0DR0g0AkWHc | New: 25qxRXzRN6b89Qs5rmw9Vl,2026-02-14T12:14:54.539957
2832,7lane,15f78040-8371-4e1e-9c1d-7ac6363bc7d3,SPOTIFY_ALBUM_ID_CORRECTION,Old: 7m2ssvKHkBfEA1PtuYf7Gz | New: 0tXawrvIdYstuyhvIriyHF,2026-02-14T12:15:05.383454
7510,Uncontrollably Fond OST Part.5,eba11323-f99d-46c5-93ee-2b0169adeac8,SPOTIFY_ALBUM_ID_CORRECTION,Old: 2EcC9xTaKjbpKFeUUSfA4a | New: 6n9ISr3T3HIRLCp97PFY8c,2026-02-14T12:17:22.753505
1211,FINAL FANTASY VII REMAKE Original Soundtrack,8f2e48f5-864e-49c2-b69a-2aa9b1caee9c,SPOTIFY_ALBUM_ID_CORRECTION,Old: 4plMGSQK9DMXUecQfxpYrB | New: 3X5XU0ZHHFupmGIrciis3H,2026-02-14T12:18:08.377110
5325,Version,87935910-79cc-4b90-bd9f-9c3d2e08176e,SPOTIFY_ALBUM_ID_CORRECTION,Old: 15uqXXD0sAdZuxNxTxktlR | New: 1nojrwBYMmq5jY1gJYtywa,2026-02-14T12:19:06.391500
1119,Mer de noms,ccee00da-ac94-389b-b65d-a74d092cc94e,SPOTIFY_ALBUM_ID_CORRECTION,Old: 0GeWd0yUKXHbCXVag1mJvO | New: 0sEbwYm7G0LG5DwErpUXvl,2026-02-14T12:19:23.743583
358,Summer Fences,9d44af90-4aa5-45ad-885e-03dbe3db0af4,SPOTIFY_ALBUM_ID_CORRECTION,Old: 2klkMULowxJNpg5xl0bayv | New: 69re7nTE0My7zY0LHQomwp,2026-02-14T12:20:24.725300
7494,FTISLAND 6th ALBUM [Where's the truth?],68cc2a11-764e-4d21-b7ff-252f121596bc,SPOTIFY_ALBUM_ID_CORRECTION,Old: 2IqMulPYUkawNu1MjkYPFK | New: 1dyrs0C2iQkVEuVg6ZFPca,2026-02-14T12:22:27.575530
1489,Ducky Ducky (Flying Beagle),0c2b67d6-d58e-49b5-8f49-73bf2182eea5,SPOTIFY_ALBUM_ID_CORRECTION,Old: 0PL1lNBeepmw1pSc8AKVbm | New: 46GDOYQ370pZAP39bZ9tuL,2026-02-14T12:22:43.804699
663,Racing Mount Pleasant,efa3484f-fb32-41d5-b9bf-5d56a9237612,SPOTIFY_ALBUM_ID_CORRECTION,Old: 037axs2AfEPUD5LtjfFYSv | New: 6S3we3LnQcy47E2hhoamXV,2026-02-14T12:23:52.019532
5193,Chip Chrome & The Mono-Tones (Deluxe),50853278-fd6f-4b20-87e5-82c9ba76dc72,SPOTIFY_ALBUM_ID_CORRECTION,Old: 2JyArayVlT6t3MVWLLdSwZ | New: 4uNgt1uQs6wZRm4giB3shX,2026-02-14T12:24:57.640704
1356,Hourglass,ea583d38-bc7e-4007-b334-6bbf30fb1ae1,SPOTIFY_ALBUM_ID_CORRECTION,Old: 4tFSrJZPckRADRU0QGlbq0 | New: 29W3Vxx4N9W2FBfvY1LCD6,2026-02-14T12:26:36.949271
4399,Pong Dang,db3e4226-9c01-4708-88b0-3d29377e17c3,SPOTIFY_ALBUM_ID_CORRECTION,Old: 1pFgxq13Tw9ZU7owb3BTP2 | New: 10HrVZfZ5vWC8hSJuAAajG,2026-02-14T12:26:50.214611
6904,Lil Pump,d9958341-fb56-402d-8f87-18768d216bf9,SPOTIFY_ALBUM_ID_CORRECTION,Old: 2VVvm4zJlUQm9XmBCvGN6z | New: 6qnhgyu4cloYitQIcDJWhv,2026-02-14T12:27:37.401613
3629,2022 Tanging Ain't Dead Cypher,833e72c6-b22b-42d5-973b-f7c342e6d14b,SPOTIFY_ALBUM_ID_CORRECTION,Old: 4uDaEWj8W206qyyyndHri9 | New: 2ZW1S014i8z42f4G3icHPp,2026-02-14T12:28:52.514663
7115,Kimchi,fb61f9d7-1e12-4206-abbc-e0d86adedb3a,SPOTIFY_ALBUM_ID_CORRECTION,Old: 0gpVW4W63zOG6O2itQZvly | New: 3kpJzVQAnMxHHhjjKgm5S8,2026-02-14T12:29:11.919303
7549,Di Mo Lang Alam,7809546e-5529-4704-9869-8ba0b63a16bb,SPOTIFY_ALBUM_ID_CORRECTION,Old: 1CWDG5VyU1tqIeLIoi9YWz | New: 40MKrmsBWida3r4N05O0f2,2026-02-14T12:32:04.419931
7100,Tuesday,a104f5c1-8272-4139-babd-c2eb1832a30b,SPOTIFY_ALBUM_ID_CORRECTION,Old: 4KOnlxjy25uIkmJpNYoGxW | New: 2wwiPArf6GHRm4t4sKaA8i,2026-02-14T12:32:24.286904
3107,i n n e r t o r m e n t,053b1f7c-4b07-4390-a248-e350909417fa,SPOTIFY_ALBUM_ID_CORRECTION,Old: 782Mpan89DdI1KzyoRzsv7 | New: 6mHQX0imf1GfctUD5cQEWi,2026-02-14T12:32:38.673416
13751,Make It Right (feat. Lauv),0228077b-505d-4224-a882-d8d044bc8ed5,SPOTIFY_ID_CORRECTION,DB SP_ID: 4aQooO4mUMX1l457bgYR6a | Correct SP_ID: 3LSjYk6sFQaLi0MjtWcm8P,2026-02-14T12:40:34.100191
20837,Depend on you - Svenson & Gielen remix,6d56d459-f854-4590-9196-8839e2a8f2a4,SPOTIFY_ID_CORRECTION,DB SP_ID: 5vjAKPXdZFTdpIrmi7pkpD | Correct SP_ID: 3d1EFjeJ1mTh7kPEBWT0Hq,2026-02-14T12:41:10.912491
9153,Just for Me,595d6275-49b9-4897-a1a3-c199ec89fde1,SPOTIFY_ID_CORRECTION,DB SP_ID: 6OTKVgVpVaVjhRLYizPJKA | Correct SP_ID: 1Vrj9Vcbb0lOG94pQbYvzv,2026-02-14T12:43:07.569377
5760,#5,2a11a7e3-01b8-489e-8afc-d936fd53958c,SPOTIFY_ID_CORRECTION,DB SP_ID: 2waF939RizyTNhrDoq7ePY | Correct SP_ID: 1VSMN83PeecjCE2SS27PTJ,2026-02-14T12:44:22.084329
15197,Genie In a Bottle,fbe9ad8c-3a31-4b5a-9710-228b8c77907b,SPOTIFY_ID_CORRECTION,DB SP_ID: 2k2VvyJSikIagNmwLUOZKh | Correct SP_ID: 11mwFrKvLXCbcVGNxffGyP,2026-02-14T12:44:51.114570
16691,My My My!,06a2adc0-3215-467a-88ed-716a2fa911f3,SPOTIFY_ID_CORRECTION,DB SP_ID: 64XUnEytCtpytKZBc1loG2 | Correct SP_ID: 4NiehSBQthimPzRsVeOgCT,2026-02-14T12:45:52.261932
12062,Unholy (feat. Kim Petras),1a774967-444d-42de-aa65-b6160d1205e4,SPOTIFY_ID_CORRECTION,DB SP_ID: 0NZPBYD5qbEWRs3PrGiRkT | Correct SP_ID: 3nqQXoyQOWXiESFLlDF1hG,2026-02-14T12:46:16.934429
18479,なんでもないや - movie ver.,7310fd56-6c6c-4a88-ab8d-fbedaaab7741,SPOTIFY_ID_CORRECTION,DB SP_ID: 47c0yiND86tZSiOCR2oJ5w | Correct SP_ID: 7dEfa89dZfo6CQPdsgGCF6,2026-02-14T12:46:24.209916
17246,Joy To The World,991a4ee5-c24f-4642-a47e-42dd67e6b13b,SPOTIFY_ID_CORRECTION,DB SP_ID: 5jjsm4Jjq8xjDaue3rW9Go | Correct SP_ID: 1mzO1wiLzxDaG5DUAF9wdr,2026-02-14T12:46:27.912628
13879,Talk,9813a635-7212-42a9-93f1-b5c06d9c37a1,SPOTIFY_ID_CORRECTION,DB SP_ID: 62R6tHMZLTzqEvnNaqDXkz | Correct SP_ID: 5L0PKnlu8rvaKi2NimaruM,2026-02-14T12:47:44.287739
18761,초록비 Green Rain,bfb896b6-ed9e-4e4a-88a9-d2de6de61ba4,SPOTIFY_ID_CORRECTION,DB SP_ID: 2Wk3aupYDfFVpF02OuNEMr | Correct SP_ID: 5obZuQ3tc1RnkCEkibV53i,2026-02-14T12:48:04.166165
19919,Natural Disaster,1e702107-753f-426d-9869-f7280dfcff2d,SPOTIFY_ID_CORRECTION,DB SP_ID: 7js6ln9jNz8i1zPzaXc95U | Correct SP_ID: 04nemEju86ULMJ1iy6EAsF,2026-02-14T12:49:00.773750
19068,Silver Bells,89f9c8e2-8247-4de2-b564-1514b683e767,SPOTIFY_ID_CORRECTION,DB SP_ID: 1oAQ9y5jE4vEss5snz7Gi8 | Correct SP_ID: 00IqwkT0PZhJ86PJajRCqk,2026-02-14T12:49:04.613129
19698,Runaway (U & I) - Svidden & Jarly Remix; Paper Towns Soundtrack Version,fd4b374c-f88e-439d-8ac6-422583d57c3f,SPOTIFY_ID_CORRECTION,DB SP_ID: 4mQi8tVXXGyGShCOXExKol | Correct SP_ID: 6cVtDmNsxHnhjxrJ8VihXX,2026-02-14T12:49:18.334561
10318,そうだった!! (feat. 初音ミク),a12bc728-e55a-4df8-bfca-8e958acbd1e0,SPOTIFY_ID_CORRECTION,DB SP_ID: 6kZaGOtlo8oLRqFogE3UQa | Correct SP_ID: 6BSE4QSmInA6BuW2X4ZiH7,2026-02-14T12:49:23.555661
17478,Spine Breaker,fb6a162e-3f04-4db2-9722-4bc081eb433b,SPOTIFY_ID_CORRECTION,DB SP_ID: 0F3Dpp18yIxIm7XRmn0LBj | Correct SP_ID: 6OTAa2HlyRDPC2oWh42ROQ,2026-02-14T12:49:34.847679
14421,Moonfall,495480bd-ce84-465d-b2bb-8bbf22fc9c45,SPOTIFY_ID_CORRECTION,DB SP_ID: 5KZVisMuhOYdHpuR0FpmSW | Correct SP_ID: 5oeshHOFkjBliuaJaIt7r7,2026-02-14T13:12:46.155752
14397,Campfire,3badba46-9fb6-4778-9533-6b370ef53388,SPOTIFY_ID_CORRECTION,DB SP_ID: 3GUWnFQXWeCQhNflSOMmJ2 | Correct SP_ID: 3DB0iIHUdTZSWV47c5r0wz,2026-02-14T13:15:27.732402
262,Johnny johnny johnny,4aa930bd-9395-4cc5-8d56-ac4ecbcd5e62,SPOTIFY_ID_CORRECTION,DB SP_ID: 60qaApzoNFsAXhhPc5zDxh | Correct SP_ID: 2nVs0rD57nLb69ExMQxNw2,2026-02-14T13:15:31.413597
330,One,88c87840-0813-4dd9-ace1-45052085dd7c,SPOTIFY_ID_CORRECTION,DB SP_ID: 1yeHVJsVPN3ZskQ398be1E | Correct SP_ID: 3kMaPy5nIPzubgRyZZYnGe,2026-02-14T13:17:01.108883
319,High Horse,df9389c4-9330-4c27-9247-87d113a55ed9,SPOTIFY_ID_CORRECTION,DB SP_ID: 2tVhQGh2RBes4ucWS4bcqz | Correct SP_ID: 2YUUYGB1kMtXKTQ6ajAjTA,2026-02-14T13:17:27.112375
370,Emotion,b95e1aa6-4961-4ca0-b404-ebfbf96aa58a,SPOTIFY_ID_CORRECTION,DB SP_ID: 3AXa4MFV04J2xEXmDMvS2l | Correct SP_ID: 5ucGbZG1Eg3358FICjMVur,2026-02-14T13:19:04.867349
324,Runnin',9b240f72-c82c-460a-b2c0-ab9c74e79aaa,SPOTIFY_ID_CORRECTION,DB SP_ID: 1i7tKveM6Wo3dG31c5OwAL | Correct SP_ID: 0XgpiStoxq1IJncYlPrvZ5,2026-02-14T13:20:08.537287
194,On & On,c03b005d-5570-45e7-915f-9a7e26c4e929,SPOTIFY_ID_CORRECTION,DB SP_ID: 0tNuJpBgtE65diL6Q8Q7fI | Correct SP_ID: 0owTEaNt1zlck6YSSLqC9R,2026-02-14T13:20:21.012977
349,The World at Large,bd27c9e5-42d7-4191-a6d5-65013a2d6fd3,SPOTIFY_ID_CORRECTION,DB SP_ID: 5op53ANI4exiWqFHKuwWxd | Correct SP_ID: 5nKe9PgCtEhqdnvXAQIBhF,2026-02-14T13:20:41.621569
295,Dead forever,74577c80-97fb-4b76-bf8a-6bf89429d3f1,SPOTIFY_ID_CORRECTION,DB SP_ID: 2vzyqt2PutPPxAl52xvBHU | Correct SP_ID: 7l27Ygwdjprj2cZp8VJpZq,2026-02-14T13:20:50.523483
208,Goodbye Pork Pie Hat,cb044761-a5cf-4113-a86d-93109e4a6471,SPOTIFY_ID_CORRECTION,DB SP_ID: 3PJMsxg6rz9FOo6xNiASXz | Correct SP_ID: 3ZSoZgGDIXYjfD6niL9aTV,2026-02-14T13:20:57.886385
177,Sin,4283ae46-d452-4ed1-9a0e-f66595c6a386,SPOTIFY_ID_CORRECTION,DB SP_ID: 603q8qCfQVX7uRVnDpRpqb | Correct SP_ID: 2gNZCN86bRDGskyz7Eo2n0,2026-02-14T13:22:30.031142
243,You Got Me,cefcb6a8-4770-44b1-a1d2-5cb536b051cf,SPOTIFY_ID_CORRECTION,DB SP_ID: 7LSijpCcaOtHnsZJto71Qk | Correct SP_ID: 4pdLZsxq0y5oJDb6Cxlokw,2026-02-14T13:22:42.976258
14322,After You,d9b0bff7-ef98-496c-b96b-0d527e9a9731,SPOTIFY_ID_CORRECTION,DB SP_ID: 5KZVisMuhOYdHpuR0FpmSW | Correct SP_ID: 20ZkF14b39WBPeQJBxxlB7,2026-02-14T13:24:12.330090
451,Shake Your Rump,bae3b5f2-f939-4232-89f5-91ba49672ad5,SPOTIFY_ID_CORRECTION,DB SP_ID: 2qq0RYYIuQxXcOxQKN0drC | Correct SP_ID: 2y88GdVEM8GaF3d2X59ExG,2026-02-14T13:24:19.927862
373,Picture This,cdd09c99-25cb-49fb-b157-5f16d32f21ea,SPOTIFY_ID_CORRECTION,DB SP_ID: 7wz3rjLXic7K4LAKdlin2t | Correct SP_ID: 5oBPXMVKeWLMKFCpDLQRsZ,2026-02-14T13:26:04.479814
512,Limousine,7a2ab726-6f1e-4c25-963d-b7c2dfcfcb1b,SPOTIFY_ID_CORRECTION,DB SP_ID: 1PExhawz0iaufZ7Ux5FBGJ | Correct SP_ID: 5KhNIFP5RBwRhMOMDSW5IV,2026-02-14T13:27:54.652703
576,Cities - 2005 Remaster,e2938fde-a938-44cf-b526-b29976bd96a0,SPOTIFY_ID_CORRECTION,DB SP_ID: 4jSSPIBpwdh1KpAYqZTJbC | Correct SP_ID: 2T42dHq61RCZKioz0Cn0vR,2026-02-14T13:27:58.732874
513,Here's Where the Story Ends,78e00040-d869-4759-992d-7c7b794f82fa,SPOTIFY_ID_CORRECTION,DB SP_ID: 67Tp0vRSc3yJU0z1UQMD7B | Correct SP_ID: 0ow7mef0kPZ5C5LJbbGwcI,2026-02-14T13:28:22.415654
809,Candy Says,ab001e7b-28b0-40b5-9fb5-905e27600d29,SPOTIFY_ID_CORRECTION,DB SP_ID: 1NbgM9deOElsjyWeAmP1qg | Correct SP_ID: 1MTcM4nUWEXcFTBzhQXoND,2026-02-14T13:29:06.073276
571,When the Sun Hits,ddfee9ee-aa94-48b7-b963-d0b69bef7c72,SPOTIFY_ID_CORRECTION,DB SP_ID: 7aXUzHn4A6fGKofVPGCoeT | Correct SP_ID: 0oxYB9GoOIDrdzniNdKC44,2026-02-14T13:31:08.725255
496,Their/They’re/Therapy,2d36a305-f5c7-4d03-9806-8b0dc1e2f6eb,SPOTIFY_ID_CORRECTION,DB SP_ID: 5OJEsyWzmfqVzVEKL0LBsW | Correct SP_ID: 46ITQ1593TICaA4OlismQq,2026-02-14T13:31:48.049399
540,The Next Movement,88f248ac-2df4-4664-b7ea-570b1e1ac4d8,SPOTIFY_ID_CORRECTION,DB SP_ID: 6oObYkdW3HMbqCV3AhSfVR | Correct SP_ID: 0NSYVDo4ryxNWln7TfEyex,2026-02-14T13:31:55.316793
518,LOONATIC,eb881d41-172f-4ec6-8378-f75d5b125b22,SPOTIFY_ID_CORRECTION,DB SP_ID: 1mTdL5A5cF3gJqwK0SXOQ2 | Correct SP_ID: 5LuEObxrURcJEuBF2NhKlr,2026-02-14T13:32:09.962076
665,The Free Design,8034d4b9-d3f3-4a0e-9346-26f93e6cbb3d,SPOTIFY_ID_CORRECTION,DB SP_ID: 2Z8nBQ71zK5aUUTIwcaCnf | Correct SP_ID: 7GgzWZ4eAOZU5IzrnkAj7U,2026-02-14T13:34:18.455674
824,Saturn,9b6b096f-36d8-4297-b181-ea501c4b41a2,SPOTIFY_ID_CORRECTION,DB SP_ID: 63VqnjTVYJiwVoUm0OCdy6 | Correct SP_ID: 040I32EKLxQrkuxQu1pqvT,2026-02-14T13:36:01.177220
969,Corona,7b4fa180-d67f-4ce8-97d9-3532de04c34b,SPOTIFY_ID_CORRECTION,DB SP_ID: 2LUVo82IKIpCuBNSaqF0G8 | Correct SP_ID: 14RPrxrxirCnnRc5xSSsqX,2026-02-14T13:37:27.592549
800,Painless,7c35f8a8-66d2-408f-8012-b458e847928f,SPOTIFY_ID_CORRECTION,DB SP_ID: 04Ktlj5fakDQhjqYSNYTEL | Correct SP_ID: 1e8E4kK2o4dl3DosSAx2E9,2026-02-14T13:37:36.919236
834,The Drapery Falls,7fd04e5c-5465-4e6a-bf42-1acaab4e7e1a,SPOTIFY_ID_CORRECTION,DB SP_ID: 3OhcMJk4hCebfDH1h4Z8mX | Correct SP_ID: 1kLXoAje5Z4mlZOAFgZZj3,2026-02-14T13:39:37.990234
911,Born Free,0901119e-3d25-437b-9c07-de850b86cc1c,SPOTIFY_ID_CORRECTION,DB SP_ID: 0CcC4ADLOF9bFkFUW3CgDb | Correct SP_ID: 4KK5zXPdms6SRj1uZn1cmn,2026-02-14T13:39:45.435236
913,White cat,e5f34db0-171f-4e74-821f-791241dd1db7,SPOTIFY_ID_CORRECTION,DB SP_ID: 5BWbSaBRCeCeYZnHRqGpNt | Correct SP_ID: 0CQw1L7u32eodpiCTi5hw0,2026-02-14T13:40:08.858779
743,臨界,3a81e5e4-1ea9-4446-800a-4d3376a834a6,SPOTIFY_ID_CORRECTION,DB SP_ID: 4fac7HJoc2SYBkWPmNvf1l | Correct SP_ID: 0NxGkGwCssAKWE3zOjW9bl,2026-02-14T13:40:35.719948
953,Mercy Mercy Me (The Ecology),3435f8a3-c934-496a-8191-ad0b667afaa4,SPOTIFY_ID_CORRECTION,DB SP_ID: 3IDc87lrpEHWFBASmgTgFV | Correct SP_ID: 6XZN3bbWNZpckaPNW8FAEm,2026-02-14T13:40:53.563597
1159,Changeling,ca75e009-2e31-42a8-a102-66ccb6cb6432,SPOTIFY_ID_CORRECTION,DB SP_ID: 7mcgWScB1GwLkR99vS2sId | Correct SP_ID: 5DIaZd2T8XohPHN72PkxTq,2026-02-14T13:40:57.421291
1121,"Feedbacker, Pt. 3",eff1e3c5-8d1c-4e7a-8e0f-4bbb418d9e46,SPOTIFY_ID_CORRECTION,DB SP_ID: 3AFq9oiZCRJQJgL3yCpMEt | Correct SP_ID: 0cUacLMrsTYFxW8sfPMxPJ,2026-02-14T13:41:05.981598
14317,Hammock,ff07e8f4-42e9-41d4-8540-9c7739d6c6f1,SPOTIFY_ID_CORRECTION,DB SP_ID: 7vFJFvTjA3stQjpAP6S4ET | Correct SP_ID: 4BvWfICNLwkmkQ1FtNrEpt,2026-02-14T13:41:16.607410
1132,Viola,71d18379-672a-4240-9706-b6ba6862532c,SPOTIFY_ID_CORRECTION,DB SP_ID: 4ZfaL1CGxoK5LiBDYZ2AKm | Correct SP_ID: 4srk9VdSiPW0IKqeX4KNDb,2026-02-14T13:41:52.650889
994,Thriller,8403caf8-3714-46da-934c-1fe91a049540,SPOTIFY_ID_CORRECTION,DB SP_ID: 2LlQb7Uoj1kKyGhlkBf9aC | Correct SP_ID: 1A1eQ01CbtSZeyxj6489IS,2026-02-14T13:42:32.103614
1117,Beautiful Morning With You,ce0f2789-3214-4a49-b13b-e1b5c8c9d46d,SPOTIFY_ID_CORRECTION,DB SP_ID: 4D2wOw0lUTk6jnmoSjoV6q | Correct SP_ID: 2ywegifpHMzTTls4ptnzY7,2026-02-14T13:42:54.223996
947,Gold Soundz,2bae2916-6599-4f31-a2da-0434ceb126c7,SPOTIFY_ID_CORRECTION,DB SP_ID: 3QVtDnXU5zqGWxWDFBMiDj | Correct SP_ID: 3b3WA8gsNB1EzPAK2EJZJu,2026-02-14T13:43:01.595228
1270,Hole in the Earth,9e143a9b-8b24-4e52-aac7-726bb2740825,SPOTIFY_ID_CORRECTION,DB SP_ID: 5MLwqi4ybLiYq6dfCpECWT | Correct SP_ID: 5Bpc360LNUScK53FrM8nvB,2026-02-14T13:45:49.343098
1230,Drop,d54a97c2-0763-4584-9bbf-e6821b8664af,SPOTIFY_ID_CORRECTION,DB SP_ID: 1OtuQOXXwUlVtANl1FeYZg | Correct SP_ID: 7sT3O2PXs1o12XnCKlv204,2026-02-14T13:46:04.681078
1053,The View,00759cc9-9a2f-43b5-b6a2-516fcd20ee64,SPOTIFY_ID_CORRECTION,DB SP_ID: 7mKkJuVgkR72ozJGvJOTHP | Correct SP_ID: 5b9lH8ThEcXGWsBM3TqAi5,2026-02-14T13:46:13.518308
1426,In the Distant Travels,ca4bb0d4-27a6-44d7-a007-022d49c61e4e,SPOTIFY_ID_CORRECTION,DB SP_ID: 01R3LjAOaCAC4SZlPh2GFO | Correct SP_ID: 4ygWLAbCJJ1ibVsDhnqfe5,2026-02-14T13:49:34.932459
1234,Shout,548f642b-b441-424f-ad35-efb88efd2df4,SPOTIFY_ID_CORRECTION,DB SP_ID: 6UQDkQdtvj3f7F7edAsqda | Correct SP_ID: 2JXaRzQLNNpuFMsxGHjGWd,2026-02-14T13:50:42.624618
1240,Head Like a Hole,55cd2583-89a3-4273-9d3d-c049e4ef94cb,SPOTIFY_ID_CORRECTION,DB SP_ID: 3ckd4YA4LcD3j50rfIVwUe | Correct SP_ID: 6j0Q06QmlWdd8xlS8NrOhl,2026-02-14T13:51:22.098181
1484,Feel No Pain,9d6b4d87-6ceb-4e3a-9457-029963ae9d5e,SPOTIFY_ID_CORRECTION,DB SP_ID: 3r0Q8oUYyHjViM43bAUP3D | Correct SP_ID: 52UtbeYCdauAFGDNqjGcjA,2026-02-14T13:54:47.400251
1372,No Ordinary Love,14c3afc8-4dff-47ae-ae61-7e6c3d5a285d,SPOTIFY_ID_CORRECTION,DB SP_ID: 1oaaSrDJimABpOdCEbw2DJ | Correct SP_ID: 1tV7RXsTGdwxAvEo8Rv9pp,2026-02-14T13:56:04.089408
1494,Death & Romance,5b34596b-e458-40c9-91e5-5b97491fb07c,SPOTIFY_ID_CORRECTION,DB SP_ID: 5m3rVRNkTv5EQnPuF293we | Correct SP_ID: 7DscWF0Zc73WJM6oByq17m,2026-02-14T13:56:12.894263
1639,Call Me,9042d375-7f56-4439-b5e3-bb946757f108,SPOTIFY_ID_CORRECTION,DB SP_ID: 7HKxTNVlkHsfMLhigmhC0I | Correct SP_ID: 7nyCXaQnI2LTeDMLXuoQrN,2026-02-14T13:58:03.517072
1480,Pearls,7203b900-9d2a-48c3-9d4e-2ae9cb679ad4,SPOTIFY_ID_CORRECTION,DB SP_ID: 4J7s7j5ulwElPG7HaGQDXR | Correct SP_ID: 2PjOoMMuPLm12GwuK4t1TY,2026-02-14T13:59:17.739851
1476,Can't Stop This,6e476e18-3747-43c7-95d5-7a7212782b06,SPOTIFY_ID_CORRECTION,DB SP_ID: 26JlTPmiv7wdB86MjLno7f | Correct SP_ID: 18TuqgQTP7IfnmwexrbDFx,2026-02-14T13:59:28.620500
1398,ポリリズム,c78ea507-2bb3-4b01-a5b3-7e72b6097628,SPOTIFY_ID_CORRECTION,DB SP_ID: 3IWzOSGCf57fH8By18bp55 | Correct SP_ID: 0E5TZgeNbdxoR7YwZG9PTO,2026-02-14T13:59:46.378959
1427,Ms. Jackson,71de7dc6-e863-4ff5-939e-7d1dc57d880a,SPOTIFY_ID_CORRECTION,DB SP_ID: 0I3q5fE6wg7LIfHGngUTnV | Correct SP_ID: 0be6Gi3PUhx1rT1hqFCUhI,2026-02-14T13:59:58.771433
833,Cheerleader,1d2377a9-fdb1-4e75-a8fe-33647dc84eeb,SPOTIFY_ID_CORRECTION,DB SP_ID: 5iyuwVaMliMdloOzSBxohv | Correct SP_ID: 1ggsR5kCepKTW4F64bCFdV,2026-02-14T14:00:34.710002
1743,Holiday,9a1ee7df-2bea-4b7c-ba7a-f1cc3bbca7e6,SPOTIFY_ID_CORRECTION,DB SP_ID: 7BqOaCe91KO42CrBFkXPYe | Correct SP_ID: 1cZVpIpxpCvXDvahwpnHGp,2026-02-14T14:01:13.895102
1633,Beach Community,d7e51fe5-e685-4847-8689-3c01b1b1248f,SPOTIFY_ID_CORRECTION,DB SP_ID: 4ixIMrAL9BxBelkSB5OxKb | Correct SP_ID: 1U47IigtKL1U2NdBRg8BEa,2026-02-14T14:01:47.782577
1640,Uncertain Smile,bb1e7059-38af-4a3e-9b25-13ac8774ef4b,SPOTIFY_ID_CORRECTION,DB SP_ID: 43UlJb2e7Vm2110QC4Gh2l | Correct SP_ID: 31alFPGPYXPTGLQfmkp8fh,2026-02-14T14:02:37.925415
1647,Give It Back,e3b76b71-a107-41d1-ba82-f5d78f180a47,SPOTIFY_ID_CORRECTION,DB SP_ID: 65lzU29K7uXLHxJNI70d4Z | Correct SP_ID: 6aHFdm58mPF4YPJX3FgI0z,2026-02-14T14:03:09.072903
1708,Unfold,6a2800f3-4d6a-4295-a4fa-5723aef92a94,SPOTIFY_ID_CORRECTION,DB SP_ID: 36kCSJg8ZBwiSCUECFKGUy | Correct SP_ID: 5Wf9cAnVnBxFdFezlxyySA,2026-02-14T14:05:10.450308
5894,God Damn the Sun,76c150e7-be98-4398-8a50-143f03f94527,SPOTIFY_ID_CORRECTION,DB SP_ID: 4keg6UlPTUk5eAoIvf9z72 | Correct SP_ID: 37oHBBYZdqH3OOcV8sO1QG,2026-02-14T14:06:33.285104
1902,I DREAM ABOUT SINKING,b9dd4868-e5ed-4622-ba2c-a32fb6b9fda4,SPOTIFY_ID_CORRECTION,DB SP_ID: 1Pl6WfpPcicGFAlaQZoQcJ | Correct SP_ID: 7r4GRO41L0wXxtX517bD1z,2026-02-14T14:07:04.654668
1901,NATURAL CAUSES,b93c1064-c39b-4d18-860e-0118d735c3ba,SPOTIFY_ID_CORRECTION,DB SP_ID: 223cxDEAew5PyufKXOX8Hg | Correct SP_ID: 1JgKOENf1Lu6okHg3zOawY,2026-02-14T14:07:08.351985
1898,FORGONE,657eef14-2472-4f7f-a637-b3b85cbc97ca,SPOTIFY_ID_CORRECTION,DB SP_ID: 50SUl5f6BMCWSV2JX1TAWh | Correct SP_ID: 5R8rdwKrlSBZq4KiqxbcjM,2026-02-14T14:07:15.619498
1945,XXXO,cfc00462-3d92-4e1e-8e64-edd59b67bbd4,SPOTIFY_ID_CORRECTION,DB SP_ID: 7sBrZd8pItFxu23LhXDT1R | Correct SP_ID: 5fBx0CyspbLYEO073IHxGN,2026-02-14T14:07:45.350816
2051,Expression on your face,5134879b-4f6d-4c2a-be65-00adade3c647,SPOTIFY_ID_CORRECTION,DB SP_ID: 0w7D97OKS6CN9KZyKqoFUn | Correct SP_ID: 0FEbe5hB2HqCFOaXpgZ7hD,2026-02-14T14:07:49.002597
1942,Headlock,d871b5ab-0a48-4b93-95d7-be3e6a599248,SPOTIFY_ID_CORRECTION,DB SP_ID: 0tAX3EBK7aZpvmv0tb7qbE | Correct SP_ID: 63Pi2NAx5yCgeLhCTOrEou,2026-02-14T14:08:31.976516
1983,Bullet in the Head,7ab3b7d4-5a33-4478-aaa0-50cb6bdfc652,SPOTIFY_ID_CORRECTION,DB SP_ID: 11cxKUEgnVAlesUKt4e3br | Correct SP_ID: 1WWgMk8nD79p8VeKFGYrOw,2026-02-14T14:09:42.094660
2061,Image,29ba0b6f-f966-4b53-90ba-d1262bebaf1a,SPOTIFY_ID_CORRECTION,DB SP_ID: 0QW0KPBXXv67haGjbtkRRB | Correct SP_ID: 4O45RxFmWr88UfFlNtsXUy,2026-02-14T14:10:05.854563
1899,THE GREAT BAKUNAWA (with Danny Brown),f5647764-31f7-4511-9f20-44cbe41c4070,SPOTIFY_ID_CORRECTION,DB SP_ID: 6h9dDQDCFspMTxHREwn2pu | Correct SP_ID: 4SweX76iW04oBKMMcle66z,2026-02-14T14:10:21.877793
5280,Revans,c20a646b-b8da-4cec-a18f-0ba037860b28,SPOTIFY_ID_CORRECTION,DB SP_ID: 5FCYIMDFz1N5IDrWHvRsRj | Correct SP_ID: 2fkefVBwTkw2KaiY0M84hI,2026-02-14T14:10:30.922361
2130,I Zimbra,87263f82-6bc9-437c-a49c-d26f845e7370,SPOTIFY_ID_CORRECTION,DB SP_ID: 6WXWvuIVR2g3MklmHXXZp8 | Correct SP_ID: 4e0UdY8qRtUH2Knm8fGTNA,2026-02-14T14:11:07.205168
2207,jellyous,805f2dbe-f3c5-4306-be82-12b02ba9eb96,SPOTIFY_ID_CORRECTION,DB SP_ID: 0wFU2pYHZi45Ws1VD6aSJX | Correct SP_ID: 51pREVFJeAJGvhJ1rYCKZH,2026-02-14T14:11:18.094876
2219,Lies,ea916e7c-8ac3-40e0-993f-56f8f1d896dc,SPOTIFY_ID_CORRECTION,DB SP_ID: 7JBjt9Ca86C14ipRqMBayk | Correct SP_ID: 4UpPZOBsGspPgnQzCmTugx,2026-02-14T14:14:18.868556
2221,Confront Them,37e1b230-8b93-4ad1-82c2-3121ce2b2689,SPOTIFY_ID_CORRECTION,DB SP_ID: 776FYPOEIWYmIN8XSw61om | Correct SP_ID: 6Pj0uuvmwoX29XPVal8rvs,2026-02-14T14:14:22.543349
920,Is There Really No Happiness?,b5483069-769f-44b9-a95f-43674c3ff7f2,SPOTIFY_ID_CORRECTION,DB SP_ID: 3eE6IderHf7lnqOorqiNVK | Correct SP_ID: 01xyAVYhR2QJ9YsiFnGzw7,2026-02-14T14:16:13.312496
2120,Huge,94eb4cdb-8bdd-42bc-ba4a-b04a16621bc3,SPOTIFY_ID_CORRECTION,DB SP_ID: 2Kh0BOXOcUqYncAfwu6DYg | Correct SP_ID: 0ICGMk3VNEmviOYyJ2K31d,2026-02-14T14:16:17.244687
2198,Wolf Like Me,a8618514-577d-4bc2-b810-eac5f7f1e542,SPOTIFY_ID_CORRECTION,DB SP_ID: 2lAASBrQo7insOmiMGJOoF | Correct SP_ID: 6Zgd7SomLTZkL1WPh4CUnV,2026-02-14T14:17:22.351920
2283,Why?,00cc2712-0d01-427f-af50-9a742b7d539c,SPOTIFY_ID_CORRECTION,DB SP_ID: 6ZfbRzC0HfmjDnpXQPXY6T | Correct SP_ID: 6UoD6Lt94SRQJEXRgga672,2026-02-14T14:18:16.905687
2476,Call Out,5f777090-0745-441d-863f-374718dfe3a2,SPOTIFY_ID_CORRECTION,DB SP_ID: 0oSJX98fXcVo63bATgLFK6 | Correct SP_ID: 1yiUaNOF3OesNc6mQQzDWw,2026-02-14T14:22:30.498390
2475,Derailed,53ff736a-d67b-47cc-af55-92f6f56793f5,SPOTIFY_ID_CORRECTION,DB SP_ID: 2xKIui0AOJ1QKd503CacAT | Correct SP_ID: 6e17LY4vswSTH07LNLAzJ5,2026-02-14T14:22:34.119745
2474,Famous Friend,eda9f6d7-b8fa-4391-bd68-f5812f3f96e3,SPOTIFY_ID_CORRECTION,DB SP_ID: 1EoLBV5MUwBsDiwUHEQwCf | Correct SP_ID: 15mwnc8HDxvPpVhYpLi8dE,2026-02-14T14:22:37.789001
2473,Leather Jacket,3d1743e2-1eac-4685-bde3-da5cec4e0100,SPOTIFY_ID_CORRECTION,DB SP_ID: 40999Ybj4I31HZzXmW5a9y | Correct SP_ID: 4yhVRRZlSqSx1HdGqgI7F3,2026-02-14T14:22:41.458130
2472,21st Dead Rats,0c63b9da-3ec5-4483-a6bf-bee3ee7da5bb,SPOTIFY_ID_CORRECTION,DB SP_ID: 1OvJA2wPpd1M9xHds8uLBs | Correct SP_ID: 6z4txQmS9tUgar8VKrEwid,2026-02-14T14:22:45.244099
2470,Ashtray Petting Zoo,86136b32-de0f-4c96-94fc-8fabb24dbc24,SPOTIFY_ID_CORRECTION,DB SP_ID: 4MwZGsvO5WICnMwRGBVXqA | Correct SP_ID: 5eJHTJ9qDYQCRoOxJEFYyh,2026-02-14T14:22:48.923291
2477,Orange Julius,1942d72e-5ecd-474d-a55b-847babacf17f,SPOTIFY_ID_CORRECTION,DB SP_ID: 0ldGAhHbcmiLswvQmg8GLn | Correct SP_ID: 1xrTS11qJ2m5BEc3Gsya09,2026-02-14T14:22:56.158837
2545,Doralice,04c1263e-ff58-40e1-b89b-731e88b606ed,SPOTIFY_ID_CORRECTION,DB SP_ID: 23vCs9GQvquT6DDbUXqqWo | Correct SP_ID: 2s9UFO4G23DGzo8kYBkZcT,2026-02-14T14:23:08.672504
2530,I'm Cool (Interlude),375371b0-64f7-4365-8e6a-609c8dcdb0f4,SPOTIFY_ID_CORRECTION,DB SP_ID: 3R4IgnYTITZGpGfCZ3ptkM | Correct SP_ID: 7zvWvEzb3Y7uwGz07ZwgFl,2026-02-14T14:23:28.438138
2528,Kim & Cookie (Interlude),35d195b7-51a8-49e9-a639-80a629a411ab,SPOTIFY_ID_CORRECTION,DB SP_ID: 51QLvM437Xstp0bLdq0aFj | Correct SP_ID: 3w16OL9nnh4yIhB0J2cKfi,2026-02-14T14:23:44.641025
6710,KNOCK YOURSELF OUT XD,14d489e5-968e-4213-b423-b47fd3a369e3,SPOTIFY_ID_CORRECTION,DB SP_ID: 6yfY7OdAz4VEOjPUOP3yzN | Correct SP_ID: 1iUPor4IVSkCX5C781v8hZ,2026-02-14T14:24:50.078584
2625,I Want You,b8a7c23a-30e9-468d-ae15-35380e402170,SPOTIFY_ID_CORRECTION,DB SP_ID: 4643yHVr2Y0c4uKO24Vigi | Correct SP_ID: 5OFD3jSOLc9Ked6ZuTO839,2026-02-14T14:25:45.828423
2644,Have You Got It in You?,25c22627-b4a3-4f55-854e-b85dd82ca945,SPOTIFY_ID_CORRECTION,DB SP_ID: 1JcXfpmvyq2cZDYDAnSssI | Correct SP_ID: 7Jlf6YCwGzfHWJByUkb6ll,2026-02-14T14:26:03.163006
2642,Hide and Seek,c257113a-c792-4f8d-b18f-2bf1fe8f863f,SPOTIFY_ID_CORRECTION,DB SP_ID: 2Ac0Zn3FYbXjdjEsIpWThz | Correct SP_ID: 2tej1KSqNuxwywIpY1rDRc,2026-02-14T14:27:07.656880
2641,Clear the Area,1d49f5ed-46aa-4b39-bf01-26f1b776c24c,SPOTIFY_ID_CORRECTION,DB SP_ID: 3EMioWjPVcMFL4R6Kqe7Vp | Correct SP_ID: 2Fbom5lDklIGTsYPR8FCq8,2026-02-14T14:27:11.258682
2638,I Am In Love With You,721427f0-5ff4-4ba7-a976-e3c21b05a586,SPOTIFY_ID_CORRECTION,DB SP_ID: 4Uh2EEFhkOtNB6yhenGrMK | Correct SP_ID: 3KV5odM9IHwG5xyvwFLWbw,2026-02-14T14:27:14.910971
2637,Closing In,89348d02-d879-458b-b619-5673c01597ba,SPOTIFY_ID_CORRECTION,DB SP_ID: 0On3z6Y6D1hKVbAdLOHBIr | Correct SP_ID: 6kt3fnRZ0DBK1rkGyZBgV7,2026-02-14T14:27:18.561453
2645,Goodnight and Go,3b4a3bd3-944d-45f4-ac92-ab72a7448ba2,SPOTIFY_ID_CORRECTION,DB SP_ID: 2iJ9TyJqJ8eLHNuswYyQL6 | Correct SP_ID: 4lJjVASVLA8m4RJUCD6MPL,2026-02-14T14:27:36.610165
2731,Bon Voyage,7b7ba751-f02d-48de-821a-4fa94b9e0955,SPOTIFY_ID_CORRECTION,DB SP_ID: 4CfjowwUEGviS86FoABRCJ | Correct SP_ID: 2NVvIUjLLFENf5WxF9v8CG,2026-02-14T14:29:03.946975
2793,Sketchbook,384131f9-5223-4670-b0a2-4061bfade8d5,SPOTIFY_ID_CORRECTION,DB SP_ID: 1GhcUklSXfhH2jdZrRmuL2 | Correct SP_ID: 5DKcPIf0sRQDWABI5QBagN,2026-02-14T14:29:11.017131
2790,Geez louise (with henhouse!),99471e7c-4ea0-4009-bc7e-b8342a6ffb6d,SPOTIFY_ID_CORRECTION,DB SP_ID: 3v1awewJB3C5QAC8hgggHK | Correct SP_ID: 75oFbuRrKgPMf4nYnRLcXk,2026-02-14T14:29:56.701241
6704,Everything To Me,4c28a147-f7f7-47db-8e2d-10d62c65291c,SPOTIFY_ID_CORRECTION,DB SP_ID: 6i5aXpYzgLYuBmT94udGBY | Correct SP_ID: 0xHiJQLducQk0XqvykdQx5,2026-02-14T14:31:27.772169
2762,Mirror,d6d8f2c5-3f61-4c90-aba4-52b38d58a58e,SPOTIFY_ID_CORRECTION,DB SP_ID: 6k4f9cRrCBLxoFQGZHJ8QX | Correct SP_ID: 3U27tTgADLPyL7i7CpJt1f,2026-02-14T14:32:46.468583
2964,Fourth Time Around,3c24b2b7-3ad6-4c7a-8d01-6124e5051599,SPOTIFY_ID_CORRECTION,DB SP_ID: 4i4oDSWluhViEzuYIZYtmJ | Correct SP_ID: 4Lo9ZhL5zVKpzjYmQPb71G,2026-02-14T14:33:03.275352
3039,No sleep,75a9ad05-89cc-4926-80e5-b241144fa61f,SPOTIFY_ID_CORRECTION,DB SP_ID: 4NGKKYlXp4jRVJrV3gdOma | Correct SP_ID: 0b0bOG64dBylIiemVhsGxu,2026-02-14T14:33:07.131424
3037,Guesthouse,dbcf64a1-a455-411f-97e7-b13af8263c74,SPOTIFY_ID_CORRECTION,DB SP_ID: 37C8WyJGhFFpbt8vHqC7mL | Correct SP_ID: 4vfqKKWYFijdCGVwZkExyd,2026-02-14T14:33:12.355548
3036,Spider,2375a07a-234a-4d1a-a160-5d42ed885dc7,SPOTIFY_ID_CORRECTION,DB SP_ID: 2SvI8wnAYt0QMQoRDi1tIc | Correct SP_ID: 7iwljlEEmvOIurvOyUTTFL,2026-02-14T14:33:16.118174
3035,Recoil,ca7630a6-ac91-412a-aa81-7ab2d3c16075,SPOTIFY_ID_CORRECTION,DB SP_ID: 3gFmL8po3YIZ8Nc4M1qGcJ | Correct SP_ID: 5mqLILLUShe2rjaV1dcqPr,2026-02-14T14:33:19.902481
3033,We don't exist,ee61f9c1-ace4-457e-bac9-9daf75a1a5d0,SPOTIFY_ID_CORRECTION,DB SP_ID: 3TQdjm4eP9n6Hg9iS2SIov | Correct SP_ID: 2528bOwiGNc8UAavrvzLnb,2026-02-14T14:33:23.644614
3030,Sister,5dcd7ea4-a76b-45dc-aafa-bb2854ac77d6,SPOTIFY_ID_CORRECTION,DB SP_ID: 2mkCAh6bWzMD9AUC97rvjy | Correct SP_ID: 0nmwzXWcQ7811lhoYdNCWk,2026-02-14T14:33:27.300862
2849,DIM,8f4ec527-697d-481c-95c4-981aac6dfe25,SPOTIFY_ID_CORRECTION,DB SP_ID: 2nt2xZTzSeXYiMzHlZHGUf | Correct SP_ID: 1gSL3uw5BpfMNvXNXHtzWi,2026-02-14T14:33:54.773178
2938,Dancing with your eyes closed,847f3311-d462-44ad-9cd6-f69c528cd4f1,SPOTIFY_ID_CORRECTION,DB SP_ID: 1QkeomwCeKgXOEWoMHzrXr | Correct SP_ID: 1XD4K4CGAKTIBmFpvuaFru,2026-02-14T14:33:59.915594
2949,Seventyseven dog years,16e54bf4-a4af-4de2-8bb2-be776a53ba4b,SPOTIFY_ID_CORRECTION,DB SP_ID: 3irkFAVOrI6hy6PB0C725w | Correct SP_ID: 68qh6WgWbcS5TvmMbVU6ro,2026-02-14T14:34:44.440036
3040,Play my guitar,d5a4394e-9ece-44df-85f7-698304a7d895,SPOTIFY_ID_CORRECTION,DB SP_ID: 5vMWwn8e143fh120JlUvOK | Correct SP_ID: 2ivXSSVfpv2YUYMqX9x426,2026-02-14T14:34:53.627530
9076,Cut lips,35bfc7aa-261c-41e9-ad2f-0710de6cd239,SPOTIFY_ID_CORRECTION,DB SP_ID: 5C3qLLbnvAZSBswWi9P6Mr | Correct SP_ID: 0QVDBhHwoorM5glLuGIaNp,2026-02-14T14:35:12.056742
3172,Bombtrack,5bcd09ac-8a2e-4a12-a3cc-18341b7759c6,SPOTIFY_ID_CORRECTION,DB SP_ID: 6ZU9RJIZ0fNaFuQM57bDIA | Correct SP_ID: 2rBHnIxbhkMGLpqmsNX91M,2026-02-14T14:36:30.475754
3171,Take the Power Back,6a6599d1-4859-40ea-9b1c-003002e7c77e,SPOTIFY_ID_CORRECTION,DB SP_ID: 3tTL7jlSkowXidYeafFtwG | Correct SP_ID: 25CbtOzU8Pn17SAaXFjIR3,2026-02-14T14:36:34.127677
3168,Wake Up,b16b3a84-c890-4d3a-aee8-2020c525b244,SPOTIFY_ID_CORRECTION,DB SP_ID: 6zbHSDJjgrNdfIxPyGfPBt | Correct SP_ID: 2QiqwOVUctPRVggO9G1Zs5,2026-02-14T14:36:37.775492
3167,Fistful of Steel,cd2711d6-2687-44b3-9a0a-3b72a5932a38,SPOTIFY_ID_CORRECTION,DB SP_ID: 3YEk8mVdMI7rxtfimlUd1G | Correct SP_ID: 67qdozSgFFHL6VGW85KmtD,2026-02-14T14:36:41.559539
3165,Freedom,1c022a92-0e26-475f-a170-7ccb1e568ef0,SPOTIFY_ID_CORRECTION,DB SP_ID: 1zVE9JBBy8j0KmlbM8Xwhi | Correct SP_ID: 48lQegoLqGAzaRLnMwK0mO,2026-02-14T14:36:45.241664
3023,Frozen,bcde755b-0d7d-4d6e-a20e-1364b2800ebd,SPOTIFY_ID_CORRECTION,DB SP_ID: 2II03llydk4YnkBBvoYB3B | Correct SP_ID: 0YT8MKXuaRdhOnDG9Jm1Dv,2026-02-14T14:38:12.754897
3067,Lucky,79047824-f821-4b1a-9893-e0cea1c947dd,SPOTIFY_ID_CORRECTION,DB SP_ID: 14xj58ZexBaEaHARb11Cqs | Correct SP_ID: 3PFfoQq1grPcfTSW2eTAJb,2026-02-14T14:38:53.698731
3085,Hurt,ab7805a8-c161-403d-92bf-a92c8b8e17dc,SPOTIFY_ID_CORRECTION,DB SP_ID: 06E2wdQZkuZCErWNK26l0U | Correct SP_ID: 27tX58NOpv1YKQ0abW7EPy,2026-02-14T14:39:19.613081
2999,Orestes,84bedce5-9609-411e-8b82-f19ec651d5eb,SPOTIFY_ID_CORRECTION,DB SP_ID: 6YUKAH1icwkA3U7fVp3amo | Correct SP_ID: 4few1ynLUjBWKVmAePCgWx,2026-02-14T14:40:11.278290
3243,Y?,e0c1c20e-592b-4dc7-9593-510ef965fcbb,SPOTIFY_ID_CORRECTION,DB SP_ID: 1dTBmjGoQg0zRznDnV8hpf | Correct SP_ID: 4FRvj6a6VIu6GkzgGvliRs,2026-02-14T14:42:12.522065
3203,Bear Trap,0d014c16-4b65-4324-b8c2-f9e696ee040f,SPOTIFY_ID_CORRECTION,DB SP_ID: 0BwmNPBKdTqekVNhXPXksW | Correct SP_ID: 5EKT0VlgwKmBkYMLcgOPpm,2026-02-14T14:42:16.174256
3162,Jumbo,cefdfe46-fff8-41db-a5f3-490f0ae717c2,SPOTIFY_ID_CORRECTION,DB SP_ID: 5szwy9CCFHOvnvPRKTFSAm | Correct SP_ID: 7943kl5mnLGa1Q4qHY3RPF,2026-02-14T14:42:50.113724
3491,Mona Lisa,50b28ca1-2921-4ff4-bf16-bc085665050e,SPOTIFY_ID_CORRECTION,DB SP_ID: 10eSd64aL2TYuGLdrYCfU9 | Correct SP_ID: 5ST9lMM8h2Ju7vzPsUkjFs,2026-02-14T14:44:44.861327
3467,Moments,7f46834d-487d-452f-a86e-84c3bd4eb126,SPOTIFY_ID_CORRECTION,DB SP_ID: 4jX6Xk2zYcgFnLmg7sCe1r | Correct SP_ID: 6eHeOjnXQ0G7PserncDqzP,2026-02-14T14:44:52.577570
3245,All Live,14e5393c-990a-4958-bd8b-43066c9b2312,SPOTIFY_ID_CORRECTION,DB SP_ID: 0CaRgFq8mjG5q8OKnzeX3C | Correct SP_ID: 65T6mllSYGORBi6SYu3PDu,2026-02-14T14:44:59.693344
3244,Hey You,982c3dba-5a81-4ae8-a152-5ccd6d967c78,SPOTIFY_ID_CORRECTION,DB SP_ID: 02kftBuTiMAiWHruidARXH | Correct SP_ID: 3B3lEqSzpAUghMbBqJPtyb,2026-02-14T14:45:03.344997
3241,Moment In Time,d487709c-1227-4276-bc46-b5dd9f7f8778,SPOTIFY_ID_CORRECTION,DB SP_ID: 0fECyHEYj2BpDBzjGlvlqJ | Correct SP_ID: 0BVXmJ0LW75WTqu82nxkuM,2026-02-14T14:45:07.113115
3240,The Hustle,ca9b972b-3be4-4f3a-b043-8e60ffa3e13b,SPOTIFY_ID_CORRECTION,DB SP_ID: 7lPNuPIo5JJcSKnE5FvF2x | Correct SP_ID: 0mRVzrOpwbuDwZBDte7RCy,2026-02-14T14:45:10.855015
3251,Bullshit,13e66d87-6149-4fcd-9795-8e51625008f8,SPOTIFY_ID_CORRECTION,DB SP_ID: 4fDEfe4dirmbuuYzq5CCKY | Correct SP_ID: 30OIM2sLquWm3Vbpl1Fz6F,2026-02-14T14:46:14.804122
3466,I Want to Be There,a8494376-4d7a-457e-896d-a9a4aa03e654,SPOTIFY_ID_CORRECTION,DB SP_ID: 2wVCKj8xPWpuODfr5ko9Ex | Correct SP_ID: 4xqAhsXKMTiD9KDC9cQGdT,2026-02-14T14:46:27.017062
3465,You Dance Like the June Sky,911ce53e-b7cf-4129-af01-2ef9e8dd7038,SPOTIFY_ID_CORRECTION,DB SP_ID: 6qKbPvTjWsyMKJJ7bttOUD | Correct SP_ID: 3fw5jj338Jokjz1KMKCEOx,2026-02-14T14:46:30.744773
3447,Blackout,f8db47db-451e-45a9-b763-a0dfd143db9d,SPOTIFY_ID_CORRECTION,DB SP_ID: 2ddxKTcBjM19FjkQxsaihb | Correct SP_ID: 0eZ7DVXEQKDchMmQOuLUUS,2026-02-14T14:47:51.851189
3667,Afterburner,6e11b7d4-3ecd-4b7f-8a1b-d5393595112f,SPOTIFY_ID_CORRECTION,DB SP_ID: 5YCIWTeH4FuPfcsou6wkmZ | Correct SP_ID: 6Ok14mu9xnI1AJaDHGtcjp,2026-02-14T14:47:59.064707
3556,Advice,64c9f5f0-d525-47fd-b132-594bc9f5e3d2,SPOTIFY_ID_CORRECTION,DB SP_ID: 2neX3FSZPVcKAvWU9Z6gdw | Correct SP_ID: 6zUWTeH5bmRZK3IKKBQ9bU,2026-02-14T14:48:37.608680
3494,Here She Comes,c2d153c6-84de-4699-b048-2446ed63798a,SPOTIFY_ID_CORRECTION,DB SP_ID: 5Lung4Ft8vuIbwHdWdvQF5 | Correct SP_ID: 5FuYgi1xinZAQyD5CYLpUJ,2026-02-14T14:48:41.441471
3578,No More Hiding,2d2e35a3-541e-4213-87c6-206628210dbc,SPOTIFY_ID_CORRECTION,DB SP_ID: 6gofCueySlBTKWFkOntP2F | Correct SP_ID: 3obGrchYRmtO5rk4O2ZtLZ,2026-02-14T14:48:45.184916
3577,What Do I Do,8fa46ee4-c829-4db3-a357-2daa575e95c4,SPOTIFY_ID_CORRECTION,DB SP_ID: 5Wl7p7TylkA7Kec3HV0i5b | Correct SP_ID: 6jTQijAuYxOd8DjQ8D6UkL,2026-02-14T14:48:49.021784
3575,Diamond Boy (DTM),ba8d497a-9075-4991-a821-ccdf63a8a589,SPOTIFY_ID_CORRECTION,DB SP_ID: 2kwtmk3MEM1rJ2ROBlDPJm | Correct SP_ID: 0SCIwbS0Q4etwJmDyNjHaQ,2026-02-14T14:48:52.665515
3572,Love Me 4 Me,0e5112a3-f9ec-4c0e-b263-61f3b48ab8d9,SPOTIFY_ID_CORRECTION,DB SP_ID: 0ubNlPTaQkfNWkFO9Q9MOt | Correct SP_ID: 7eCVm5KcpFrDhx6XHkF3t6,2026-02-14T14:48:56.415243
3570,My Turn,e391b444-848a-463f-976a-26ff8d108db7,SPOTIFY_ID_CORRECTION,DB SP_ID: 0wa75FDB0wR2Y4JDe1Fw2m | Correct SP_ID: 4avmVqU2f00LGiYMuOAuVy,2026-02-14T14:49:00.285507
3568,Kitchen,a5b88319-0503-480e-9cf5-749eb222ccdd,SPOTIFY_ID_CORRECTION,DB SP_ID: 31tVhNpdfsOhZKDhNXul7k | Correct SP_ID: 3VPeA7IW68QRNTfgzb6biZ,2026-02-14T14:49:03.947579
3567,Get Behind Me (Interlude),5e6b6144-8567-4124-8e28-cfb51b8e020b,SPOTIFY_ID_CORRECTION,DB SP_ID: 7BidXxXMEtU3eUM2026i2p | Correct SP_ID: 4UW1Vk7hrZNyGCOmd6qQrH,2026-02-14T14:49:07.646011
3666,"Six, Three Times",4236848e-2669-4693-80b4-4bf48741f473,SPOTIFY_ID_CORRECTION,DB SP_ID: 3oOtNXov8eHvn8nSoIEwTg | Correct SP_ID: 4rAty8YZzWw9ZH5mFvQlTb,2026-02-14T14:51:15.496340
3762,Doughnut,60199ce4-0c54-462e-802f-e1ec16694d3b,SPOTIFY_ID_CORRECTION,DB SP_ID: 7j0oejg8xTTDfIqCuFppZ0 | Correct SP_ID: 6YBcbXDYIITuyCEN2YwGRy,2026-02-14T14:51:48.334232
3774,M.A.Y. in the Backyard,583df684-d3f8-4a9c-b4e4-1c0bf89cdfe9,SPOTIFY_ID_CORRECTION,DB SP_ID: 60EL6jCzMTiNOvjFZhDBlr | Correct SP_ID: 55YmHqwL2o7qd0t37VeHhT,2026-02-14T14:53:08.635926
3769,It Never Entered My Mind,8fe2fc97-1e88-4bee-a75e-f2c91afd5020,SPOTIFY_ID_CORRECTION,DB SP_ID: 6QlkHjQmo2YncQN5MQXgPZ | Correct SP_ID: 47zglRNpxJfxadAe3C6xQe,2026-02-14T14:57:45.094893
3999,Freddie Freeloader - Remastered,1facebf0-e90d-4a0c-b7fb-77005243e0ae,SPOTIFY_ID_CORRECTION,DB SP_ID: 6o2fuXnVjlkz7qAQj0jA5T | Correct SP_ID: 1HYGAQ2W4JFCVBRyx9yuB2,2026-02-14T14:58:21.379789
3963,Star - 2012 Remaster,c83b3f09-0bd7-45e5-a144-0c9089cf13f5,SPOTIFY_ID_CORRECTION,DB SP_ID: 5WfSHn8qVk1W3GJJQpETC1 | Correct SP_ID: 3aPGoZy5le19KhTA2Hh5fo,2026-02-14T14:58:47.625894
3992,Winter Cafe,86764afb-08d0-4522-aa6a-e55408a1caa8,SPOTIFY_ID_CORRECTION,DB SP_ID: 6EqqzyDZYI6gK7h4mkmPke | Correct SP_ID: 4Lu1nUkFo0wAec1YiPRD0W,2026-02-14T14:59:09.134121
4003,You Must Believe In Spring,38bff03e-507e-4bfa-aa25-a45b6c16b63c,SPOTIFY_ID_CORRECTION,DB SP_ID: 6BrbPMHMtWD17lRsE8ZQhU | Correct SP_ID: 17C96Rsq4f38eMuZRGtku6,2026-02-14T14:59:44.936973
3908,Here Comes a Regular - Alternate Version,77c2b286-6453-4218-aa27-0fca17ff1972,SPOTIFY_ID_CORRECTION,DB SP_ID: 2OzVgkGaE1schVsfHhXJtU | Correct SP_ID: 5dq1qq41hLoXlcQKICO7k2,2026-02-14T15:00:22.055714
3923,My Favorite Things,88358377-475a-4298-aad1-22939676c613,SPOTIFY_ID_CORRECTION,DB SP_ID: 3ZikLQCnH3SIswlGENBcKe | Correct SP_ID: 18zMsNzloLbwwLIkXae9mn,2026-02-14T15:00:29.744165
4001,Sometime Ago - Remastered,10a18bda-3681-4d1d-b9cc-9038a55ce63e,SPOTIFY_ID_CORRECTION,DB SP_ID: 4PiWdz8UzAg2NbaBs0yug9 | Correct SP_ID: 7fmhH8sQPLwiGPMOkFr7eU,2026-02-14T15:00:37.129488
4011,luther,ac19684f-febb-47ae-8d5f-72a4c4c1aa3d,SPOTIFY_ID_CORRECTION,DB SP_ID: 45J4avUb9Ni0bnETYaYFVJ | Correct SP_ID: 2CGNAOSuO1MEFCbBRgUzjd,2026-02-14T15:00:40.874186
4143,"Me Is, You",422878eb-3f9d-461e-b7d3-4a0e28c3a4c7,SPOTIFY_ID_CORRECTION,DB SP_ID: 7wwo9voA2C8CfokO0p4VyF | Correct SP_ID: 7CY5479xVv1sihEZMtjf5s,2026-02-14T15:02:02.224545
4183,Friday I'm in Love,29bdeca4-fc09-4fc5-a393-6500472f2b84,SPOTIFY_ID_CORRECTION,DB SP_ID: 263aNAQCeFSWipk896byo6 | Correct SP_ID: 5BdhMvgZ7maJX94HCbpYL3,2026-02-14T15:03:19.943730
4123,Gone Girl,51ceff8e-056d-4387-bd5b-899d76779b74,SPOTIFY_ID_CORRECTION,DB SP_ID: 07ENAeEePpGX0WauTtHnIu | Correct SP_ID: 5fPhv87B44wFLzBlhhk51L,2026-02-14T15:03:46.024051
4275,Tear Da Club Up - (Da Real),5d06bd09-f6b3-41da-885a-b69a42cca980,SPOTIFY_ID_CORRECTION,DB SP_ID: 1rTiHyZrNVEx5Fi5nmUW6U | Correct SP_ID: 2pE9xfiEqVEmqfhonasE1E,2026-02-14T15:04:23.585459
4151,Jezebel,ded3aa80-a89d-4eb8-83d6-4993dc46348b,SPOTIFY_ID_CORRECTION,DB SP_ID: 0mMyCFOqotvTPf8esrLM7K | Correct SP_ID: 1q7opurk3GPGOuLP4tSCWL,2026-02-14T15:06:09.850357
4380,Big Bizness,853b1785-ce3d-4452-a423-6c23a36641b2,SPOTIFY_ID_CORRECTION,DB SP_ID: 2jRjUp7iK9EnNVJECnIkAd | Correct SP_ID: 6EXjcKwyhTYe9LGGuKo1pQ,2026-02-14T15:07:48.732995
4389,Live By Yo Rep,72c98c45-aab9-429a-9b93-bd5d64bb17b4,SPOTIFY_ID_CORRECTION,DB SP_ID: 5Mw8HXbu2pDdgnjkDqSTNl | Correct SP_ID: 0UpHjSH3UoZEvu0K71sHCg,2026-02-14T15:07:55.876062
4344,There Is No Food,fb6cc6d4-d0ec-45fa-ac1f-e552c47ca937,SPOTIFY_ID_CORRECTION,DB SP_ID: 1G1I7HTee3iEkaLiFqTHkI | Correct SP_ID: 30j2ZsXF9MpdbDrCwYwPNk,2026-02-14T15:08:10.770314
4342,"Holy Fucking Shit: 40,000",9126a5ac-eafe-46e6-9b39-7002ea3349f8,SPOTIFY_ID_CORRECTION,DB SP_ID: 56n4frN6ZvU4JduHLwmzBh | Correct SP_ID: 0oPnyCLqcn2ZNzwy5pLKDR,2026-02-14T15:08:14.401749
4500,Ignorant Piece of Shit,603986ac-a084-4bd0-91c5-4faad18b22c0,SPOTIFY_ID_CORRECTION,DB SP_ID: 4s9PCsU3wUBim5BMyzTdgp | Correct SP_ID: 6Z9La1L6ozq7kSa7Y9ZilT,2026-02-14T15:08:40.622894
4499,The Piano Song,7b379b18-e642-41aa-97c5-63b24affcf82,SPOTIFY_ID_CORRECTION,DB SP_ID: 4TI9vI0DrzSNhfDs1w9NhQ | Correct SP_ID: 5yT34HaX0UgHFT1tVIF96C,2026-02-14T15:08:44.334832
4498,They'll Only Miss You When You Leave,6da0be16-2ba8-4058-bc82-74915bcc9097,SPOTIFY_ID_CORRECTION,DB SP_ID: 3FmLbfanuf7XgtBypPWWcS | Correct SP_ID: 73g1X2CM6zoKu2Get9bKwI,2026-02-14T15:08:47.975223
4497,A New Holiday (November 16th),8ad343c3-544a-4bc2-8404-01dc72635ff6,SPOTIFY_ID_CORRECTION,DB SP_ID: 5okZJYiUJOHpiX1eDSzgnk | Correct SP_ID: 2spt34bLKQt1MNYS7qeDNu,2026-02-14T15:08:51.585774
4347,Hunter,5c617463-52d1-467c-b95d-cc6f1dbcafaa,SPOTIFY_ID_CORRECTION,DB SP_ID: 0iXjx5enzjm2v2pbo5lVTP | Correct SP_ID: 052QjISGAv9TPgtypVETn1,2026-02-14T15:08:58.998607
4289,Table Of Contents (pts 1 & 2),06b27c80-1f93-4e47-a9c3-3fc64f61065f,SPOTIFY_ID_CORRECTION,DB SP_ID: 0jSfbKDUMHwPZxqXuSoeDV | Correct SP_ID: 2SbcpTTc6ot1QaohrcValR,2026-02-14T15:10:00.317652
4288,Step Into the Relm,19b5ba1f-312b-4540-9760-dcc3735effec,SPOTIFY_ID_CORRECTION,DB SP_ID: 36bzCeeORpK0y8800fpNXt | Correct SP_ID: 6KyFxGHY8Q5Pkgb05KZoQL,2026-02-14T15:10:03.945770
4286,Dynamite!,6c381013-5b0b-4b4f-ac8d-588d3b7e7245,SPOTIFY_ID_CORRECTION,DB SP_ID: 3WPe5TGMqBx9gXJTlPNkHO | Correct SP_ID: 71hXKEDaKHgYrn7kdLFpOx,2026-02-14T15:10:09.349191
4282,100% Dundee,896ee3b5-7925-435e-aea3-c74f9184eefb,SPOTIFY_ID_CORRECTION,DB SP_ID: 3jCGLGeo8b63ffxCHBdpqe | Correct SP_ID: 63J9sQnp8NxLuOgeqgAS6O,2026-02-14T15:10:13.068542
4281,Diedre vs. Dice,c9df7b92-0e99-4949-8a24-3f4b10ca840d,SPOTIFY_ID_CORRECTION,DB SP_ID: 2Pg1OjqifhsQ4Qmsgp6B42 | Correct SP_ID: 5ejagB5XKgApEVY4hGWy5q,2026-02-14T15:10:16.926647
4280,Adrenaline!,2d8084d9-880c-4417-a3cc-fbfc39690bdc,SPOTIFY_ID_CORRECTION,DB SP_ID: 1H0hZeKrI4tyx1LbwEqrFU | Correct SP_ID: 17mXHt73LCLF252X533SEK,2026-02-14T15:10:20.716492
4536,Dreams Come True,e8fa470f-a491-4de2-859e-37e0bf98dca7,SPOTIFY_ID_CORRECTION,DB SP_ID: 6rVCUwfnuYTAsX4P9fIdIu | Correct SP_ID: 2GyZkPeiJXXBqYY1ddtsjk,2026-02-14T15:10:38.950177
4525,少女と檻 - remastered,3f7b266f-504d-44e0-ae16-18a3d3c284b1,SPOTIFY_ID_CORRECTION,DB SP_ID: 2qhDdRVvWmUjntNznHw5Q7 | Correct SP_ID: 3f6qzT5sgNfZTqotMcWthN,2026-02-14T15:10:42.642910
4404,Thank You - Live,c1344b01-804d-454f-964e-79170b87256d,SPOTIFY_ID_CORRECTION,DB SP_ID: 1AHNccyLePhoTpo1tFRJuh | Correct SP_ID: 4PcLJASE1A094jTXh3xeay,2026-02-14T15:11:20.294747
4459,The Word - Remastered 2009,eb69bd1a-4086-402f-94d8-99769f24eeb9,SPOTIFY_ID_CORRECTION,DB SP_ID: 4GBaPHvAyj4V2jeobD9tsy | Correct SP_ID: 1i9Tg9X6YLRdqLDG7cb7BC,2026-02-14T15:11:34.956398
4461,Nowhere Man - Remastered 2009,fb7c59b4-d686-4406-8d49-b16087fe8092,SPOTIFY_ID_CORRECTION,DB SP_ID: 5SUlhldQJtOhUr2GzH5RI7 | Correct SP_ID: 7qnX6mlylOFWHf75EkfGw7,2026-02-14T15:11:38.633499
4620,Indiana,db275b3d-a83c-4634-a188-ad050b6e26c3,SPOTIFY_ID_CORRECTION,DB SP_ID: 4yVrfsUNtc5RS7nbOv8hHA | Correct SP_ID: 1EUYnTI3P1DzoeccZ0IHdD,2026-02-14T15:14:00.631332
4625,Blind,7a3a960e-7e07-41df-823e-f456daba9909,SPOTIFY_ID_CORRECTION,DB SP_ID: 4dSYmYueOUC3PMZI69xpYn | Correct SP_ID: 3vHy5cXBvRlsPqSeFoBGyR,2026-02-14T15:17:05.179989
4751,Amidst the Morning Fog,13317294-9ab2-4656-8ab7-dcde14319c64,SPOTIFY_ID_CORRECTION,DB SP_ID: 05TWN8gERjdwtKYBsEmxwW | Correct SP_ID: 3xV0Wa4qCrMTv35Wy9b2m2,2026-02-14T15:17:42.111807
4770,Privilege of Being,1ada9578-acc6-4ccd-8850-ca092a93086f,SPOTIFY_ID_CORRECTION,DB SP_ID: 0BLB6koErwA9oCDCeLm2uL | Correct SP_ID: 5LZqKkFl7LcP6w8q9rnXys,2026-02-14T15:18:03.780400
4773,Audax Powder,18863c53-e9d6-46f8-85ee-18291af46c8d,SPOTIFY_ID_CORRECTION,DB SP_ID: 4e22RPQemjbh35SSe52p9J | Correct SP_ID: 3pP3UKkBd8VhZ2xQKNtkbR,2026-02-14T15:18:21.483500
4767,Yeern 101,ed5be156-858a-4308-b7c5-2060580c964e,SPOTIFY_ID_CORRECTION,DB SP_ID: 3K5yjMCFHN4TRWKj1zdKIQ | Correct SP_ID: 4P8XKXpkJ2QGM442VUwfOX,2026-02-14T15:18:59.107874
4842,Empathy,e494b493-0ba9-43de-9637-fbd224133850,SPOTIFY_ID_CORRECTION,DB SP_ID: 3nr48k3PusaqNAmWaGcdfv | Correct SP_ID: 2R3heksil8zmzSFUwYQIPC,2026-02-14T15:19:02.757027
4680,Happy Cycling,760c78e2-cab9-4f4e-a733-8be7cecfe11b,SPOTIFY_ID_CORRECTION,DB SP_ID: 0rwm7o1CMWbIJ4w9iOhRvm | Correct SP_ID: 55IsBrXUfZUmY7KSm2BjUp,2026-02-14T15:19:58.596062
4982,Part of the Band,0e09a4a5-d902-4a00-bbec-6809bda776c0,SPOTIFY_ID_CORRECTION,DB SP_ID: 4S80oe7OJnBVlhNrbQTnt3 | Correct SP_ID: 14ixICAoSIt11QQGkNqQ7J,2026-02-14T15:20:02.231939
4981,Oh Caroline,5c739772-b717-43e5-bec3-7e2dc8f1f3aa,SPOTIFY_ID_CORRECTION,DB SP_ID: 14dJexYlvd3t3XAtD1pYW1 | Correct SP_ID: 2qM4rQvnUIaojsWIwch0BN,2026-02-14T15:20:07.363910
4966,Range Life,836ec636-f59c-498b-a6ec-4ebc4c4f87a8,SPOTIFY_ID_CORRECTION,DB SP_ID: 6jR6FMCEoWGdEpFVRlMZM7 | Correct SP_ID: 2gKPktmJnYCgj1TTFvJnb1,2026-02-14T15:22:45.077115
4965,Heaven Is a Truck,83d815d6-a716-4aef-9060-40d9fa327617,SPOTIFY_ID_CORRECTION,DB SP_ID: 6l78bOrK8CbLHbXp7sAdAh | Correct SP_ID: 52NR3hw8oAjnGGcyAeVeYr,2026-02-14T15:22:50.235607
4976,When We Are Together,cd0605ed-8e75-4a21-912a-640baa5e07b7,SPOTIFY_ID_CORRECTION,DB SP_ID: 5M5TD1Tlpcgq0Fj1l6Mz6Z | Correct SP_ID: 6okESpm9b9iEn9Ve8h4ecZ,2026-02-14T15:23:56.860262
4919,The Makings Of You,05539bd7-faf8-430d-a0f4-825b9bc11677,SPOTIFY_ID_CORRECTION,DB SP_ID: 1Mq4vRRox3bcruJA75M4D9 | Correct SP_ID: 5VETCvX0BpeIEG9cxdqS5E,2026-02-14T15:24:26.124037
5054,Belize (feat. MF DOOM),22fefce8-a07a-4876-a516-36d80d490aee,SPOTIFY_ID_CORRECTION,DB SP_ID: 0icFJI44Ub8pJ5Wi77OKFF | Correct SP_ID: 48S5PyRpTOKnZVFgzYM9al,2026-02-14T15:24:33.228155
5171,"Schubert: String Quintet in C Major, Op. 163, D. 956: II. Adagio",2ea5ffeb-1d84-4bb1-be67-9337e5f39413,SPOTIFY_ID_CORRECTION,DB SP_ID: 55pqCugiLBJPaGKbzMUwBe | Correct SP_ID: 6d1e56OH4urdStk0LQpppI,2026-02-14T15:24:43.861337
5268,She Moves She,9c7120b9-f968-4d13-8d05-8a1922ae6d8b,SPOTIFY_ID_CORRECTION,DB SP_ID: 3whC8KGUqYIEme6cM4jl6F | Correct SP_ID: 5nHG7C56sxZIlply71VbcO,2026-02-14T15:29:31.483271
5264,Unspoken,4f9239c5-65ab-4235-b1ce-4898ac458a15,SPOTIFY_ID_CORRECTION,DB SP_ID: 3N7e1KxFBV1chbgFIajD8y | Correct SP_ID: 69t0SrCVeudh7Ycxp9PxDr,2026-02-14T15:30:41.546986
5402,Here,4d2035cc-2486-4d7f-8c16-306105931e36,SPOTIFY_ID_CORRECTION,DB SP_ID: 5Kf86o9j8foGuExTJVoejE | Correct SP_ID: 0kJrwGTpmAlK5x4hauU5rb,2026-02-14T15:31:30.032805
5409,Summer Babe - Winter Version,ba858394-dc04-46e4-a4e8-8eae4d9ad65f,SPOTIFY_ID_CORRECTION,DB SP_ID: 1vnKvlb6cj5NLpd1BMJ2jD | Correct SP_ID: 2ehzAwVZTWccdNLf7WTgwP,2026-02-14T15:32:45.179546
5575,Killing Time,b2fc55d4-30ce-416d-a03b-0d8892584663,SPOTIFY_ID_CORRECTION,DB SP_ID: 7fvld2LGlUhz15CjeaLewh | Correct SP_ID: 1z8jzS7huL1Cy1YLFxUb3X,2026-02-14T15:33:50.971647
5574,True Blue Interlude,825a791f-f00c-4fd8-8e75-260e9838d704,SPOTIFY_ID_CORRECTION,DB SP_ID: 6U7YaQrDz6GyxcgHotcfoM | Correct SP_ID: 5Kmj3f9qSVmQMcAqmooE6r,2026-02-14T15:33:54.798408
5315,Terrible Lie,6969af9e-b8f3-453d-82e2-a00e9ee9f873,SPOTIFY_ID_CORRECTION,DB SP_ID: 3o1nX61oecxnqXieA2ma0U | Correct SP_ID: 55BRo8RYC2Kge75UXI1oYe,2026-02-14T15:34:05.653637
5314,Down in It,76c45b5a-a3ad-4612-9940-f1a9f55526cf,SPOTIFY_ID_CORRECTION,DB SP_ID: 06UVb2bREPv8hvioVkaMvC | Correct SP_ID: 3wLyeM7EVwyWNVuLnSDjeJ,2026-02-14T15:34:09.423769
5309,The Only Time,f2015694-6893-46c4-ab55-f269275f8257,SPOTIFY_ID_CORRECTION,DB SP_ID: 6JympPamIP9zZWwKtANjfM | Correct SP_ID: 4jfEWB5Rb7Cy1xN9v14Mxv,2026-02-14T15:34:13.115414
5308,Ringfinger,c30f0056-58dd-481b-9a3b-532dc74782e1,SPOTIFY_ID_CORRECTION,DB SP_ID: 4WyKUZdpgCwUdX9RhNi1V2 | Correct SP_ID: 3Au8B4hO8P9NGHUW7ile5X,2026-02-14T15:34:16.827323
5467,Where You Are,78fa5f7c-afcf-47d9-b585-3b8502692c57,SPOTIFY_ID_CORRECTION,DB SP_ID: 24l9WvG0a03FLnYg3MIv19 | Correct SP_ID: 0W3VOhGeQi3vp3vg9uVIIF,2026-02-14T15:35:00.640049
5620,Akuma No Uta,2bd8fb70-d90d-48d8-ae98-e9ec75d46faa,SPOTIFY_ID_CORRECTION,DB SP_ID: 2fiRejABaIyRqWIXdUao6c | Correct SP_ID: 5H9zL0ORQaGv2pgaI1spc0,2026-02-14T15:35:09.463107
5668,Chasing Lightning,9414e217-a980-4a95-b4e2-939c1a133e0d,SPOTIFY_ID_CORRECTION,DB SP_ID: 7kA3kBKehViV54RtFet6Bl | Correct SP_ID: 5hfKDfqthxHt6xsgCjimuO,2026-02-14T15:35:49.882272
5667,CRAZY,466ffbca-63c3-4769-a317-7050ce79c643,SPOTIFY_ID_CORRECTION,DB SP_ID: 7dVokhn14vnPmUK0HF5hV1 | Correct SP_ID: 4gxEY3Mh5FZZDAJAKPNrCS,2026-02-14T15:37:26.349354
5725,The American Experiment,2c10d6a1-f3a8-46e0-a853-775d96477b01,SPOTIFY_ID_CORRECTION,DB SP_ID: 0Zo5E6jjqPZgIvzZdWHxuc | Correct SP_ID: 36cbbUZQRgcXZEwUS28cDV,2026-02-14T15:37:30.135703
5809,1970 (Demo Version),40da48da-d0a2-4fdf-9d0d-e421bd001c16,SPOTIFY_ID_CORRECTION,DB SP_ID: 19Tm5ZXIn83gQK3lQvUEUh | Correct SP_ID: 41wB072BBhOxxHraIwjyCT,2026-02-14T15:38:13.673921
5816,Soft Edge,6da443da-041e-4677-8aa7-fce6b515e5cc,SPOTIFY_ID_CORRECTION,DB SP_ID: 19Tm5ZXIn83gQK3lQvUEUh | Correct SP_ID: 4icqATtTyDoOdNwYkkTLFj,2026-02-14T15:38:24.285352
5581,Dagger,084739c1-e0d7-4be2-86f4-bd3153527235,SPOTIFY_ID_CORRECTION,DB SP_ID: 5p0ZJLF1ZmL2WNJ2ky8VVb | Correct SP_ID: 3MmRfG64qt04Efx9gK9Ec8,2026-02-14T15:38:35.131639
5570,Sober,0ee9c06c-e202-47f2-bca1-8ccfec80a1cc,SPOTIFY_ID_CORRECTION,DB SP_ID: 7eElVgPcxDqmgGrSwVFI74 | Correct SP_ID: 0fK5R7Z44yzNHXfcv2QCfK,2026-02-14T15:38:38.790303
5562,Perfect Places,a8010a72-620a-4304-bb20-85fa933c405e,SPOTIFY_ID_CORRECTION,DB SP_ID: 7ARveOiD31w2Nq0n5FsSf8 | Correct SP_ID: 24R0xROgtKAl9ST4GpHkMD,2026-02-14T15:39:30.634241
5789,Love Is Everywhere,e15047be-ea52-4817-a1d4-d556818a49f0,SPOTIFY_ID_CORRECTION,DB SP_ID: 2ZSDtC0XZnpokAMwRtgqzh | Correct SP_ID: 5tojKRFiMxJowJlCIODDNq,2026-02-14T15:40:06.913509
5738,Your Type,3cc65e5c-9bc5-4772-8e1b-80234f05caaf,SPOTIFY_ID_CORRECTION,DB SP_ID: 2ZQWmzUO76JzWSUqViMUg3 | Correct SP_ID: 5DerNWKZt27S4dD6jjgg92,2026-02-14T15:40:10.539343
5743,Title and Registration,6c077d47-09ae-4059-b025-d48f48710f92,SPOTIFY_ID_CORRECTION,DB SP_ID: 5IJVWLwidnnU2O4XiscsEe | Correct SP_ID: 0COWVvFfJ7sPNI8CIS6TU7,2026-02-14T15:40:37.920283
5915,Bunny Goes 2 Business School,2beaba6b-0940-438b-9428-c95b28369ff5,SPOTIFY_ID_CORRECTION,DB SP_ID: 65ezYT1nP6GHkZtfudngbQ | Correct SP_ID: 00L37xJuVp1SRkJw1UZlpb,2026-02-14T15:41:50.727925
5801,Hey Ladies,03cc8612-0a03-416f-9b49-cde52cfd8762,SPOTIFY_ID_CORRECTION,DB SP_ID: 5ulZo7nk3MByXLvja3NCAc | Correct SP_ID: 64OEVp7vv8FDfqLSDUdqHo,2026-02-14T15:44:04.272139
5780,The Sound of Settling,59403f9d-722a-48c3-aedb-6c1bb6102668,SPOTIFY_ID_CORRECTION,DB SP_ID: 57GMg4afe0ccCf5Fd22Fm8 | Correct SP_ID: 6VKAWqNzAMo3m82rqV5BMR,2026-02-14T15:44:15.340367
5779,Tiny Vessels,a594b2c7-5e4f-4e81-9cda-91bab05da25e,SPOTIFY_ID_CORRECTION,DB SP_ID: 6aS8aGFagfzRyQOHQunBQg | Correct SP_ID: 3VpC5W5qYQk6IiDLiHBfCk,2026-02-14T15:44:18.998313
5777,Death of an Interior Decorator,e2a42ced-3f08-4012-ad7c-8c215da8a2a1,SPOTIFY_ID_CORRECTION,DB SP_ID: 3ARb2dxpeDRtgWPbUM7gt7 | Correct SP_ID: 7Mz3VVOc2T9sjm0lcI1SZe,2026-02-14T15:44:22.711918
5776,A Lack of Color,a9f6ea4c-06a9-46a4-9a67-667617b0fe6a,SPOTIFY_ID_CORRECTION,DB SP_ID: 617GoDMLDCGJSouPbBb1k7 | Correct SP_ID: 7eODmTZh5wkd032bW1xK4l,2026-02-14T15:44:26.601700
5886,The Summer Ends,1f9423fe-1cbc-4526-adad-d9b1fe77e05d,SPOTIFY_ID_CORRECTION,DB SP_ID: 7cpfn7H6WjSJseUyRacfUE | Correct SP_ID: 0OVaLVdXUOyQjHoirTeXi8,2026-02-14T15:44:33.656704
6227,Polaris - Live,ad08a246-1804-49ad-a397-a0fa7c53819e,SPOTIFY_ID_CORRECTION,DB SP_ID: 1ZWJGh77XqxwBVpZTH2lzZ | Correct SP_ID: 5vTOdbxwlXwxwaA6x3q7di,2026-02-14T15:51:20.563920
6366,Gutter,da4f1dc8-d7a9-4425-a322-a374c383bd6f,SPOTIFY_ID_CORRECTION,DB SP_ID: 78xJ8oaH9qu1B5GFSssWyA | Correct SP_ID: 6s03tIhKHAquBKxFcafcr4,2026-02-14T15:51:38.838568
6263,Call Me Maybe,e0649ede-9c7a-4711-843e-d59d3deecc0b,SPOTIFY_ID_CORRECTION,DB SP_ID: 008OWyeDjRiRoXCM5M3Jld | Correct SP_ID: 4M6vfIUpM08O8sHJp5AsRd,2026-02-14T15:52:57.261742
6372,Crosshairs,42dc07f7-6177-4d99-940c-fc558f4a95cb,SPOTIFY_ID_CORRECTION,DB SP_ID: 3T2LUDcZRrOnYzV1FprZTy | Correct SP_ID: 4XyZYqw7lq6fjteUG26AZc,2026-02-14T15:53:15.796470
6330,Cemetery Drive,1b56813f-24a7-4d0b-b224-e6faa68ee6b9,SPOTIFY_ID_CORRECTION,DB SP_ID: 2cViIXIe8Pbd1sOJExMJlK | Correct SP_ID: 695kHFz8qWduJ1KFaJyjbR,2026-02-14T15:53:31.368800
6487,"Give 'Em Hell, Kid",377e7d3d-2164-4899-a60c-f391c50a9165,SPOTIFY_ID_CORRECTION,DB SP_ID: 0axF06XwNLobcx5z8BVtYw | Correct SP_ID: 26kEaFNSgQ3oVrxdKPeNSs,2026-02-14T15:56:05.745781
6484,The Ghost of You,dc250541-3e54-450c-a3d5-32f2acdd6d49,SPOTIFY_ID_CORRECTION,DB SP_ID: 1yKAqZoi8xWGLCf5vajroL | Correct SP_ID: 18fXf0a5FuB3vgfVQFHoUo,2026-02-14T15:56:09.423162
6482,Interlude,e1d2d8a5-f907-4967-b915-985b7abb6f39,SPOTIFY_ID_CORRECTION,DB SP_ID: 4vpaz6338VqJIeJHq6z2mU | Correct SP_ID: 6as5J14cbRv6qPn7E1DPw7,2026-02-14T15:56:13.073798
6481,Hang 'Em High,c7676456-6114-4775-a74c-b12db99c99f7,SPOTIFY_ID_CORRECTION,DB SP_ID: 262RJtiqytpugV1UvDicN9 | Correct SP_ID: 4hDnFl9NaFSeCyz2R7Rp8L,2026-02-14T15:56:16.771656
6706,Kitsune Maison Freestyle,84596fb5-5a08-4654-bc15-bb7b8e7cb321,SPOTIFY_ID_CORRECTION,DB SP_ID: 2YgoWJ7NWm4OTwtrKJhCpx | Correct SP_ID: 1QPk03Pt7d1JRZjEKPPabe,2026-02-14T15:58:44.291334
6709,Russian Roulette,0b9514ed-ac8c-4ec9-b7be-c0cd3ce65206,SPOTIFY_ID_CORRECTION,DB SP_ID: 3RdUgst4llmyJkVtNaqHGv | Correct SP_ID: 5fLnmDBdrLt865wBBRprbo,2026-02-14T15:59:16.988632
6707,Year of the Cup,c42c9df9-a6fd-4877-afa5-1047c87bc47c,SPOTIFY_ID_CORRECTION,DB SP_ID: 6GaitnajybrW6xrFJH7j4S | Correct SP_ID: 2MmmnMXMAdLUAvyPlD06Qj,2026-02-14T15:59:51.888305
6705,Easier To Love You,56fd6e45-7685-4a24-9b86-8966836513b4,SPOTIFY_ID_CORRECTION,DB SP_ID: 4GyTknt8CrtzrMYRLInCKs | Correct SP_ID: 4GeDvfspBxEisIUWraQy2v,2026-02-14T15:59:55.471657
6555,Jenny Was a Friend of Mine,46909ba9-46c7-461e-a2ef-280eacd550e4,SPOTIFY_ID_CORRECTION,DB SP_ID: 60eVCXFCuw1WYswBuNZc4H | Correct SP_ID: 7sEmmeHhIKIswfmXAJfwkh,2026-02-14T16:00:02.726261
6553,Smile Like You Mean It,4381732e-4db2-4ed3-8151-e889f5118b34,SPOTIFY_ID_CORRECTION,DB SP_ID: 3KANrKOFYyAxfjQJHkgBdb | Correct SP_ID: 6Qvs0nc1zuWNy6V3p78h8W,2026-02-14T16:00:06.550897
6628,Holding a Leech,635512f0-faa8-4924-978d-0ed34b3182ac,SPOTIFY_ID_CORRECTION,DB SP_ID: 3BRY8LK2ISUUpHOSeuPABF | Correct SP_ID: 5dT4PKlax6NLXh0weLpAXK,2026-02-14T16:02:41.050668
6720,Lifelike,38a0532c-143e-4095-9752-f243b5f441b5,SPOTIFY_ID_CORRECTION,DB SP_ID: 70gDh9HAjzlRjEyrlR3y9d | Correct SP_ID: 161HChi6gdIABu7jmbzCXh,2026-02-14T16:04:14.317601
6717,Wind Tempos,a274d26d-4d85-4a53-b731-af9de9c6f0d9,SPOTIFY_ID_CORRECTION,DB SP_ID: 4GKSQD4lm08ORPorzi2wOb | Correct SP_ID: 0i5AzNeRye1SSTtj9P4UyR,2026-02-14T16:04:18.154191
6714,Sweet Time,4f37304d-28c4-4bcd-9fa2-83b8226482ee,SPOTIFY_ID_CORRECTION,DB SP_ID: 1UvLYkSfgqGbEgykqBWGx6 | Correct SP_ID: 3bwke1cfeJfABPbfEFx2Vy,2026-02-14T16:04:21.868327
6713,Something Comforting,007cefd7-58f5-434a-b772-6e8365f37cd7,SPOTIFY_ID_CORRECTION,DB SP_ID: 5g7bsxCqNaucnXpexUoHg8 | Correct SP_ID: 4yiZRvxlnnof4pKzxXGUpc,2026-02-14T16:04:29.758717
6712,Blossom,514cb683-c176-4334-95ff-badd94a5bb1e,SPOTIFY_ID_CORRECTION,DB SP_ID: 0nPpDVxWDSWdSIrd26Taja | Correct SP_ID: 7jVxxuw4HMzwt0jHi2ahs9,2026-02-14T16:04:33.421801
6688,Rebel Without a Pause,0eef35b5-1a93-46a9-bf6a-e36fc64fa8be,SPOTIFY_ID_CORRECTION,DB SP_ID: 5lWwAQUep9RKuwtSJY41ab | Correct SP_ID: 1JJ8D0KE144weLOGrjqJrb,2026-02-14T16:05:06.912044
8077,Chiyu,7648b8b1-ade3-4566-8bbd-a9cba847155a,SPOTIFY_ID_CORRECTION,DB SP_ID: 6bW8W6BdvCTmi1PRq0s25r | Correct SP_ID: 1QjW4QZZRteiy1vETeTWsV,2026-02-14T16:08:11.452839
6947,Vamos - 2007 Remaster,611e2e96-cb25-4eef-9706-b795aaf97723,SPOTIFY_ID_CORRECTION,DB SP_ID: 75liGvzheM6Qkfds1oaSFk | Correct SP_ID: 0wADQt7UllASVRi8f631WW,2026-02-14T16:08:18.647361
7006,The Girl Is Mine (with Paul McCartney),45765c1b-c725-4f09-9431-9da6776a6e30,SPOTIFY_ID_CORRECTION,DB SP_ID: 4IT6vDuKprKl6jyVndlY8V | Correct SP_ID: 6ccHuWQAQhdZ0JCFlTHvNM,2026-02-14T16:08:42.049997
7199,ZOOM ZOOM,5458ca40-c86d-454d-8240-edabf55e92b8,SPOTIFY_ID_CORRECTION,DB SP_ID: 1kzpV0ItTJX2SjkYOGpJeI | Correct SP_ID: 3DZwsHxTYjCcMUTcSkATPl,2026-02-14T16:09:41.871419
7028,Meds and Feds,728cd788-cc82-423c-a1ee-433e64e61cb0,SPOTIFY_ID_CORRECTION,DB SP_ID: 2PMUystR1Byo31kHfH41yo | Correct SP_ID: 3Vq8kdpqQKuMywoJRucmQH,2026-02-14T16:10:15.236695
6995,Best Foot Forward,4b3cce60-1075-438a-8830-8c6a8e03527e,SPOTIFY_ID_CORRECTION,DB SP_ID: 5vkWAgIMJUKqs7e2HdVQ7k | Correct SP_ID: 2HNLAOb5OpxAUfOzY6VCTh,2026-02-14T16:10:18.965995
6988,Mutual Slump,443eb340-6327-458a-9f9c-d8b526861df2,SPOTIFY_ID_CORRECTION,DB SP_ID: 2cQtTYlBXlDV7pgYj6UW9h | Correct SP_ID: 6c0s5c0FK4A5Nd3wtCJBVj,2026-02-14T16:10:22.649161
6987,Organ Donor,1a99ad7a-a90b-471e-a13c-ea54d4151c3b,SPOTIFY_ID_CORRECTION,DB SP_ID: 4LZeZCDoJSYy1ARXRuYQDE | Correct SP_ID: 1XNM8FcPNYK0w3Vc7q46TN,2026-02-14T16:10:26.592345
7055,Cats on Mars,836dcf47-2f6b-45dc-86df-311a9b64fae5,SPOTIFY_ID_CORRECTION,DB SP_ID: 2ccFYrgSJjOppaQAsensXJ | Correct SP_ID: 3uhJllxR54wXP82uVAJbcg,2026-02-14T16:10:34.067910
7163,The Tinker,dc59205c-4348-4aee-856e-a531c5addf8b,SPOTIFY_ID_CORRECTION,DB SP_ID: 2ag6YV2ruIBMYfoVTKZrOo | Correct SP_ID: 6D3XmDC4X7PwtOZJgI4BLi,2026-02-14T16:10:59.277764
7347,Gangsta Boy,6d9a78d9-d761-4114-82bd-1bed632b8205,SPOTIFY_ID_CORRECTION,DB SP_ID: 6Y1Jqjy8xp9vhcfR2f5GdY | Correct SP_ID: 0fOsT4jfMk367ufagVTNMQ,2026-02-14T16:13:23.050415
7344,My Style,f35eec7b-8f08-4f6d-bed1-a67c4b9b0d4c,SPOTIFY_ID_CORRECTION,DB SP_ID: 6v5MagwUDEO2Vr0xWf09YR | Correct SP_ID: 0ZqrpZ1tHasnwrjkCcJk3M,2026-02-14T16:14:30.738448
7340,Chu~♡,7f088b8e-5358-4c72-8d67-db69ea8a69cb,SPOTIFY_ID_CORRECTION,DB SP_ID: 2NAT52rmZWuQWv3F3SolId | Correct SP_ID: 0ZCNyRJGbgcXcnWPKwdVyw,2026-02-14T16:14:34.506815
7272,WALKING IN THE RHYTHM,bcf77878-b105-45db-a907-88d472ec4a4e,SPOTIFY_ID_CORRECTION,DB SP_ID: 5FI7poC3O5ELlYLmUFQ5sC | Correct SP_ID: 7xxkesUhK39MGBTTiGtNiE,2026-02-14T16:14:38.509589
7130,Gimmie Love,983a9969-6090-4a88-9d3e-9e53b90cd771,SPOTIFY_ID_CORRECTION,DB SP_ID: 2ODnKPYZg7JT1DUH0D3cov | Correct SP_ID: 4V2qQZUW2Hcs4zFKjKafs2,2026-02-14T16:14:42.176377
10957,Premonition,d2c35ad5-69ac-464e-a740-e4c646742a16,SPOTIFY_ID_CORRECTION,DB SP_ID: 7B7qkCVtfu3lqUHB8pLFoo | Correct SP_ID: 3CZkNVgOwtNwQjrY3xmjeM,2026-02-14T16:16:03.751393
7354,your clothes,985cce78-e8e5-4bc0-8284-88ed287e2def,SPOTIFY_ID_CORRECTION,DB SP_ID: 1ZPCXmIDdbAWLVoZccaa3S | Correct SP_ID: 5gFfE8UgFslvqjVQw7dktZ,2026-02-14T16:16:40.976525
7318,Broken,15bb96ce-050e-43cb-91a3-4bfbc2bfcf2a,SPOTIFY_ID_CORRECTION,DB SP_ID: 76KfQkfNH4UG0Oy5K68yMJ | Correct SP_ID: 0WTHb1o71zwLCLwX4R0IGz,2026-02-14T16:16:49.955767
7205,Lipslap,d976da56-7555-47d9-8315-fff9e5e8213b,SPOTIFY_ID_CORRECTION,DB SP_ID: 6BHbAjBhKgF2cAkiBHk4WW | Correct SP_ID: 6wwf793rBOGYB8yOApD84p,2026-02-14T16:17:04.579421
7420,Don't Believe the Hype,6f248522-ea81-462a-84d3-27f0bb1a8615,SPOTIFY_ID_CORRECTION,DB SP_ID: 5eRAeATuIUzBEhL5Cbmzoi | Correct SP_ID: 5k8dJvnLKfv1YN9W3bO79x,2026-02-14T16:20:00.863065
7413,Night of the Living Baseheads,796999d9-0aec-46a1-af28-6e10cbd4f2d3,SPOTIFY_ID_CORRECTION,DB SP_ID: 1TCqWw4BnA6hKnq0HQp0g9 | Correct SP_ID: 64850mXUPMByArvFTYFsDf,2026-02-14T16:21:18.637240
7412,Security of the First World,91f2b6e0-b36b-4fc8-93b4-629afdf063c7,SPOTIFY_ID_CORRECTION,DB SP_ID: 3dojCNg5z3TBsL6PQYGBWQ | Correct SP_ID: 18YFwSxTg9nhB3Xk5IQFUA,2026-02-14T16:21:22.478470
7710,Scenery,d9a0d204-0806-425b-8334-c5efde58cce9,SPOTIFY_ID_CORRECTION,DB SP_ID: 2LCTHWATy1yzWjdsuRFwdc | Correct SP_ID: 3wPE1yS8O5zuqPCGF1r6iq,2026-02-14T16:21:43.789606
7524,wonder2,9f87f404-31c5-43b1-a99f-6161a8a6669f,SPOTIFY_ID_CORRECTION,DB SP_ID: 5C7LC4mAVx7Gxhuggf5ztW | Correct SP_ID: 3LqZhe0pkxDCIHH0eQabDv,2026-02-14T16:22:06.294156
7592,Sweet Crazy Love,d2d44963-f784-4066-b24b-42a79208a6c4,SPOTIFY_ID_CORRECTION,DB SP_ID: 0vP1o3CY4I8EnMQChYPgHu | Correct SP_ID: 5fgpCIjBJ098E9zqN9DS87,2026-02-14T16:22:29.244822
7665,It Takes a Muscle,5883180a-a205-4f4a-bbe9-81978fb3d281,SPOTIFY_ID_CORRECTION,DB SP_ID: 2EE7fRDM15n8m6kQdargas | Correct SP_ID: 5nINSydDjZpjuFeXsepmwA,2026-02-14T16:23:41.471106
7662,Space,7c55e524-e618-4129-8eb4-0bc670453056,SPOTIFY_ID_CORRECTION,DB SP_ID: 3GWCs8AxoMf2tHdWtvzquC | Correct SP_ID: 2MTGriT4MVgpTba39g5wmX,2026-02-14T16:23:52.723731
7610,Let's Make Out,2874297d-097e-4804-9987-d5c201daf577,SPOTIFY_ID_CORRECTION,DB SP_ID: 5Hgt6L5q65GHX05Xbi2V0q | Correct SP_ID: 7hN4YIZXhPSIwwQrvTrYRq,2026-02-14T16:24:25.945235
7417,Mind Terrorist,d063fae6-a4a8-4165-b444-cba8ff10dd63,SPOTIFY_ID_CORRECTION,DB SP_ID: 1r8sUc54a8THRynjpfYWqK | Correct SP_ID: 4D8b4ibpEboE0SLvwnPe6X,2026-02-14T16:25:04.073122
7724,blood meadow,94b4568d-c602-4a8f-afab-a8bacab2f211,SPOTIFY_ID_CORRECTION,DB SP_ID: 5Aovj9PRGiq5nYGmbwhEsR | Correct SP_ID: 15bzsiLnvIRD0iDfRvPWkt,2026-02-14T16:25:32.865706
7708,Rebirth,594451ce-203d-47d2-8c0a-f7661f6c9cc7,SPOTIFY_ID_CORRECTION,DB SP_ID: 1p9K5k7HiXKyaGbc6Kg1v8 | Correct SP_ID: 1DIXZRlXhOPQJaH7KiB76G,2026-02-14T16:25:54.663607
7896,What Goes On,18b5202f-89aa-44d5-9815-4a3c4deed1dc,SPOTIFY_ID_CORRECTION,DB SP_ID: 7qOVMMY0couqt76ObwY947 | Correct SP_ID: 2GKxyUw8MQNvc0EP4016Yg,2026-02-14T16:26:01.987246
7816,I Really Like You,3a240d28-2d47-4e00-9c43-2e5a90fd9a90,SPOTIFY_ID_CORRECTION,DB SP_ID: 1tRtELNORw5rijldY4JoWU | Correct SP_ID: 6ss2vUwrV64xAVE4fXZMIh,2026-02-14T16:27:59.745862
7815,All That,c150f43f-10ae-435c-860f-626c62222051,SPOTIFY_ID_CORRECTION,DB SP_ID: 0llegDB5r0iYNEcRlk0mDR | Correct SP_ID: 4PijdRV622NbKXowFC5tdS,2026-02-14T16:28:03.368354
7814,Boy Problems,869198f3-f76d-4f24-8cae-421e942d1b0c,SPOTIFY_ID_CORRECTION,DB SP_ID: 0mBtCYYloCE5H0PBW0kJnB | Correct SP_ID: 6EZLcNpHEMWjVm7tfU90em,2026-02-14T16:28:07.168160
7894,Jesus,5610f4c9-ba14-4fca-a242-34260976d906,SPOTIFY_ID_CORRECTION,DB SP_ID: 29engDqjmMr3VLqMm0c0WE | Correct SP_ID: 0MmMuFWzY9W6DkeN3iM2kK,2026-02-14T16:28:14.542031
8869,Poetic Justice,21842c0b-b4ac-4418-878c-4f377032f0fe,SPOTIFY_ID_CORRECTION,DB SP_ID: 1zCi4cVFqe6ja16MeGZKRN | Correct SP_ID: 2P3SLxeQHPqh8qKB6gtJY2,2026-02-14T16:30:40.387117
7809,When I Needed You,9957bb37-75c0-4a4a-998e-1f62e94d3c02,SPOTIFY_ID_CORRECTION,DB SP_ID: 2y4o4HsAZOUSoUPGIPwkEH | Correct SP_ID: 5gwDxtCoBbc6nE8IePV9yq,2026-02-14T16:31:24.550480
7972,Clouds,ed547227-f17b-4e5f-b2bc-06210bc38dfc,SPOTIFY_ID_CORRECTION,DB SP_ID: 3o0JiKMZFGghuFxu92QITO | Correct SP_ID: 3h1Q9vIIwgqdefiOEk2xX0,2026-02-14T16:33:36.369323
8107,Bubblegum Crisis,64e4d444-76fe-44ea-aa52-4d870a12ddd3,SPOTIFY_ID_CORRECTION,DB SP_ID: 0anUinfzF9vNYFoXTM6CnG | Correct SP_ID: 4JMUnfUJb0gSA5H0utN46M,2026-02-14T16:33:43.733748
7984,Cocoon,01737b34-e7de-46f1-91bb-8918efaf8efd,SPOTIFY_ID_CORRECTION,DB SP_ID: 7sZHiFxzN3v7uTeC3BvxHX | Correct SP_ID: 5GZwsru25lc0EBa5S8xTXQ,2026-02-14T16:34:17.025253
8153,Jackie Down The Line,08410e18-e94b-4ef6-8eaf-a76c720fb5ac,SPOTIFY_ID_CORRECTION,DB SP_ID: 0Crdaup3sW3HJo4Kqu2yoU | Correct SP_ID: 1MoA0TNVdveasxnR6c2JqZ,2026-02-14T16:35:58.649558
8212,Angel,8e74dd9d-e5a3-4acd-918a-c36a0f8cda84,SPOTIFY_ID_CORRECTION,DB SP_ID: 7uv632EkfwYhXoqf8rhYrg | Correct SP_ID: 7q5qRBh4j28qBTO3oTAmxw,2026-02-14T16:36:31.157179
8120,M.U.G.E.N,cd3c24f9-d11a-4561-b386-767d95432981,SPOTIFY_ID_CORRECTION,DB SP_ID: 74qcn11HVrjckcaEClNOcO | Correct SP_ID: 7dbu8jqVpArDgsBVPvbCBu,2026-02-14T16:37:31.391867
8117,God Bless My Homegirls,38575df5-415e-422d-8c3a-1c883096ed9e,SPOTIFY_ID_CORRECTION,DB SP_ID: 2jUWuKNmsgOoi86ih2Ftgj | Correct SP_ID: 5U3Mx9tiDvVteyWyMkw7nu,2026-02-14T16:37:35.190848
8200,misplace,7acc4d94-8551-4584-aeae-e1e653b9647c,SPOTIFY_ID_CORRECTION,DB SP_ID: 4GDFWEyGGAbSs8HSbDrLmi | Correct SP_ID: 0ALXVfQFaNZ1GmqvlG8X7V,2026-02-14T16:38:16.457023
8199,pretender,1ad82b9c-ffb8-4179-b092-30f9c1929a6a,SPOTIFY_ID_CORRECTION,DB SP_ID: 7tbapvjl1uk5h1OOBGnDxa | Correct SP_ID: 44auFUrGECh2dOIWHyGZyl,2026-02-14T16:38:20.079369
8196,how to lie,a7637505-6048-4627-82c1-f4591fe0384f,SPOTIFY_ID_CORRECTION,DB SP_ID: 43QmdJFJiJK4DWlq2u6sOB | Correct SP_ID: 3mPk0eckjHFr7Q6L0M8dt9,2026-02-14T16:38:23.759525
8195,champ,60590b49-36a1-4125-a998-f0dc1591cfa0,SPOTIFY_ID_CORRECTION,DB SP_ID: 2JVwDvexxV64XVBebrGkPy | Correct SP_ID: 0yMHRbPsUO7niNMiQidYSj,2026-02-14T16:38:27.688854
8192,Candy Crush,31dff97c-2725-4e1c-9387-4e1612dd1ea5,SPOTIFY_ID_CORRECTION,DB SP_ID: 5t99bf7OtqXQMF5f9l7ksS | Correct SP_ID: 1TsY0n1qB8s54TtB1pMajQ,2026-02-14T16:38:31.513557
8333,I'm Waiting for the Day,857fc29d-c779-4979-9088-5d3ee200e957,SPOTIFY_ID_CORRECTION,DB SP_ID: 56rf6DuAv3AGpLIhXVagTM | Correct SP_ID: 1cOs9FzlY0ByIKjMoebJsU,2026-02-14T16:38:42.072254
8251,Starlight,27648bf7-fda9-4b5c-979f-89cb67c6fb99,SPOTIFY_ID_CORRECTION,DB SP_ID: 6Jfr8kDlEx6LnKnp4Xd3yT | Correct SP_ID: 6JMyAzBpAycORZH0tpSPJ7,2026-02-14T16:38:53.171197
8277,Rape Me,31cb6428-c40d-4998-bcb1-a4d9e0fe69a0,SPOTIFY_ID_CORRECTION,DB SP_ID: 2i5K0EdMY5zFs9t7KfYK3k | Correct SP_ID: 2Uk6a8UYAmev7CcJkaCGNP,2026-02-14T16:39:00.490031
8330,I Know There's an Answer,b4e229c2-d9cf-4e60-b65e-4f2d0874a3ee,SPOTIFY_ID_CORRECTION,DB SP_ID: 2NqMUVziSGdz1MizMFu3aT | Correct SP_ID: 2C2YvUN5Omt3r25vfzeaR6,2026-02-14T16:39:04.165335
8336,You Still Believe in Me,d07b976c-d533-4e74-bebf-88a2934b19fc,SPOTIFY_ID_CORRECTION,DB SP_ID: 2xNZK0n7SV7qvV1AlH30Dp | Correct SP_ID: 5wR7QiU7KoLZVFokQQMxxi,2026-02-14T16:39:11.518806
8254,ADD,a680b160-dde8-4f87-a0d2-5fd4eb5c6d3a,SPOTIFY_ID_CORRECTION,DB SP_ID: 0BLHmjFCZsiWQfeRFj6Pc2 | Correct SP_ID: 4NzNeHybw9rIbbRb7ztgfm,2026-02-14T16:39:15.216147
8121,HBK,4a78e285-ff81-4b5c-be3a-918be646f48b,SPOTIFY_ID_CORRECTION,DB SP_ID: 0mQk6j4LmmL13FLyaIZ4FJ | Correct SP_ID: 4gyTOmui6bcnySUfrokZW5,2026-02-14T16:39:33.586647
8274,Very Ape,ef35e665-8670-4e29-86b5-f4bedff97532,SPOTIFY_ID_CORRECTION,DB SP_ID: 0hUit24g1EIoATdKYWUiRj | Correct SP_ID: 1l35xcSg2144Kx4CCUc9L1,2026-02-14T16:40:11.336945
8273,Milk It,5e1cece2-7d5e-45b5-964b-5e339c3615c5,SPOTIFY_ID_CORRECTION,DB SP_ID: 4rtZtLpriBscg7zta3TZxp | Correct SP_ID: 1HyeiawWVyzv9mT8ch2GY2,2026-02-14T16:40:15.145120
8272,Pennyroyal Tea,26c29aa0-5961-4498-99ae-8f982f549c3e,SPOTIFY_ID_CORRECTION,DB SP_ID: 3z53rfQOg6Eb5pBCRsd7Uu | Correct SP_ID: 5v1PGYgP8C44MjO0trYt2i,2026-02-14T16:40:18.760972
8270,tourette's,ab02e70d-9136-4061-8aa4-1edb9bca1759,SPOTIFY_ID_CORRECTION,DB SP_ID: 6ZXGdStfF4q5jnyK76uG4a | Correct SP_ID: 0Bpqzp7gP3WU0e7ruEY3Ja,2026-02-14T16:40:22.621272
8279,Scentless Apprentice,ab0a3fd5-5a89-4ae8-93c1-8a00735e5554,SPOTIFY_ID_CORRECTION,DB SP_ID: 54UFDHWI2q7WHfrGbSNWph | Correct SP_ID: 1Su20my9G69uDDuK0QTMlJ,2026-02-14T16:41:55.853459
8335,That's Not Me,8848217d-2c7d-423f-a3ea-3c2d9fb4e686,SPOTIFY_ID_CORRECTION,DB SP_ID: 0j0y0KnYpbNSiJ0YBwRx9E | Correct SP_ID: 7cUrNcHcCBUHfSRVRmtqqs,2026-02-14T16:42:03.116719
8252,Chaotic,8b4a27de-7ccf-42fa-beaa-f3e1b01dca32,SPOTIFY_ID_CORRECTION,DB SP_ID: 3tzvNHyKc75uFRw98sBcMi | Correct SP_ID: 1VIKka0JrLxXI6IHeaA4kE,2026-02-14T16:42:10.427701
8548,The Gift,6631e51b-75e1-4daa-8f9a-3861840a357d,SPOTIFY_ID_CORRECTION,DB SP_ID: 6pDIQMcZMzIw7YcEg7G7Ci | Correct SP_ID: 6xst1yRHJ2IkMQE0ebeU11,2026-02-14T16:43:18.076093
8557,SIGNAL,54aca732-59aa-471f-b086-041d55b69ab4,SPOTIFY_ID_CORRECTION,DB SP_ID: 7CANOQmdKCQZqYIv27cweB | Correct SP_ID: 15rX80MpEJ2OqW3dPunQvI,2026-02-14T16:43:29.070293
8539,STEREOTYPE,16943fcc-7efa-4417-a74f-4e8ca923668b,SPOTIFY_ID_CORRECTION,DB SP_ID: 2bZIDMpzVooosmPHn0tHnd | Correct SP_ID: 4Qp3nQJH01WzuLz3EvM4gm,2026-02-14T16:45:18.672203
8584,Red Flavor,2f59aa27-128f-455c-b014-4df8f6b4dd8d,SPOTIFY_ID_CORRECTION,DB SP_ID: 7nKQ5WAcjnG48knyLuo8gO | Correct SP_ID: 51Qx2JnvPZo7kIILkLIw6k,2026-02-14T16:45:29.371858
8740,WHEN I MOVE,7bd84516-58c0-407c-beea-4fd49e9dcc12,SPOTIFY_ID_CORRECTION,DB SP_ID: 7gjNxZa0eOEFLY1So9s3fC | Correct SP_ID: 21GuGNE5kAObbWPDRYaYLi,2026-02-14T16:46:05.989989
8550,Risingson,02011500-814c-461c-b3a6-f24fe68ee5a1,SPOTIFY_ID_CORRECTION,DB SP_ID: 6ggJ6MceyHGWtUg1KLp3M1 | Correct SP_ID: 35uKY2ZvXKRdrcFpa9zRFb,2026-02-14T16:46:55.573029
8940,"Mio, min Mio",9e2f1814-8db2-40fc-9316-98ad93ba618a,SPOTIFY_ID_CORRECTION,DB SP_ID: 50rqbBHROa6zDSWBMfzKCs | Correct SP_ID: 0lIlui4DLvaGK9g6Mzigen,2026-02-14T16:49:32.211665
8604,Altogether,e21cd6b9-512e-4cb5-89d3-cf76434c7015,SPOTIFY_ID_CORRECTION,DB SP_ID: 4KnSm0B0r4F5zsB9qsfiUB | Correct SP_ID: 1I3f8tsoYbIPEgQ1TPvJPb,2026-02-14T16:50:38.402383
8874,Galaxy,8a8bc494-28e4-4c56-8d59-0ea8c8e1825c,SPOTIFY_ID_CORRECTION,DB SP_ID: 7t5kbG3pwnOvS2EltxEUlz | Correct SP_ID: 3FGVJoWO4TIMtQ2jk7yvE1,2026-02-14T16:52:54.596232
8872,Lachrymose,9da7c29f-1c0e-4669-89de-cef785fd5db2,SPOTIFY_ID_CORRECTION,DB SP_ID: 2WokcJCRQOtebPUG6w6Zd3 | Correct SP_ID: 2XG2ddcvvtxo4suxiDvHht,2026-02-14T16:52:58.390030
8876,Anywhere in Spacetime,9a6dc598-3fbf-43db-a975-9824ac026949,SPOTIFY_ID_CORRECTION,DB SP_ID: 5V74uKCDdFzxX7ivMTFLZ8 | Correct SP_ID: 6qQZ8aoTer4Egmrq8p4Q5d,2026-02-14T16:53:14.667670
9074,Water dreamer the same,35dc3520-888b-4e74-ad2f-6e96ccfd4ab3,SPOTIFY_ID_CORRECTION,DB SP_ID: 3l4SZdmqunxJpkM1m7jtsH | Correct SP_ID: 5iJY5tlnrh2VLOozvkIVMV,2026-02-14T16:54:02.820149
8606,Sing,e5105959-8474-4c13-b073-17cbb5edf7f0,SPOTIFY_ID_CORRECTION,DB SP_ID: 2alubJkPNdHA97Unct4J23 | Correct SP_ID: 1dmph9kxaIm9btfmCT9r2c,2026-02-14T16:54:13.711460
9098,Pap Smear,ae2f18b9-4cef-45ab-9568-ada3f4d5aa88,SPOTIFY_ID_CORRECTION,DB SP_ID: 6O230seD78SlP6wOWSkfVx | Correct SP_ID: 3EBCX213tph37xvo20rnsO,2026-02-14T16:55:04.399570
8851,Heroin,022d8cbf-c503-4ae9-9050-cad982e15e21,SPOTIFY_ID_CORRECTION,DB SP_ID: 5by3w3NXvwDpV9FBSOR35u | Correct SP_ID: 5eQODZDUVklWEfCTapUQli,2026-02-14T16:55:08.190215
9087,(Exchange),b6293447-05bf-4123-bfe5-099754348bbf,SPOTIFY_ID_CORRECTION,DB SP_ID: 2HuMQkNVpFIsur2cRWWQmX | Correct SP_ID: 2A5Cl0fxSJDGs7SC3fryhR,2026-02-14T16:55:50.545308
8868,good kid,421d5f93-107c-46b3-953e-cad600e1e25c,SPOTIFY_ID_CORRECTION,DB SP_ID: 3903Tbix9PdoculpJLikHf | Correct SP_ID: 5vuJuBqwzHJgCA1ysRfwxZ,2026-02-14T16:56:12.416272
8867,Real,02fac8cb-82c0-4129-803e-f675e8468a93,SPOTIFY_ID_CORRECTION,DB SP_ID: 7pdCmGogZHZH3Xv7LnqVrH | Correct SP_ID: 5d8yMIlqJH78lwOUP7T3oF,2026-02-14T16:56:16.289175
8866,Compton,115be1e6-3937-41ef-96dd-11b768c3a56e,SPOTIFY_ID_CORRECTION,DB SP_ID: 6q0zsagVIiAn9zb7vqTmZi | Correct SP_ID: 1wf4LnpdAhLaoI2WwYDKAE,2026-02-14T16:56:19.972276
9006,Inertia Creeps,cb704029-adf6-408f-b91b-6883df02540a,SPOTIFY_ID_CORRECTION,DB SP_ID: 3N2UhXZI4Gf64Ku3cCjz2g | Correct SP_ID: 6pzeaZNegb9JriLTjdufxk,2026-02-14T16:56:56.723716
8879,Infinity Girl,36610917-8366-44b1-84a6-0b1a91cb17ba,SPOTIFY_ID_CORRECTION,DB SP_ID: 3WTSLcPEeblgmfYWwri23d | Correct SP_ID: 04veZZsDKnrTj4L6H8WhIq,2026-02-14T16:57:19.004952
9130,Noone Love You,cf168f7b-58a5-48be-87b3-af37e459b288,SPOTIFY_ID_CORRECTION,DB SP_ID: 0o474u5w1biojdNJOej5KX | Correct SP_ID: 6V4Mciwl5WpH2mezEOLaLW,2026-02-14T16:57:33.730446
8855,Femme Fatale,5020a167-874c-4295-b995-f481314d5e9e,SPOTIFY_ID_CORRECTION,DB SP_ID: 3PG7BAJG9WkmNOJOlc4uAo | Correct SP_ID: 1UvN9KX92pOABJmzmtTcoS,2026-02-14T16:57:56.948833
8973,Speed,25e1d275-e210-4aed-b62a-204a1df90f3a,SPOTIFY_ID_CORRECTION,DB SP_ID: 7fftnG8BcZ7385YMvWuBes | Correct SP_ID: 5EbTHYIQQtNNMloPNirkKi,2026-02-14T16:58:00.652309
9154,Only Acting - Radio Edit,13ac0eaa-6d64-4117-8af3-b11bf6a6f069,SPOTIFY_ID_CORRECTION,DB SP_ID: 0WrnjDuqNqCZo8TYGFygMW | Correct SP_ID: 5Zk0IqQrbxjFQyxKHaAcqO,2026-02-14T16:58:25.693215
9152,Ready to Start,ab205556-92b9-4c89-adec-0a9dbce7b43f,SPOTIFY_ID_CORRECTION,DB SP_ID: 01wsKcJ8ptqUmatpJlEGYj | Correct SP_ID: 33X9miK4Xz7pNeVrc9RITG,2026-02-14T17:00:38.013832
9265,Love wins all,5a30eb21-d05b-436b-8e39-e1322ed9cbd6,SPOTIFY_ID_CORRECTION,DB SP_ID: 53g7ZIvZE47H9pwXPFYMCH | Correct SP_ID: 0djkJ3iAARXRCbfbwwVc3o,2026-02-14T17:00:52.571282
9147,Forest,2402c922-2baa-42ad-b762-7454d5de4e01,SPOTIFY_ID_CORRECTION,DB SP_ID: 6rxhQ62LExkz8dhJaoEeae | Correct SP_ID: 2DvSss0B5RFGJprdqfaTFG,2026-02-14T17:01:14.592951
9145,Ordinary Vanity,2c367b7b-c7a6-4d69-8b64-4418ea3a06c8,SPOTIFY_ID_CORRECTION,DB SP_ID: 42WvTSx8j9EIlVmnd116YL | Correct SP_ID: 4ucIfLeOZ3i6vJIMaUrQ3a,2026-02-14T17:01:18.311460
9140,Alone in the Town,2251f73c-ebb7-4703-995f-2bb30786e432,SPOTIFY_ID_CORRECTION,DB SP_ID: 13AojhtTIedDKr1wehrWBP | Correct SP_ID: 49AOg6cq6XRdYzP1JOPXm0,2026-02-14T17:01:21.925811
9137,The Day of Night,ae0d7653-e3c5-40c6-8a84-384a82ea0f7b,SPOTIFY_ID_CORRECTION,DB SP_ID: 2wix0Av2sP2CzgJkPASFS4 | Correct SP_ID: 3R0voNMxiSa6BGMdZgDx4B,2026-02-14T17:01:25.633895
9136,Block Mind,d6b3b0a4-3f10-4f88-9d2a-0ae5eebbe90e,SPOTIFY_ID_CORRECTION,DB SP_ID: 5dIGkDfke0WNTRlLvvDOMH | Correct SP_ID: 1LORdLGy7y8RzBdxNkJMQ7,2026-02-14T17:01:29.252251
9125,Betrayal,f99ad2f0-11a7-4520-9bec-c4a8196457a9,SPOTIFY_ID_CORRECTION,DB SP_ID: 6oJHOXNxRcuNH08MVZnV1s | Correct SP_ID: 3doCYSAZXkKKUMaLIBzLIk,2026-02-14T17:01:34.946909
9121,Pianissimo Epilogue,ded5998b-9d1d-45e5-9f45-d3c9b29fca44,SPOTIFY_ID_CORRECTION,DB SP_ID: 2wIeVhEwSjX0AMNNHOzGSf | Correct SP_ID: 3Ln0J3JEkNfbjpESJgosaK,2026-02-14T17:01:38.619848
10348,BALD! REMIX,aeb8aead-de11-4430-aff8-ea3937a88272,SPOTIFY_ID_CORRECTION,DB SP_ID: 58CNpg1ZnTM4FFqXC8dmcA | Correct SP_ID: 5wv9OEeC3N0oWqLMATSoSK,2026-02-14T17:02:01.721376
5788,Feeling Diskinserted?,da40e6d4-08b3-4848-9fed-75c4740edbbb,SPOTIFY_ID_CORRECTION,DB SP_ID: 2SKDW03NiKcpvh6WC0G5AC | Correct SP_ID: 4gX335ixsKIqE7Gpigzf1d,2026-02-14T17:02:12.697387
4628,Watching T.V.,82b44587-0a63-483d-8fab-be34801d83f9,SPOTIFY_ID_CORRECTION,DB SP_ID: 6ztdBhTNo6GFk0WlYU1jzM | Correct SP_ID: 24UCrwqWBR3bw3EIgjzXTt,2026-02-14T17:02:27.426478
12639,Killshot,bb1dd654-4fc6-4839-a79b-6ddfe940ea95,SPOTIFY_ID_CORRECTION,DB SP_ID: 2tdNI4jmNQkOT41LSTSA17 | Correct SP_ID: 0LJTfmgOMvlLd0u4HU9twm,2026-02-14T17:03:52.889104
5090,Tunnel Vision,de410730-4c29-41f9-8c92-7828f99ee492,SPOTIFY_ID_CORRECTION,DB SP_ID: 3LlQyxWlsx8y4rZtkETUjl | Correct SP_ID: 1eELhtgGDNxIjKUFFeyIfO,2026-02-14T17:04:29.411277
5571,The Ballad Of Matt & Mica,6b22f42d-cad9-4372-b83f-163d659d3a3b,SPOTIFY_ID_CORRECTION,DB SP_ID: 4j9WdbfKvyx7fBQb4qygYr | Correct SP_ID: 3k0nTeiMUDMXMhB2kvbK8a,2026-02-14T17:04:33.072765
9143,Ashes and Ghost,1bd04a82-92e5-4477-947a-ffb3c9f73fc8,SPOTIFY_ID_CORRECTION,DB SP_ID: 0EVT7Ci5nGQ7nxQVrntd7v | Correct SP_ID: 4sYtA6MCNbGAcpiXTqu6yk,2026-02-14T17:04:44.040761
9142,Null Moon,fc632150-178e-41b4-819b-3dcceb4a125a,SPOTIFY_ID_CORRECTION,DB SP_ID: 4wXehVH7tLcnoOL4ZOoz9m | Correct SP_ID: 1kBl3bUWCiGpJ8rS50Kd8E,2026-02-14T17:04:47.989106
9129,The Reverse Will,c40144ec-034e-4a38-940d-81251f2a6871,SPOTIFY_ID_CORRECTION,DB SP_ID: 57GW2YFaHhwruq8qCy7rk5 | Correct SP_ID: 4Z2Dkh2XcjlccMkSROIVB5,2026-02-14T17:04:59.252508
9532,The Firebird Suite *: Introduction,e93f839b-2930-4f8c-ba6e-172456a637b7,SPOTIFY_ID_CORRECTION,DB SP_ID: 0wZY7rCrpmVXhqRQ98X83h | Correct SP_ID: 3wfcT0JHmagms7kN3a64yO,2026-02-14T17:05:24.344350
3365,How To Teleport,2a7824a6-2a2a-4f29-8994-b4521a8f8aa3,SPOTIFY_ID_CORRECTION,DB SP_ID: 45oY7hPnh7KvH7lGfVehsb | Correct SP_ID: 5WGp7uxAUVSswA0OIOekFK,2026-02-14T17:06:04.594589
7244,Beware,74ecea2c-63ed-429e-ac83-d4db849a242e,SPOTIFY_ID_CORRECTION,DB SP_ID: 3ssOIXSgNiV8KtUUHmcux2 | Correct SP_ID: 2ASygm7048ssav4ekbehPS,2026-02-14T17:06:33.611119
7549,Mein,b1bdaca0-73c3-49b0-b1bc-ba4f5f50aa83,SPOTIFY_ID_CORRECTION,DB SP_ID: 35jyxg80z7cV6rUZhMctyj | Correct SP_ID: 7vfUhnW7qDtkFId4GJnvtA,2026-02-14T17:06:37.276066
7547,Xerces,bd21a5d3-2436-47ac-94c0-2207bfc3fe5f,SPOTIFY_ID_CORRECTION,DB SP_ID: 0yYhHwr52ZtgdhQJlwQCOt | Correct SP_ID: 5hxcxipGOjgTzrPOkfsyyS,2026-02-14T17:06:40.916216
6837,Kimdracula,3a41be2b-fb86-48d0-83b9-45fcb07cc96f,SPOTIFY_ID_CORRECTION,DB SP_ID: 4K0fUJcm1hUaysX5txW6XR | Correct SP_ID: 4m8wPzkI1y0sUdqEh4A7fq,2026-02-14T17:06:48.332972
9524,tell me,09d2b9c6-6a75-4e91-b26d-b7a7beb31919,SPOTIFY_ID_CORRECTION,DB SP_ID: 29hQU0F1P9mxjAallGIZ4J | Correct SP_ID: 5czEMyVO87hXKDHT2DGCex,2026-02-14T17:07:07.361693
9523,THICC,c857a368-eb54-4da1-9e01-4c59f1bd50cd,SPOTIFY_ID_CORRECTION,DB SP_ID: 5YsEOgzZG57V0W5aS9rlJZ | Correct SP_ID: 4BTnb5GM4rNP8gv43OFXF8,2026-02-14T17:07:11.067864
9336,Butter,e139bd8d-410c-41c1-967c-a30ee3b444e8,SPOTIFY_ID_CORRECTION,DB SP_ID: 3IA9LkBEVhJDOxOnh1nf8a | Correct SP_ID: 6jjYDGxVJsWS0a5wlVF5vS,2026-02-14T17:07:47.512528
9620,The World Is My Oyster,10aebf63-f14f-4523-98e1-a61146bd9d2c,SPOTIFY_ID_CORRECTION,DB SP_ID: 6FnZShD1O17bZa9emuXLXh | Correct SP_ID: 4Rrv9oNClBhzKRfKwdkg99,2026-02-14T17:08:09.996201
9770,Siesta,86d509df-5114-4bb7-a060-626f8ee1ea58,SPOTIFY_ID_CORRECTION,DB SP_ID: 2qGs01mDHVdLvomyOGUGGd | Correct SP_ID: 2DMhbjRbEIGv1pyX1Mn8Mg,2026-02-14T17:09:04.181189
9573,夜の喫茶店,f2505bf1-4ed6-4a15-b91a-645017bb00fa,SPOTIFY_ID_CORRECTION,DB SP_ID: 0BVJTp9HUD2Jd6uPwuLNNk | Correct SP_ID: 7nCW4SaYDuDoX2Rz2GTaWR,2026-02-14T17:09:15.362637
9769,夢中人,148587b8-17e0-46dc-80c6-3a8b27d26d5d,SPOTIFY_ID_CORRECTION,DB SP_ID: 4HJoknGrqGAmx4Uwq1Cuo0 | Correct SP_ID: 1SGPQAdXXDbcRX8kGoBiN3,2026-02-14T17:09:44.335068
9567,Why Do You Love Me?,f54f8b8f-05f1-4c16-b999-0cd708932c63,SPOTIFY_ID_CORRECTION,DB SP_ID: 6mnDez8mWJqlTyp6GjCKKR | Correct SP_ID: 6XHPopST2nFYKd0ZVE2zmV,2026-02-14T17:10:09.902938
9581,The Ghost Has No Home,60ba78de-da71-4779-aa10-1c15c329d7f7,SPOTIFY_ID_CORRECTION,DB SP_ID: 0rtfF7pfVYD5nvBQ1mPRsD | Correct SP_ID: 309XARYei7TCWHfJJkuzQQ,2026-02-14T17:11:03.651009
9719,Deep Sea Pastures - from 'Ponyo on the Cliff by the Sea',30b5478a-a2da-4f8e-9273-1c36cacd0f00,SPOTIFY_ID_CORRECTION,DB SP_ID: 2CQSlBjeFpS3PiaVnrajZJ | Correct SP_ID: 1ZH2eyqwewJj7wAAyzjeky,2026-02-14T17:11:33.825218
9802,Bonny,abe7a834-489d-46b6-871b-ea48568f0d3e,SPOTIFY_ID_CORRECTION,DB SP_ID: 0GUkKHKtAfbSLzTL0GPPce | Correct SP_ID: 6XGup1vnoRarqS5Eb0zeUc,2026-02-14T17:12:10.777461
9787,To My Youth,154a73cf-8dec-42c4-ba21-a9466be99a3b,SPOTIFY_ID_CORRECTION,DB SP_ID: 4gMPlHHAjOQnUrhsuqHivn | Correct SP_ID: 3YRa5hAqdORdcxqTxQ5r8e,2026-02-14T17:13:53.862910
9980,Very Very Very,76721185-a206-499f-b8dd-184dcb0b363a,SPOTIFY_ID_CORRECTION,DB SP_ID: 0BhMw9r3eOLMLXRFBLCt6O | Correct SP_ID: 2RfMQLX71FGzbbtrPeoty8,2026-02-14T17:14:10.248226
9892,Natsunogyouninzaka,332e3863-a131-4441-a515-f5c143b458a8,SPOTIFY_ID_CORRECTION,DB SP_ID: 2sgquvpSZp5zONCzzmVMvE | Correct SP_ID: 4Xyf2Sd63InKE35eUkcKom,2026-02-14T17:14:14.069927
9939,Feliz Navidad,0fd07598-5881-47ba-9eca-5a7378357c2b,SPOTIFY_ID_CORRECTION,DB SP_ID: 3cMQ8WOubZsPtmSzGuWM7F | Correct SP_ID: 1lEV7zBokUcs61itiibn9f,2026-02-14T17:15:34.197218
9749,地球人のカラダ,79a19fca-ff84-4d39-9348-ae1e828f7fd1,SPOTIFY_ID_CORRECTION,DB SP_ID: 6uOi99evmXfapEWoGi6pqW | Correct SP_ID: 0rMgbXTQN4aZocQHQP7qw5,2026-02-14T17:16:10.602705
9791,Regret,44618738-de03-4297-957a-df84cb113c7b,SPOTIFY_ID_CORRECTION,DB SP_ID: 2NphJ0mVP7y3qtLt5H5URY | Correct SP_ID: 1UVll7jjUlqSGxCZ6uXVaD,2026-02-14T17:16:14.252097
10016,Lose Your Sight,2e380284-ce70-4194-a4b6-8cb80df0f8fe,SPOTIFY_ID_CORRECTION,DB SP_ID: 2GFsxYH2nmrRtiC4xWSNeq | Correct SP_ID: 1g298ohsmQw2D4s1DitJEW,2026-02-14T17:16:28.747091
9968,Worm Rave,472bd180-fc8d-4ab0-b90c-61729e16088d,SPOTIFY_ID_CORRECTION,DB SP_ID: 2czZQiKd3lz4VqnwqclxW1 | Correct SP_ID: 2eiB3LeuhLJkF2h9lV7nJZ,2026-02-14T17:16:43.255123
9935,Beside April,eb2d2d29-0d4d-42a3-aced-b9d0f4ee500c,SPOTIFY_ID_CORRECTION,DB SP_ID: 2ywhURek0dxeVJDixcZDnb | Correct SP_ID: 4fyklTEI49emJVhsgUxl6g,2026-02-14T17:17:11.088527
10145,色香水,1e4577ad-fd92-4841-9055-d1bb3dc2f5e0,SPOTIFY_ID_CORRECTION,DB SP_ID: 3IOpaj1JAUK254P4TyJEVQ | Correct SP_ID: 4cbGPWSbuKCNo9wNGiLevd,2026-02-14T17:17:43.669856
9922,Working for Vacation,e15f2093-2a9a-40fe-ba43-8e9b996aaa74,SPOTIFY_ID_CORRECTION,DB SP_ID: 2kmACdsHENmBa65ziMKMGR | Correct SP_ID: 6AWMABj0316vA6qnQmfxCx,2026-02-14T17:17:54.686999
10162,GIRI GIRI,ee9ec664-b579-4dca-9e5a-76190439b2b4,SPOTIFY_ID_CORRECTION,DB SP_ID: 7wJDZBnUDBBzZjlaf4bgLH | Correct SP_ID: 5RtsmtLsEnwa96TEf56tJQ,2026-02-14T17:18:05.436254
10105,DesktopBuddy,c6676972-c97e-4f7c-9bd4-4cd133796c58,SPOTIFY_ID_CORRECTION,DB SP_ID: 5QmxtHllxowtR7XYQgrFri | Correct SP_ID: 75LJP19QabhdMKFLy58uQC,2026-02-14T17:18:12.538155
10144,鉄の檻,4dce2610-d2ce-40ef-868f-548ceba29460,SPOTIFY_ID_CORRECTION,DB SP_ID: 500Nt8kuMGl76WEqOmgaGu | Correct SP_ID: 3iPrjmseAxd9yZRqQ6oonZ,2026-02-14T17:18:41.195743
9959,ÅMARA (The Great Intelligence),a416eeec-aea9-44f4-93ca-bd405379a59f,SPOTIFY_ID_CORRECTION,DB SP_ID: 784OYJ0slqRu2dqxLNsBL2 | Correct SP_ID: 5mFeukL0pUTKjXtrTqGK2u,2026-02-14T17:19:38.871291
10135,勇者,12aef90d-5132-42d7-988a-62c4ae472da2,SPOTIFY_ID_CORRECTION,DB SP_ID: 4LjIQmt1t6NjpM0tpttzjo | Correct SP_ID: 0YTM7bCx451c6LQbkddy4Q,2026-02-14T17:19:42.551820
10166,幸せ,8fd84a8c-6dd3-40de-8d3c-4b16e6744835,SPOTIFY_ID_CORRECTION,DB SP_ID: 3gWfSYSzHIDILJj5ANECEj | Correct SP_ID: 3IYDobDC8polFRhtc4ROzA,2026-02-14T17:20:08.379949
10063,Diary,a3909346-d2ea-4759-b814-44453463c263,SPOTIFY_ID_CORRECTION,DB SP_ID: 2zAcVe9SPjEps2M087r9P6 | Correct SP_ID: 26wcWwCX4Ui1QmtYqTVYM3,2026-02-14T17:20:35.241697
10137,軌跡,c2f16344-dcd7-431e-b036-72f3fbc5819f,SPOTIFY_ID_CORRECTION,DB SP_ID: 6m9xf4dYM9WORdCA0TnMoj | Correct SP_ID: 61WJrUiGvhG1ByujEPrlEY,2026-02-14T17:20:59.790471
10139,しるし,1189c6cb-4e6f-4c73-b6c5-a344f07e2f59,SPOTIFY_ID_CORRECTION,DB SP_ID: 5jSR1EJai9xHvDEAq2rPt9 | Correct SP_ID: 4b1Wsh3SNApLEuhZTn0ae1,2026-02-14T17:21:57.179885
10235,Dogs and Ducks,a461f96d-95df-4219-b852-b7920774bbfd,SPOTIFY_ID_CORRECTION,DB SP_ID: 3Xmkf8BENKXeHv38sUfUa6 | Correct SP_ID: 6XANNQ4GfMK8fubNkEcYzI,2026-02-14T17:22:00.823056
10350,CUTIE PIE!,9de45bfa-6d03-41e5-9272-4f8179088c6f,SPOTIFY_ID_CORRECTION,DB SP_ID: 1jMj8dmlB0EAvNhRee2n3P | Correct SP_ID: 42GdzmtmZmRYwxP9PQOVoQ,2026-02-14T17:23:37.386244
10352,BMT!,8c594f0f-7f6f-4de4-86d6-83fa67c490bd,SPOTIFY_ID_CORRECTION,DB SP_ID: 0Cw86hMKDlWRnxAfEmdX7B | Correct SP_ID: 0y4eECj53tUhMbKLTb8QOy,2026-02-14T17:23:41.119553
10349,BALD!,e65efac2-cb5d-4c84-aa48-852746bcc510,SPOTIFY_ID_CORRECTION,DB SP_ID: 0sBY9cwM2ubXSiEu5mQGQn | Correct SP_ID: 3djWekEDgbhAtkXGdFNbFt,2026-02-14T17:23:44.858798
10364,DIRTY!,e4808116-e727-4337-a6ab-bb627afd7ae8,SPOTIFY_ID_CORRECTION,DB SP_ID: 3DS5qjkZLta7vu6U1nLj35 | Correct SP_ID: 2OiBrXP8M2EkF10c5FYod6,2026-02-14T17:23:52.157883
10365,TRUST!,7fc2ac21-ee24-4f97-bba2-7c8f837ace95,SPOTIFY_ID_CORRECTION,DB SP_ID: 1iRC0WHs9uhAi0EYeJJB3L | Correct SP_ID: 4nGAoP1Q1SNv0sd8bK54TF,2026-02-14T17:23:55.766951
10417,RAL 9002,d5a8e973-ba9b-4162-9a6a-cd4287a24b1e,SPOTIFY_ID_CORRECTION,DB SP_ID: 3P9jINw5TmUelQlm0TJGTY | Correct SP_ID: 0SdUzIyLHFv7n3zYh3PLGJ,2026-02-14T17:23:59.390185
10321,KAMA4,32c405c1-6fb6-47cd-8ae8-06513304f3d3,SPOTIFY_ID_CORRECTION,DB SP_ID: 6Jk5dmoWPpSiz6jfTTpHpB | Correct SP_ID: 0bto5SxdvkRwkTxCY2ruEQ,2026-02-14T17:24:42.920461
10312,Port,ad4f7087-8671-44f7-b0c7-753b5187371a,SPOTIFY_ID_CORRECTION,DB SP_ID: 3A66nM6uybTi1OvSziCdrP | Correct SP_ID: 7gyNhy9LdLEw0e3oivbCpT,2026-02-14T17:24:46.709261
10363,NEMO!,00c6f995-6d46-4d13-bd83-e7b8908361a3,SPOTIFY_ID_CORRECTION,DB SP_ID: 7N0cq7ULjRQ4bcy3IscmAH | Correct SP_ID: 0SR4ItBJEpDf5I6zrcPDt4,2026-02-14T17:25:37.336056
10428,Eternal Sunshine,dd9ce529-62c7-4765-8752-fee1b18e3cdf,SPOTIFY_ID_CORRECTION,DB SP_ID: 7JZJDEaq7KKPAhwrX5r9Ag | Correct SP_ID: 5utIR2EFG1zedaZCrK9kdz,2026-02-14T17:28:34.858756
10561,Across the universe,30448129-5c16-4817-9c06-5872f5a99386,SPOTIFY_ID_CORRECTION,DB SP_ID: 1GKBErugdKLIwdqgNj9Kqt | Correct SP_ID: 7avBTatAh9KFKgBtVfeKVU,2026-02-14T17:28:54.433836
20058,Sing,4ee00f62-b61c-4236-98b7-b511b5ae31a7,SPOTIFY_ID_CORRECTION,DB SP_ID: 6eLrCtqlpjroAkES2EHCx0 | Correct SP_ID: 6K8qKeWo5MsFED7wCR6Kop,2026-02-14T17:29:36.864803
10614,TT,701acb14-c009-47ee-a93b-6bcd6f83be1a,SPOTIFY_ID_CORRECTION,DB SP_ID: 5KfbFCacFuNJGdK2zvovcF | Correct SP_ID: 60jFaQV7Z4boGC4ob5B5c6,2026-02-14T17:30:42.349308
10604,I Miss You,fffccb2d-9618-40e5-b9dc-62dcb0d0fe74,SPOTIFY_ID_CORRECTION,DB SP_ID: 6XmZNkGNEJngWnT7ITrLpV | Correct SP_ID: 3UtDbnKPBGkpvOnD3D3rxK,2026-02-14T17:31:37.787548
10710,Starfire,a8ee2a14-8608-4535-a275-a4612c81682f,SPOTIFY_ID_CORRECTION,DB SP_ID: 5c4uiOIRAsjYwSYjBBmHSo | Correct SP_ID: 7DEUGmIZHOrAqWWJrPQHgE,2026-02-14T17:32:22.086876
10764,ODD,f3abf7ee-40b6-4820-a768-0d22d30dcd32,SPOTIFY_ID_CORRECTION,DB SP_ID: 0BLHmjFCZsiWQfeRFj6Pc2 | Correct SP_ID: 68k2skB9rVM9eT2hG4oCU4,2026-02-14T17:32:51.758573
10642,Let Me Be With You,e1bd174e-3236-4e23-9a24-ecc5fbcb005f,SPOTIFY_ID_CORRECTION,DB SP_ID: 6htNcBR4RpiW5b6ohUk8Mx | Correct SP_ID: 4UBt00S6TNsKwgfxMcfNal,2026-02-14T17:33:59.227303
10823,Dark Side Of The Moon,5a5d7444-14a2-4098-aef7-b5d22ed9af96,SPOTIFY_ID_CORRECTION,DB SP_ID: 33iv4ikGd0KboI6xNPL80i | Correct SP_ID: 4oWZBcaBfx5wVZokxljMvU,2026-02-14T17:34:06.658597
10836,Never,fa5241fb-11f3-4eed-8aa2-815edd400b7d,SPOTIFY_ID_CORRECTION,DB SP_ID: 7fwE3Nr0RsTzYOocfu2XbV | Correct SP_ID: 4wXLZtpqSPm7nYlpZllz6A,2026-02-14T17:35:05.938105
10584,Trigger Happy Havoc,a48c7851-bb2e-401c-9bc1-524dcf44a661,SPOTIFY_ID_CORRECTION,DB SP_ID: 5svYQAJigcKIfajaRdsC3c | Correct SP_ID: 2B18u3pQG8xpiLpinMwJJO,2026-02-14T17:35:09.649837
10815,Nn,fc2e7d16-e35d-4e21-87f6-f39ac2936f1c,SPOTIFY_ID_CORRECTION,DB SP_ID: 5r4moN04aNERMlyQGIk5VJ | Correct SP_ID: 6ylnlWrWb5N6eLDFpsrpma,2026-02-14T17:35:24.490985
10869,Just the Right Song,a01f5e6f-43fa-4873-95e6-26f7e97eeee8,SPOTIFY_ID_CORRECTION,DB SP_ID: 0KOwuwc2XlPU1GFwnG1Gq0 | Correct SP_ID: 4P3mcaMeif02CSqx6MAleZ,2026-02-14T17:36:00.513860
10804,Longa 79,6557ede4-ee3e-4a7e-a721-9f3253b88e8b,SPOTIFY_ID_CORRECTION,DB SP_ID: 1PjWkyhBOnj7WRFQ6U9QS4 | Correct SP_ID: 3WsMl7Hkk9TPYA3ufqJoAK,2026-02-14T17:36:11.330288
10873,Paint The Town Red,b9e20829-1d09-456a-b649-3138e305d9ca,SPOTIFY_ID_CORRECTION,DB SP_ID: 7DlZH8EiVDgQXNoj3dnyZC | Correct SP_ID: 2IGMVunIBsBLtEQyoI1Mu7,2026-02-14T17:37:24.169996
10826,Agony - Instrumental,5b3f6764-2070-4165-80cb-279d145a3304,SPOTIFY_ID_CORRECTION,DB SP_ID: 3V0EvYTBJqHAAWUhn6s3c6 | Correct SP_ID: 79dGhCtRRTj3XqqXnvSkG7,2026-02-14T17:37:57.409939
10986,BIBI Vengeance,00808ace-8080-44e1-add4-ef5351aa15e3,SPOTIFY_ID_CORRECTION,DB SP_ID: 36ctwIeEd0TYdaKGlvJhJS | Correct SP_ID: 6YvzWqCKEUwKIOozTK0x47,2026-02-14T17:38:48.349502
11037,Mờ Phai,2229b3d9-3020-4ec6-831a-99159b0af67f,SPOTIFY_ID_CORRECTION,DB SP_ID: 0FJ1KjDv40zeRBtn67eVaf | Correct SP_ID: 53mEfpXR7OQnWSRa2UP0az,2026-02-14T17:38:53.985244
10991,⋆LUCKY STAR⋆,3e8100f5-e874-434d-ba28-42b6ffc9ff41,SPOTIFY_ID_CORRECTION,DB SP_ID: 5R6ao9heaIiNTY2oczv1Xk | Correct SP_ID: 4zVHwwsHicgFs77vODHARy,2026-02-14T17:40:01.869792
10962,Breaking Point,35d3eaf9-9015-4158-971e-557a3fb2155d,SPOTIFY_ID_CORRECTION,DB SP_ID: 5XK0OvYplKotAvBBVZRqje | Correct SP_ID: 12FeLkSk2j0aQsOljj0uh8,2026-02-14T17:40:12.784934
10980,ghệ iu dấu của em ơi - CLOUDEE remix,ba10185b-058a-4aad-98bd-1ef4e1b69a10,SPOTIFY_ID_CORRECTION,DB SP_ID: 36akbj1spM7sG4OGtxNbl9 | Correct SP_ID: 0uVHdmFQLlfm5gvAv9r1i7,2026-02-14T17:40:16.491156
11000,Baggy Jeans,077fb211-b44d-4ce7-8883-9f49d6cb24c8,SPOTIFY_ID_CORRECTION,DB SP_ID: 22fnCzyjIRdKAgEN9SDbF1 | Correct SP_ID: 59yjCJKdN8DZAz3G2YfgBj,2026-02-14T17:40:20.247277
10976,Rebirth,4941610e-8f38-4f71-b609-bd8d06cad11d,SPOTIFY_ID_CORRECTION,DB SP_ID: 3kZpNeOs10S5mZaRd2oBC0 | Correct SP_ID: 02NSraciQTEmwqYEdkxiUt,2026-02-14T17:40:46.026897
10972,Ascension,06a48f02-70b9-4c85-943a-d779dfe5c457,SPOTIFY_ID_CORRECTION,DB SP_ID: 2upGzBTmYFq3qryeR5bsNg | Correct SP_ID: 5Z8hdSFLj4NfvUCyBerKUf,2026-02-14T17:40:49.729028
10945,paranoia,642d66df-8f1f-4dce-9cc6-36b6843df079,SPOTIFY_ID_CORRECTION,DB SP_ID: 3L7cBON6ECoOcgVDFutAf2 | Correct SP_ID: 3EMaNLX6Ho5ouuA0vUDGq6,2026-02-14T17:40:57.053881
11165,HYPNOTIC DATA,5fbba8e2-2a30-463e-b825-0358cb3081ca,SPOTIFY_ID_CORRECTION,DB SP_ID: 26wxtmoH4uPUF1n5VlPxMc | Correct SP_ID: 1Ll2L0m2QznnoJI9xRN5MP,2026-02-14T17:43:10.053057
11300,Gee,8f992b15-85c2-4484-8d80-839b32ad6958,SPOTIFY_ID_CORRECTION,DB SP_ID: 0t7kjpVLgOYITrSfFCoBEA | Correct SP_ID: 2BQIMF7CyLe2xAKzh74A4C,2026-02-14T17:43:35.333386
11101,calla,2ad802d1-3d28-46df-a1d7-f10a4b8d7478,SPOTIFY_ID_CORRECTION,DB SP_ID: 5LZ4YMkDx5hY7N9QsH4KTd | Correct SP_ID: 0X9qVaLfmgFFaJaYv72V7A,2026-02-14T17:43:57.079783
11233,Aquarium,1da8badd-ddee-4708-adfb-e629b2edcd54,SPOTIFY_ID_CORRECTION,DB SP_ID: 4ZOv9mx6Lz7RRaBFi5UNaE | Correct SP_ID: 7lFNETUUefk4rbqlyLwh5l,2026-02-14T17:44:12.963992
11240,hyouka,c2d00c10-5ac2-40e1-916d-080c2e6baf08,SPOTIFY_ID_CORRECTION,DB SP_ID: 0Gl9CqIRYn4ryw6Jrc7FiP | Correct SP_ID: 34O0ey5JfEiLheSCVN8PAg,2026-02-14T17:44:37.862054
11094,Norton Commander (Album V),efdf062e-217c-44ba-a13f-d9992b2f4050,SPOTIFY_ID_CORRECTION,DB SP_ID: 0DltZY7z8YvuDBSAbsIgPc | Correct SP_ID: 6brulQ9j9jYNGOiXLqRctL,2026-02-14T17:44:55.690896
11184,Within (Drumless Edition),c1aa573b-dfb0-4afd-b869-30fef9991f6b,SPOTIFY_ID_CORRECTION,DB SP_ID: 4PTtFQIiFtNNbbX4Ym5RCD | Correct SP_ID: 28ghWbRd3ZlaeYdKklfQDJ,2026-02-14T17:45:03.126488
11157,CRYSTALS,7f41abfa-babc-4bf1-a73e-bbd32b978928,SPOTIFY_ID_CORRECTION,DB SP_ID: 3fkypmw34YuccrvYvKhUqe | Correct SP_ID: 5wU6jk9kxYzFGUpeE6T2Q5,2026-02-14T17:45:26.775920
11190,DDD,827fb701-2d44-4ca4-8dd7-5d004f83f98f,SPOTIFY_ID_CORRECTION,DB SP_ID: 3nXUfNbkv8ikaSdHwEp0oY | Correct SP_ID: 5pUVWtmp0KkAx9W5ZI3CaO,2026-02-14T17:45:39.285653
11211,D-Day,cde1181e-5b57-42b6-8025-c9c5a8be3bb9,SPOTIFY_ID_CORRECTION,DB SP_ID: 22W6wI4hDTjMAYKKBQW9dU | Correct SP_ID: 2kbvbFfZqyLJT5Si6uUhML,2026-02-14T17:45:43.176852
11272,God-ish,72ba0076-507b-44aa-82a3-2738d24c54ec,SPOTIFY_ID_CORRECTION,DB SP_ID: 206UWNKXURTnN4zf9vmXUV | Correct SP_ID: 2V72emmLge9ZzQmw0rdmcb,2026-02-14T17:46:01.245274
11383,Cupid,1aad39f0-00ab-4e0e-a3f8-31e623cf4b44,SPOTIFY_ID_CORRECTION,DB SP_ID: 3VqSRkq3jRpsSEBngUcY6a | Correct SP_ID: 4TqmTBSWsZXMj3LouLEvXn,2026-02-14T17:46:58.224818
11207,Intro,a18c9ae9-048a-4901-9d53-d47587233b65,SPOTIFY_ID_CORRECTION,DB SP_ID: 201Oz1tyrnEqNt8Rd9RmE8 | Correct SP_ID: 6ydiZpV5UjkWbuS51GJLYN,2026-02-14T17:47:39.181217
11304,Taikutsu,1899c9af-1f95-4313-9cc9-5281f3e9a6f3,SPOTIFY_ID_CORRECTION,DB SP_ID: 7pPt2cOtNF0Fz1VnszlmVR | Correct SP_ID: 77R7PmPBKyDd2JF8kFfsaq,2026-02-14T17:48:38.841170
11371,Aing♡,1f64f331-cf23-49b2-9693-bee255a18ee1,SPOTIFY_ID_CORRECTION,DB SP_ID: 4JUtRVkFjhBZ6dL02IJLUK | Correct SP_ID: 2kugHgOuyupLiOWhx5Kwcd,2026-02-14T17:49:07.173461
11492,Nobody,9f155d3d-7383-41ff-b016-2fa7d3d18797,SPOTIFY_ID_CORRECTION,DB SP_ID: 5R9cUtY574Wd6olnaJG6sQ | Correct SP_ID: 6DEN0NHItNNdepd9IhlC3H,2026-02-14T17:49:28.677074
11606,Genesis Explorer,3a746511-126f-4fde-8753-e0727e39b1ec,SPOTIFY_ID_CORRECTION,DB SP_ID: 63JGAYQmkFwb2npjZY6nFu | Correct SP_ID: 17xt5WtTxBjNHMxHkpcD9P,2026-02-14T17:49:43.034379
11318,chase,9c514b62-0641-4504-8d6a-3ad9e57fe034,SPOTIFY_ID_CORRECTION,DB SP_ID: 18TQCRWbvful7f4jPxrdXO | Correct SP_ID: 5V5akuBxKpIlTUPaueNpyy,2026-02-14T17:50:59.699744
11620,Nabi,dac380d1-48f4-45be-bbc6-a1c9642104c1,SPOTIFY_ID_CORRECTION,DB SP_ID: 289HTJs57TLJbPcDvATcrR | Correct SP_ID: 6zQ24McTYC36rMWRgEfzqC,2026-02-14T17:51:42.853265
11351,Trees,0efc3798-c9ff-485b-8350-8a4097f49cf9,SPOTIFY_ID_CORRECTION,DB SP_ID: 6RC0KSceWm65xP41hecdrD | Correct SP_ID: 2yWqGEtXROECPjPOJ4PzpO,2026-02-14T17:51:49.979147
11500,"Beep-Boop, Beep-Boop",dbcf27b2-a22f-4e8a-9abd-28d131aa021d,SPOTIFY_ID_CORRECTION,DB SP_ID: 579uHOz2E7JtV3YNNOwJqu | Correct SP_ID: 0LCFbCQgflX4Q6V3ejUy82,2026-02-14T17:52:32.890527
11484,Shake It,07ea112f-a000-41e8-9f5b-47d5e81851e6,SPOTIFY_ID_CORRECTION,DB SP_ID: 6pfhyFIP10boLwr4mcSE0g | Correct SP_ID: 5619Ojc6t9evEEs3B7Drhe,2026-02-14T17:53:32.156491
11558,Why Not?,592c4dcd-7b97-4b84-9046-0ea788319323,SPOTIFY_ID_CORRECTION,DB SP_ID: 6yGQ86UppYULzTCxAWgwVN | Correct SP_ID: 7bSMHoFKBVNNOxbetz1R3T,2026-02-14T17:53:46.910050
11523,Move Along,da0ab675-c138-4872-b771-0c3bd2d32a67,SPOTIFY_ID_CORRECTION,DB SP_ID: 58HpsDKeYoLtNhXFQyQmz5 | Correct SP_ID: 2l57cfmCnOkwNX1tky02n1,2026-02-14T17:54:21.884032
11522,I'll Be Here Awhile,75d166ac-4340-4555-bfbd-88efdf5d7b57,SPOTIFY_ID_CORRECTION,DB SP_ID: 5CTbNtv2J3SnCv2EtX0zvW | Correct SP_ID: 1mHZhWJu6RVJhyu3USZdI5,2026-02-14T17:54:32.953678
11449,Rush,f9cdfae1-9474-402a-ad69-75089f1c4b67,SPOTIFY_ID_CORRECTION,DB SP_ID: 4gqakJ2DQ5NoTqNHxyIBAM | Correct SP_ID: 1DiNejIYFe9I5n0itU9avi,2026-02-14T17:54:40.364300
11637,Simple And Clean,ad56f91d-3d37-4eba-a255-f80b95dff1d8,SPOTIFY_ID_CORRECTION,DB SP_ID: 2G8tfTExxzpRKssKzKwDYV | Correct SP_ID: 74ZhWPdUHlVjFmXFD2JOVv,2026-02-14T17:54:44.049800
11588,self destruction worldwide broadcast,c1c16bdf-0e1b-4588-9ea4-417aa4deb0fc,SPOTIFY_ID_CORRECTION,DB SP_ID: 2gTJ37zJkaG8702W0RD4yF | Correct SP_ID: 3x8QKvIFop2DQQ4HMdEWKs,2026-02-14T17:54:58.970532
11378,Chururira Chururira Daddadda!,e949ab46-1733-4a19-bb5d-1a6d25976d03,SPOTIFY_ID_CORRECTION,DB SP_ID: 3UNxJBKO1OiahIlKHGAxjJ | Correct SP_ID: 0M1JGQcBPw0Wx4HJTYSnAz,2026-02-14T17:55:27.745840
11628,Rain Song,73412f62-c7a8-46c6-9e9a-7f275df4e0ff,SPOTIFY_ID_CORRECTION,DB SP_ID: 2rRQU8TJ43qNZqjs8WUoIq | Correct SP_ID: 3KQFIYtm6R6Dy3oVN4E36h,2026-02-14T17:55:41.963323
11703,WHOLE LOTTA MONEY (feat. Nicki Minaj) - Remix,51d78837-250e-4778-af6c-5400d7bf88ee,SPOTIFY_ID_CORRECTION,DB SP_ID: 67G6iaOw8DZqp1z8STR89R | Correct SP_ID: 5yorXJWdBan1Vlh116ZtQ7,2026-02-14T17:56:07.325203
11719,Replay,6c09e6c7-3986-4dc8-878b-230a5116a060,SPOTIFY_ID_CORRECTION,DB SP_ID: 5PRj9m5uknM8QMc9jzA2s3 | Correct SP_ID: 4E5P1XyAFtrjpiIxkydly4,2026-02-14T17:56:18.580122
11849,Bad Boy,1fac3947-1952-4675-a0e9-21733e327f3a,SPOTIFY_ID_CORRECTION,DB SP_ID: 79JjevZxTK4DKntcVbfrOv | Correct SP_ID: 7GLlnuHjYIKy3YR59ziaQe,2026-02-14T17:57:05.811968
11876,Are You Gonna Be My Girl,7a9ba7ac-1dbf-41d9-a0e1-1a164148b2e1,SPOTIFY_ID_CORRECTION,DB SP_ID: 4xw4dlJInLb9IyQXos0zCl | Correct SP_ID: 72zZfHPYx43shcP3eKkYi5,2026-02-14T17:57:46.527480
11763,Insomnia,b98c94a4-e16c-4560-88b1-eefc2913d7be,SPOTIFY_ID_CORRECTION,DB SP_ID: 4Zdw9Oh04fFclpTPXVH6y6 | Correct SP_ID: 6PUY0Lbps6M9vtodi5oXCm,2026-02-14T17:58:53.822095
11896,hollow concept,4a9510ec-409c-47aa-9045-c6f4435c2f6e,SPOTIFY_ID_CORRECTION,DB SP_ID: 2Y2m5km9MV6V6Q1FwALHE2 | Correct SP_ID: 2NIVoKppqJgn9E9F0mlKXK,2026-02-14T17:59:55.774418
11833,SMOKE IT OFF! - Mega Mix,88832444-a2ee-42df-a6e7-6cec5afa8c81,SPOTIFY_ID_CORRECTION,DB SP_ID: 7gcnWDH9T4v4UtvgOQ9IGW | Correct SP_ID: 3UEyIvpZcGvqEqIZdw6Sey,2026-02-14T18:00:58.455028
11975,Higher,52bd4252-8e51-497e-9b14-474a267e76e0,SPOTIFY_ID_CORRECTION,DB SP_ID: 485FH4HJhHX2uoCpr3GLjI | Correct SP_ID: 3k1fjUrkYqQQtjguz6zDw3,2026-02-14T18:01:14.828231
11961,The Ballad of Mona Lisa,27105237-d365-4b3a-9d68-de541d74d5ca,SPOTIFY_ID_CORRECTION,DB SP_ID: 6T1JJNqIrGiKi4sZgFwQkV | Correct SP_ID: 5rLi8B8qgk6qThwRnKHW2P,2026-02-14T18:01:22.156160
11939,Puppet Boy,2090d684-ac4b-43b0-8545-ddc4413b79d9,SPOTIFY_ID_CORRECTION,DB SP_ID: 3sOOE5gy9FI2KuGnjqAiGg | Correct SP_ID: 7IKproAVOPBcnBDRDt8qo4,2026-02-14T18:01:25.887113
11984,Do I Wanna Know?,f1e57531-e0df-4b3e-938f-1ae30c5b1a11,SPOTIFY_ID_CORRECTION,DB SP_ID: 5FVd6KXrgO9B3JPmC8OPst | Correct SP_ID: 7xmwLmkoWpghkq8jyEhtbx,2026-02-14T18:01:50.567544
11978,Snow (Hey Oh),ea42a36a-ced7-4326-a7d3-c91456b49d0b,SPOTIFY_ID_CORRECTION,DB SP_ID: 6fgbQt13JlpN59PytgTMsA | Correct SP_ID: 2aibwv5hGXSgw7Yru8IYTO,2026-02-14T18:01:58.144420
13441,Departure,900171d4-49d2-4a32-822d-5ff8f6feee73,SPOTIFY_ID_CORRECTION,DB SP_ID: 7uNu0IWPFHHmi8KI3akdEg | Correct SP_ID: 7zJ401OGgalYaYocwjtjto,2026-02-14T18:02:12.932165
11912,You're Cute,2643225a-82a7-43b5-8b89-6864fe3b2537,SPOTIFY_ID_CORRECTION,DB SP_ID: 4aguSgI3YN5WzNeFFZCPMW | Correct SP_ID: 2hq8Yi0344OwPdg8BdaafL,2026-02-14T18:02:59.748294
12106,Somoku,e05d3188-f2bb-4f8c-9e57-18c87901dddd,SPOTIFY_ID_CORRECTION,DB SP_ID: 2HgHspNmoOJrmYnovlYbkJ | Correct SP_ID: 3tUeAhUxgKdJoorYTn5nJb,2026-02-14T18:03:19.808389
12010,Structure,a4f1b8f3-0d86-4c2e-b444-d97a1891e783,SPOTIFY_ID_CORRECTION,DB SP_ID: 2l7GEa9XmziW8Diqb7c2pg | Correct SP_ID: 0OPD9fnjX6xWgHBQ4QClgu,2026-02-14T18:03:34.025019
12013,LOVE & JOY,ac6686d0-9a0e-4aa2-bc99-341888d054d1,SPOTIFY_ID_CORRECTION,DB SP_ID: 3lksFuUZY72kLn9izgGpV9 | Correct SP_ID: 44hdQF5s1p1Pute4Vex8ep,2026-02-14T18:03:52.536179
12016,Panic,07987d22-ac93-42c6-a144-7c9e6814d6dd,SPOTIFY_ID_CORRECTION,DB SP_ID: 0q6X2a5vpBIiL3AgvCU84G | Correct SP_ID: 6db3a10efgfgX9AAoOpCLz,2026-02-14T18:04:18.464898
12104,Take A Picture,91dc11c1-e745-4a31-a1c7-ab47439182fa,SPOTIFY_ID_CORRECTION,DB SP_ID: 6q4aoWgTQ8td2AvqQXuFqm | Correct SP_ID: 3LMk2ERkd46UY3SM7wNfiU,2026-02-14T18:04:25.587728
11967,IF YOU,54b2d5f6-d5d3-4bc5-a65f-b1375f5a965f,SPOTIFY_ID_CORRECTION,DB SP_ID: 6saTELyNTjW9WwmoCWpjsk | Correct SP_ID: 4kaY4LbdbomICC25gYGGtn,2026-02-14T18:04:36.548791
12087,obsessed,d4b3347e-b327-417d-97d2-9f6ad7c0b5d6,SPOTIFY_ID_CORRECTION,DB SP_ID: 3KFe2MbpSsHoEkPQeHiuTj | Correct SP_ID: 3IcIIZMMS7UArJJPtEHXG8,2026-02-14T18:04:40.149874
12039,Flesh And Bone,f6440c5b-5e76-4007-ac57-6366517b1d45,SPOTIFY_ID_CORRECTION,DB SP_ID: 6wjXV2i8MkmDg0FRjXUrzf | Correct SP_ID: 2NiKqnDaUJHq8l67t4509u,2026-02-14T18:05:09.400882
12015,I Know,1c1e9abb-cd73-478e-a089-187cb74991da,SPOTIFY_ID_CORRECTION,DB SP_ID: 6trRkPKfR8R9yKDVXwTrhx | Correct SP_ID: 5Wbn03FclqhIk8ZUXwY7TX,2026-02-14T18:05:20.392783
12369,flip that omg,798a6502-62b2-467e-9561-71cabfc2f609,SPOTIFY_ID_CORRECTION,DB SP_ID: 7cHXwaBnIBFUPuP376z07E | Correct SP_ID: 7r5KuSTs9m26F1vknRO9pB,2026-02-14T18:05:38.101736
12226,fuck out my face,f4f08077-6c41-4d0e-8710-61c2a5e6fc1d,SPOTIFY_ID_CORRECTION,DB SP_ID: 3tpfATZsPhaluwN2HSkHhP | Correct SP_ID: 1pBDGRzv2oS0YPgcutJ7C3,2026-02-14T18:05:59.245130
12154,WHERE ARE THEY NOW???,dfa0ea32-c810-4f2d-9436-f7c97697f91a,SPOTIFY_ID_CORRECTION,DB SP_ID: 5EHRhPh87SwjzgCssZmDcl | Correct SP_ID: 57qF0YtAJzVbYv4cVmdCmj,2026-02-14T18:07:30.592701
12240,Maniac,3d89eb37-4edf-4bc2-b7e5-dfed377bdc17,SPOTIFY_ID_CORRECTION,DB SP_ID: 0QKfiqpEU4h9ycPSzIFwYe | Correct SP_ID: 4jqCold0GXW9c40QyOGD8S,2026-02-14T18:07:38.176688
12116,Conga!,c7a0fed2-988b-43d2-b7ff-4055fcad868f,SPOTIFY_ID_CORRECTION,DB SP_ID: 3FdHgoJbH3DXNtGLh56pFu | Correct SP_ID: 3DjP8yo25Uk89IkGdLNWbH,2026-02-14T18:08:14.832677
12165,Falling Behind,91c21917-42b2-446b-b1f6-0a4cddf1ed73,SPOTIFY_ID_CORRECTION,DB SP_ID: 0mlIVjrhLn8WvmK1F9cgzY | Correct SP_ID: 46gvG4Btf56iVXysXR3KLn,2026-02-14T18:08:25.811749
12037,Rock,61f036f5-a6bf-44a6-a4a8-34c65fe1ef24,SPOTIFY_ID_CORRECTION,DB SP_ID: 4Q0s7IwTBlff8C7KQXLNQi | Correct SP_ID: 17MlnACcP3VDE7xHMaToGF,2026-02-14T18:08:53.133632
12269,after you,04a097b0-c2e1-4f5b-b361-6217f0c2c2a1,SPOTIFY_ID_CORRECTION,DB SP_ID: 0ythtbBKTpxDpcQQYHYuW2 | Correct SP_ID: 5fchcu0yeyymKOrINUMfLb,2026-02-14T18:09:09.254078
12326,Mừng nắng xuân về,cc070039-dd03-4bc5-9ff2-232116467588,SPOTIFY_ID_CORRECTION,DB SP_ID: 7hTjLSZhIIAO6kAghfPMl7 | Correct SP_ID: 3cboywLZybaxQKmZkeQiKL,2026-02-14T18:09:26.891512
12454,Fragile,05e40a4f-704d-4f4d-b39f-62508fcf5d57,SPOTIFY_ID_CORRECTION,DB SP_ID: 0TveByn1xvhUjVrvjsWrTf | Correct SP_ID: 608wYP5XWenLz8cOSYjX7X,2026-02-14T18:09:51.890197
12337,ANTIFRAGILE,5bf956f1-c656-444f-b9f3-9b08332bcc70,SPOTIFY_ID_CORRECTION,DB SP_ID: 4fsQ0K37TOXa3hEQfjEic1 | Correct SP_ID: 0bMoNdAnxNR0OuQbGDovrr,2026-02-14T18:09:59.268345
12460,Cariño,c55840a9-cb74-440c-b5b3-ca801b166528,SPOTIFY_ID_CORRECTION,DB SP_ID: 55DyBUkjebkcYhDGfEXitR | Correct SP_ID: 16gJmoOqRt2lKmlXtDpWgH,2026-02-14T18:11:06.710727
12324,FEARLESS,4e45b0de-b6ca-4d8a-a084-3cef812befb0,SPOTIFY_ID_CORRECTION,DB SP_ID: 3sR8JLZH6aCgPN3XwHh2FU | Correct SP_ID: 3ovYlDqMHyuTssHN6XkM1C,2026-02-14T18:11:14.063321
12393,Doyalike,91d2046b-f669-497b-a4e5-3a5a0fc1dc8e,SPOTIFY_ID_CORRECTION,DB SP_ID: 4SaYEC5pdJnAwPE284QHfC | Correct SP_ID: 35l2Mce0tiJpnbGtu6Bfi4,2026-02-14T18:12:12.530256
12415,Las Estrellas,cf8dcb19-dd89-4a32-988b-4e8b2abfcdef,SPOTIFY_ID_CORRECTION,DB SP_ID: 2Tz4VFoD5lVVdBjJfAT8lh | Correct SP_ID: 3Omxn9nZid8zktrnhFDkTD,2026-02-14T18:12:19.675900
12434,STUPID (feat. Yung Baby Tate),02cc2bf7-d8cc-46c6-abb9-90fccd7f3f7f,SPOTIFY_ID_CORRECTION,DB SP_ID: 5sFlMajq1s9UKLJwWm490V | Correct SP_ID: 7107G3nBcMBOCgd4wEQEn1,2026-02-14T18:12:41.126771
12491,Glue Song,f220ba2e-0d12-41a2-b9ef-5a5119b967b8,SPOTIFY_ID_CORRECTION,DB SP_ID: 0tMMPZEt6Gyrl9FI8zSicm | Correct SP_ID: 3iBgrkexCzVuPy4O9vx7Mf,2026-02-14T18:12:51.763214
12407,XTAYALIVE (Sped Up),97da257d-b010-4452-ad70-dad8f4da2015,SPOTIFY_ID_CORRECTION,DB SP_ID: 64sMfJPuyaFlm6A2EZI4sM | Correct SP_ID: 7FbwJEO38c94mhmNdIW2Hf,2026-02-14T18:13:17.351593
12461,Gieo Quẻ (feat. Đen),9df402f4-b35d-48e8-8bb6-146d8cebd8cb,SPOTIFY_ID_CORRECTION,DB SP_ID: 7lkWAB0Ru7WEa0mkdgiqJG | Correct SP_ID: 6SjnTRDyTM162pPOAM0O8M,2026-02-14T18:14:33.902784
12612,Still With You,21ca6993-c499-408b-babe-1ca6d370cfe3,SPOTIFY_ID_CORRECTION,DB SP_ID: 1qngClUNMBxphnPBQA04wh | Correct SP_ID: 0eFMbKCRw8KByXyWBw8WO7,2026-02-14T18:15:10.271309
12627,Crystal Snow,c020d547-2718-46ab-adfa-ae12ddd619b3,SPOTIFY_ID_CORRECTION,DB SP_ID: 0NdYhK7ma3nu4krFkBsI5y | Correct SP_ID: 6NbfFVZ01Ttvvqmcok8DxL,2026-02-14T18:15:43.357291
12619,Baby Blues,a88e551b-45a6-4ab9-a7da-61568952ba41,SPOTIFY_ID_CORRECTION,DB SP_ID: 7uyXisSez7DMyz5qE4TdK5 | Correct SP_ID: 08tdFfSLp50Wv6HIcfH9YP,2026-02-14T18:16:44.885412
12587,FANCY,55407857-babb-4f04-9915-4884f6acdc63,SPOTIFY_ID_CORRECTION,DB SP_ID: 60zxdAqWtdDu0vYsbXViA7 | Correct SP_ID: 2qQpFbqqkLOGySgNK8wBXt,2026-02-14T18:18:12.877162
12655,Beacon,22de35ed-1479-402c-bd24-d6710bdfa61a,SPOTIFY_ID_CORRECTION,DB SP_ID: 55EIrj5o7GdT4y0kO6ciWB | Correct SP_ID: 1H5gdvgGtXGksAJDlSlK9l,2026-02-14T18:20:22.054239
12857,Weekend,4f470a1a-a02c-4743-8666-ee3a7333183d,SPOTIFY_ID_CORRECTION,DB SP_ID: 6cqH1q7g5GeRVQVMK1Vc7f | Correct SP_ID: 0n1jo6k1GUzyrcXW2aS0iL,2026-02-14T18:20:33.046896
12911,Jingle Bell Rock,e5d8fb7e-94f4-4370-a001-97fa30fdd0f5,SPOTIFY_ID_CORRECTION,DB SP_ID: 2b73SUHN58DJvQFJHiKlGr | Correct SP_ID: 77GcYr9JP6uvJM0kPa6Nzk,2026-02-14T18:20:40.301359
12866,Hi High,f4cfe660-3050-4546-bacd-9f029b2d37fb,SPOTIFY_ID_CORRECTION,DB SP_ID: 0RqzUS7AkBhQDrBxcGFeDv | Correct SP_ID: 4EMAaWwu2zXTkXIA6YPKkt,2026-02-14T18:20:51.550794
12912,Seeing Is Believing,c2791a92-b966-4db7-b8f2-d7d88c231635,SPOTIFY_ID_CORRECTION,DB SP_ID: 3arSYBiL4ocCT6XZw20RuD | Correct SP_ID: 0AHlbD95hYzP5Fgj0F69OI,2026-02-14T18:21:24.606855
12706,Tell Me,06f74a8a-a6ad-46f9-b6b7-8752943fc5df,SPOTIFY_ID_CORRECTION,DB SP_ID: 3WiwXdfoTkavPsUeO5V97p | Correct SP_ID: 2UuKZDzjZ7cVMOvpmuAMYj,2026-02-14T18:21:39.663378
12869,BTS Cypher PT.3 : KILLER (Feat. Supreme Boi),2abaf468-4a14-4cd6-8cef-5a6b5fe21c93,SPOTIFY_ID_CORRECTION,DB SP_ID: 1XkVZKfViRyaQcBWUEVwrd | Correct SP_ID: 5OlieB5VdsOMuBuCtllXGW,2026-02-14T18:21:46.979269
12717,Space Song,5a8f7959-6906-4672-ac64-f994e98976ae,SPOTIFY_ID_CORRECTION,DB SP_ID: 7H0ya83CMmgFcOhw0UB6ow | Correct SP_ID: 6MIcWqyyM5ijcDFLEnCaTm,2026-02-14T18:22:36.077565
12636,Impurities,973b1efd-863c-4610-9fc1-d1406cc66cd9,SPOTIFY_ID_CORRECTION,DB SP_ID: 7F0MuIk5glqtowCUjbn9es | Correct SP_ID: 7mYwDmbbp8UPLlnRjTJ54X,2026-02-14T18:22:39.786903
12818,Suite from the Polar Express,5c0d9ec1-f651-48bc-8b43-87d10e9d60d7,SPOTIFY_ID_CORRECTION,DB SP_ID: 27Nr83gnl0z6YDHfWklXV0 | Correct SP_ID: 3mfEv2KipK7lVWwocNx46Y,2026-02-14T18:22:47.288279
12927,Lights,6859d745-fae4-4a4f-ae3d-584f4c41593c,SPOTIFY_ID_CORRECTION,DB SP_ID: 45HQ2LUH4ZruF1KmAnGLbq | Correct SP_ID: 44vXWYTcdrejrIQZEoHzl8,2026-02-14T18:22:54.541701
12930,Film out,5b082713-242e-41be-964a-f8917e2a2ee4,SPOTIFY_ID_CORRECTION,DB SP_ID: 6g9Vd4z3JnVUiAIRwFlVCG | Correct SP_ID: 3UHPGOkUcE4hE7sqBF4Snt,2026-02-14T18:22:58.202960
12877,FIRE,7df4c5e3-dc73-4ced-93f2-2aebe92e46c2,SPOTIFY_ID_CORRECTION,DB SP_ID: 7IkuRNVAjwXpZ2DheQHL4L | Correct SP_ID: 3DWEV30HI37clx36VK41FK,2026-02-14T18:23:47.506280
13000,Chìm Sâu,a062bfd2-b6cf-401e-9b25-dc7e3a9fd82d,SPOTIFY_ID_CORRECTION,DB SP_ID: 4ih9noxBfg7euMjCPO0qNH | Correct SP_ID: 7jLSThU5Kg1RWt19Leiaxm,2026-02-14T18:23:58.588562
13026,MORE,50605eaa-4e63-4e6c-8bcf-40ad6812ff60,SPOTIFY_ID_CORRECTION,DB SP_ID: 4XKXphKH76W4zNpkgFS5o2 | Correct SP_ID: 7GARzfC1mwhDuk4t9WOACq,2026-02-14T18:24:22.235293
12918,Illusion,d749d7ae-3a2f-4417-a108-fad3a4c4c3b9,SPOTIFY_ID_CORRECTION,DB SP_ID: 5uFqjHOo3Sh0bVPCKf3DdH | Correct SP_ID: 396FqjKmViUZ92Wmm4rx3i,2026-02-14T18:24:40.502617
13068,SHUT DOWN,ac68e0b2-a020-4dc1-a758-c161329a44be,SPOTIFY_ID_CORRECTION,DB SP_ID: 55nWobiFbQcUSXSP0ZjkfN | Correct SP_ID: 5BVB03000Trb3zHlkjqJFe,2026-02-14T18:25:02.675512
13017,Stay,eeddf4a7-7e22-4894-b8d7-ba2810b30415,SPOTIFY_ID_CORRECTION,DB SP_ID: 5YbEHfUUvXsUsg7qNYXUpP | Correct SP_ID: 0TdWVbcerMAcvljXrl9gpG,2026-02-14T18:25:31.910108
12974,Destiny,383d9d31-5c5a-4aee-970f-18eca115b08a,SPOTIFY_ID_CORRECTION,DB SP_ID: 4SCRUC5lDUwbdZHQuGp2Z2 | Correct SP_ID: 2FTZvhmIVDvb3Cemj6t45x,2026-02-14T18:26:26.722878
13089,Autumn morning,1a062ab8-8ea6-4bd5-b02f-055a60150d2d,SPOTIFY_ID_CORRECTION,DB SP_ID: 100N8P8WYnz9eCYuLYGflV | Correct SP_ID: 1qVFSKQOjKwwHOwHqFCTX7,2026-02-14T18:26:37.749755
13188,죽어도 못 보내,cf45727d-26ad-4d20-9df4-1c43d7e0bde5,SPOTIFY_ID_CORRECTION,DB SP_ID: 74Yv5Wm6NqoJnoc2BGRev1 | Correct SP_ID: 70t15DVhIoStkjaxm8Iuew,2026-02-14T18:27:12.246772
13077,I Have Nothing,6f3ef133-3368-4797-b0f6-6fd66b55c548,SPOTIFY_ID_CORRECTION,DB SP_ID: 31er9IGsfFbwqy1pH4aiTP | Correct SP_ID: 4wlxzvGk6OI5pRPhjeAV26,2026-02-14T18:28:04.011956
13197,Summertime,3f318b6c-6925-4d44-aa86-a408324f18be,SPOTIFY_ID_CORRECTION,DB SP_ID: 1NoFtVNZwJ223quJyjeETd | Correct SP_ID: 5KZVbtDMFcurkynWsncKtr,2026-02-14T18:28:19.104825
13136,Heart To Heart,a144bd02-1493-49e9-832a-be406aa2f818,SPOTIFY_ID_CORRECTION,DB SP_ID: 2Vs5y1cLMIbZHUy3E3dhS9 | Correct SP_ID: 2hbmUkbk3VVXTCIG7UeBR6,2026-02-14T18:28:22.700734
13176,What Love Will Do to You,8e1f4ad9-f0cb-4a75-8669-007bb4607202,SPOTIFY_ID_CORRECTION,DB SP_ID: 37nBLmvdfeqq8HrsMp2RmR | Correct SP_ID: 4IqrPu63viykyz34gUYKAx,2026-02-14T18:28:34.178911
13219,Night Light,aa061854-ed58-4d49-bd01-4c5944d01038,SPOTIFY_ID_CORRECTION,DB SP_ID: 6dJyKQaxxsxQA0rPF8JmNg | Correct SP_ID: 6cx5CvFhqN19efStehJqoW,2026-02-14T18:28:38.377571
13133,Mixtape : Time Out,04917d17-97f6-4df3-9e80-eb943a82e428,SPOTIFY_ID_CORRECTION,DB SP_ID: 0OCDOcvQvozjsivREMojzx | Correct SP_ID: 5vMQIOhLw85H8WYIf1kEWw,2026-02-14T18:28:49.806343
13078,Awake,400af1b6-110d-487f-8281-baf876c9e1bc,SPOTIFY_ID_CORRECTION,DB SP_ID: 1GZ4rjIbktlYy1n7zmyCmq | Correct SP_ID: 3gxNkvcP8scSzL6mGznTn3,2026-02-14T18:29:11.822774
13031,Singularity,ee066c10-89e9-45f6-8a98-2e371a06b271,SPOTIFY_ID_CORRECTION,DB SP_ID: 3WMLle4WsAKsZ9G1a5L8c9 | Correct SP_ID: 5rNZsITjXf23iFkRA924FV,2026-02-14T18:29:15.445263
13267,Spin,aacb3efa-a4f8-4398-a91b-53455a6fd465,SPOTIFY_ID_CORRECTION,DB SP_ID: 79LNrXUhPHM10iBtO5olas | Correct SP_ID: 6VepXMI7Af7crjEKGTQF0b,2026-02-14T18:29:19.131815
13051,Dimple,5db25608-6dbd-46f3-9345-130238e73e9e,SPOTIFY_ID_CORRECTION,DB SP_ID: 1rLkzFZdokhx6Wcs80uvnw | Correct SP_ID: 3pkuMWcTVmt4s4Qg4EmXGO,2026-02-14T18:29:35.985611
13346,残酷な天使のテーゼ,99b455ec-7f1e-49b2-bcbc-b8ee3302dbb1,SPOTIFY_ID_CORRECTION,DB SP_ID: 23phSRwoMy48rwFpmuAP8q | Correct SP_ID: 1QFPI3slA71XOdiBV5qti1,2026-02-14T18:30:23.370918
13421,Butter (Hotter Remix),8f5aa81a-437f-44e8-897c-964fcb26c635,SPOTIFY_ID_CORRECTION,DB SP_ID: 3IA9LkBEVhJDOxOnh1nf8a | Correct SP_ID: 2uuWT347cQG0fRkrgAZ5KQ,2026-02-14T18:30:34.373318
13194,Lucifer,8c264884-15c1-447f-a243-94321f4a7988,SPOTIFY_ID_CORRECTION,DB SP_ID: 7xAACq6jlGqXw4bNCTYcm6 | Correct SP_ID: 4Qx1Eo8Yh9DYA3Qfmt0Zyt,2026-02-14T18:30:38.061882
13350,Catch the Moment,0ab02979-0edc-4b4d-8e74-d02b7e5b0d8b,SPOTIFY_ID_CORRECTION,DB SP_ID: 6qucDazlY2kcg6OU4njoYJ | Correct SP_ID: 6vRkYTrWDzzVrZTqBJFR0u,2026-02-14T18:30:49.028831
13294,Ready to Go (Get Me Out of My Mind),97237ba4-6aea-4771-bea0-265b30ff2c6f,SPOTIFY_ID_CORRECTION,DB SP_ID: 2uq00BQFXxlCwmo4QaTmGs | Correct SP_ID: 7m4HUtdXRUHEitLIqbVWxf,2026-02-14T18:31:25.960987
13373,Sincerely,07961393-1c7c-42a4-98d7-08f7687f9ea9,SPOTIFY_ID_CORRECTION,DB SP_ID: 44qcrPWSt7I4UHHfRnWjrb | Correct SP_ID: 1774XGEDmmV7ynAzCQHrhU,2026-02-14T18:31:29.602347
13304,炎,42242028-2d98-4651-aec5-5cb06da85975,SPOTIFY_ID_CORRECTION,DB SP_ID: 6Uo1VxHGkRC2O2SRaDqpn7 | Correct SP_ID: 0cSkn2l67csUljEy0EEBPn,2026-02-14T18:31:59.002889
13277,Chateau (Feel Alright),00debd1b-c1e9-4d7f-8219-df83e2868231,SPOTIFY_ID_CORRECTION,DB SP_ID: 1wNPtgvQLvfNcQhBWHQ4eY | Correct SP_ID: 3vjs2MDHoF9xhylNg6Y9un,2026-02-14T18:32:09.776640
13210,Coffee,c6cdaca3-37a1-47f3-a5e3-e9c012a6c0f1,SPOTIFY_ID_CORRECTION,DB SP_ID: 15FZPfLobYj9kBE80LtxIx | Correct SP_ID: 429NtPmr12aypzFH3FkN9l,2026-02-14T18:32:20.505789
13189,Vision,d88cfc06-3cda-4b6c-a69c-a8b83fa1b577,SPOTIFY_ID_CORRECTION,DB SP_ID: 0ijms7rWvEqB7TIIE3kCbG | Correct SP_ID: 77XWbQmAlDaXmzl3OC7nNk,2026-02-14T18:32:37.176890
13057,Her,d8439393-bc8e-4192-a799-7e1c0738b1b6,SPOTIFY_ID_CORRECTION,DB SP_ID: 6FHVHycPPTQp6aAHjLhzFT | Correct SP_ID: 559U79ujLJSP6OUyH2nGLl,2026-02-14T18:32:51.529584
13255,STOP,3eb2051b-2093-440b-863e-a96b1a038da8,SPOTIFY_ID_CORRECTION,DB SP_ID: 1XIIvx9S19CZVc7eow7EX7 | Correct SP_ID: 5m5te1JAMYvJmEa5XnGTWi,2026-02-14T18:33:13.191920
13434,Dynamite (Slow Jam Remix),32d2bea6-1220-4d20-94c0-bd02bc959c65,SPOTIFY_ID_CORRECTION,DB SP_ID: 71g5YNZv9ysuAZVPuxOmiC | Correct SP_ID: 3adJ5vW78N4lpm4DzbCt6d,2026-02-14T18:33:27.566022
13287,This Kind of Love,fded2505-2399-4f06-aaa3-ce39c6c1b132,SPOTIFY_ID_CORRECTION,DB SP_ID: 1fGhrU1TTRIq8fHJSJOlwP | Correct SP_ID: 3YXQ3kVAf3ynqUPU1z6voz,2026-02-14T18:33:34.929372
13353,足跡,1ecee50a-adb1-40df-b883-23235cce4187,SPOTIFY_ID_CORRECTION,DB SP_ID: 5edvXnO8nVHHV7Kp1ONbIy | Correct SP_ID: 1zjqwj6d2sZTsw0ogGTSUe,2026-02-14T18:34:06.682880
13303,Crush,b171eb28-57c4-4181-91e1-575aa210384b,SPOTIFY_ID_CORRECTION,DB SP_ID: 2y7JqO7Jc7ErdOmxpvifRF | Correct SP_ID: 0sz1wmBpB9gKh9zFV9YMFe,2026-02-14T18:34:39.254349
13375,明け星,b6db0b98-db67-4a9d-8f7e-9a4235ef0321,SPOTIFY_ID_CORRECTION,DB SP_ID: 3J34JtfZNylVXSKN4TDf12 | Correct SP_ID: 60iYkEAcSpAFcsjRrgTlrc,2026-02-14T18:34:57.572783
13391,unlasting,45d5d89a-6c05-4271-a59a-9c3d537f1a88,SPOTIFY_ID_CORRECTION,DB SP_ID: 3SlQVRQAgsc6ac6UBM9dIk | Correct SP_ID: 5XsF1gcrsQjInmziGlQFDY,2026-02-14T18:35:26.420109
13464,2easy (feat. Heize),df9aaf10-be0d-4e23-93e5-5d1395ad4cdc,SPOTIFY_ID_CORRECTION,DB SP_ID: 1aRgsJJJMIAaZgiOtGRMl0 | Correct SP_ID: 59wVQ1lqRkO39K1KVtKuYb,2026-02-14T18:35:40.685987
13398,怪物,fbb78c87-66fa-49d0-8089-22d1b46aad99,SPOTIFY_ID_CORRECTION,DB SP_ID: 06XQvnJb53SUYmlWIhUXUi | Correct SP_ID: 2vjY3jGKElvqXoaGNEuYef,2026-02-14T18:35:48.158407
13438,Good Day,8d6d8f3f-d833-494d-b652-303f03a87325,SPOTIFY_ID_CORRECTION,DB SP_ID: 3KWYKrNuIGg2QmlwLBkrTF | Correct SP_ID: 2aTDPjGFdyBfc3lKLAAaoI,2026-02-14T18:35:51.766912
13551,我がままなハイヒール,d7cca30b-b6eb-45af-9057-acded28c761b,SPOTIFY_ID_CORRECTION,DB SP_ID: 490jrLhp6lQuN7aWRii6ZS | Correct SP_ID: 0SNdUPM8z7PlBlN3pyqVjB,2026-02-14T18:35:55.404344
13401,A Very Busy Kiki,1f9bc0bc-22be-4936-8010-deefb7113d9a,SPOTIFY_ID_CORRECTION,DB SP_ID: 21oBEY5fssYB0z3IvYHDhh | Correct SP_ID: 7xyJZ5SF7PpJ04bMPOTDOr,2026-02-14T18:36:04.747635
13671,남자 없이 잘 살아,d621b5dd-31c4-47d3-9812-5efd1ea79c7d,SPOTIFY_ID_CORRECTION,DB SP_ID: 5CCPYfHhbehlVRmqiwQXVC | Correct SP_ID: 1sWJyo5PBNSmm0FVIQ6GQ3,2026-02-14T18:36:25.861239
13536,Madonna,c35dac8f-60d7-44d0-bbac-ee602ee28307,SPOTIFY_ID_CORRECTION,DB SP_ID: 5HedFjateqKlmTGLpN7J5e | Correct SP_ID: 1LrgHDu1uf2Rru7g4O2Gja,2026-02-14T18:37:55.851018
13725,Fly To My Room,a5dd3820-5821-47ca-bcf4-3bc1e08d88fe,SPOTIFY_ID_CORRECTION,DB SP_ID: 1NHl9g36Ebu3g16y0vtUNV | Correct SP_ID: 5t9ZSran1j5xaegWq2mAWn,2026-02-14T18:39:12.349795
13607,dreary,d489e26f-83d0-40ad-a037-65f5c2e94ac7,SPOTIFY_ID_CORRECTION,DB SP_ID: 1vepEjDDLAY1bNyxupZ4Ae | Correct SP_ID: 6k9IBliAEyGa00iCsvIdX9,2026-02-14T18:39:44.396127
13781,Lost?,7aaea08f-e3c7-4944-a22a-50862af1b68a,SPOTIFY_ID_CORRECTION,DB SP_ID: 55Qm6iVvo1OMeoXc8elnmj | Correct SP_ID: 7lFdAhKhZs5lpjAVX8OzIj,2026-02-14T18:40:01.067832
13840,Welcome to Paradise,c2d8ca4f-503a-452b-ae1e-9646022eaf50,SPOTIFY_ID_CORRECTION,DB SP_ID: 5kr3j5Clb9rjEposoMyLVt | Correct SP_ID: 4zj9GahOEQHfs9cuykfols,2026-02-14T18:40:50.736098
13617,So Beautiful,75addd3a-1cec-4306-abbf-f1c179fc1ebf,SPOTIFY_ID_CORRECTION,DB SP_ID: 3aPUPt18WCBy8pYAWn77Py | Correct SP_ID: 6syar8JKCt3R9ZBl11zmgI,2026-02-14T18:41:01.826829
13682,Hot Sauce,a48d03ba-ba51-4a9f-bdc5-aa66706342f0,SPOTIFY_ID_CORRECTION,DB SP_ID: 6TnmKnDtpu47ENJk6urK6y | Correct SP_ID: 6B8MM3PVQtUbZLay7tP7er,2026-02-14T18:41:05.419644
13763,Let Go,c530d446-6462-4430-b3a8-5850369a0d2c,SPOTIFY_ID_CORRECTION,DB SP_ID: 24uTFFKwmjOjnEPmhQa1gB | Correct SP_ID: 1OqDvYVDhJyFZny7XlfIyZ,2026-02-14T18:41:10.666247
13631,No Blueberries,1c7b81d8-cddb-44e4-8155-2174bad83740,SPOTIFY_ID_CORRECTION,DB SP_ID: 0sGuE1QPupKA3D0LyZbTaN | Correct SP_ID: 4lpvCG7eNzHAXwvMxWUNjz,2026-02-14T18:41:20.123341
13573,Jazzy Night,253ea2ae-c35f-48fd-bdd5-3ac5a555299c,SPOTIFY_ID_CORRECTION,DB SP_ID: 2CzYHourfYD0fQBaBHgCNS | Correct SP_ID: 2iP6exQGD1fvkF4gdh0pb2,2026-02-14T18:42:00.069937
13778,Butter (Sweeter Remix),30e4d8f3-a79e-475c-bc9a-97e9423499a0,SPOTIFY_ID_CORRECTION,DB SP_ID: 3IA9LkBEVhJDOxOnh1nf8a | Correct SP_ID: 4RCf2OBsZfbMeGNXY872aE,2026-02-14T18:42:18.441078
13644,Wedding Dress,e8191fde-0bc1-4240-b0d5-f056e44d1e84,SPOTIFY_ID_CORRECTION,DB SP_ID: 2NO4CA2TFvhGeg7XMz8PmT | Correct SP_ID: 0PjgHwaexXhqz4RpCXZHpu,2026-02-14T18:42:38.437301
13689,I Wait,318a76fb-0081-445f-b9cc-7e15d908a401,SPOTIFY_ID_CORRECTION,DB SP_ID: 2ucxenk7DMnImzGMXOIFrd | Correct SP_ID: 14UWqC3oxIFQnPDmTXHIaY,2026-02-14T18:42:49.207663
13797,Candy,ab41b5ea-8e2d-4501-9384-09174545ce86,SPOTIFY_ID_CORRECTION,DB SP_ID: 5OUnJyo4Cb9bFPzDWb5GAK | Correct SP_ID: 6TdE2qJLF6WVjmSI9tejG2,2026-02-14T18:43:09.003508
13996,Never Be The One,72404a95-af01-488d-bfa3-003d0c4cee4d,SPOTIFY_ID_CORRECTION,DB SP_ID: 3xX4TpekL5y5ramIRsNMdj | Correct SP_ID: 7G4jTAKKDyMm4vpBrj1M8W,2026-02-14T18:43:38.147954
13673,Stay,6d715a11-0bbd-4507-821e-ab117318594f,SPOTIFY_ID_CORRECTION,DB SP_ID: 1VysPWR48mHbmF15WoACN5 | Correct SP_ID: 0Q2uAamKg36f2KH0NSepT7,2026-02-14T18:43:41.876573
13581,Hermit the Frog,4e66b1d5-c6de-4388-b3f4-5458f68a57b9,SPOTIFY_ID_CORRECTION,DB SP_ID: 5fHgs3lgORx4tT4VYNXlr0 | Correct SP_ID: 4Zcz6saEkOII3PlXd9gN3o,2026-02-14T18:43:59.888507
13904,Am I Wrong,cdadee16-02ff-41cc-95a3-1fe239755bea,SPOTIFY_ID_CORRECTION,DB SP_ID: 6u6d06X2GzZ9AjPrh14MJH | Correct SP_ID: 7BFVLQASwcGrxEPsz1teIW,2026-02-14T18:44:25.986223
13775,Trade Mistakes,eca2bfce-3761-4773-a6c5-bd3d6c7ea783,SPOTIFY_ID_CORRECTION,DB SP_ID: 20RNigN6b0Xd0n68xCAXV0 | Correct SP_ID: 62lc21zAcKWs11pbSOabO9,2026-02-14T18:44:40.675220
13796,Everlong,9160e42b-8fae-402d-9cee-d6826c5cce33,SPOTIFY_ID_CORRECTION,DB SP_ID: 07q6QTQXyPRCf7GbLakRPr | Correct SP_ID: 5UWwZ5lm5PKu6eKsHAGxOk,2026-02-14T18:44:55.720521
13936,A Love Like War (feat. Vic Fuentes),65cf0ad7-6541-4684-a802-77dd658b55cd,SPOTIFY_ID_CORRECTION,DB SP_ID: 0TPF6uW7fhMXJPoBERqTy5 | Correct SP_ID: 3RAQjGLImQVcgC4RYHaUYk,2026-02-14T18:46:07.239774
14092,Butter (Instrumental),a417f48d-8ba3-4c05-8978-1fb0192ab7f4,SPOTIFY_ID_CORRECTION,DB SP_ID: 3IA9LkBEVhJDOxOnh1nf8a | Correct SP_ID: 4vNAtmfodHh3Q861erXhok,2026-02-14T18:49:06.999830
14208,DNA,4e7bfe28-623f-4123-b688-e55ef346b8fe,SPOTIFY_ID_CORRECTION,DB SP_ID: 2ngmiq1KoYn3x25VOmvd8F | Correct SP_ID: 3uRLwBjI2TahxslcMTvpFs,2026-02-14T18:49:52.460882
14107,Love Me Like That,9197bd10-60c1-47a5-a60d-d8581bb0a362,SPOTIFY_ID_CORRECTION,DB SP_ID: 1lhm29o3syw122xynSKaAK | Correct SP_ID: 1HRJHca2d4zY8RWzcFLlN6,2026-02-14T18:49:56.075945
14090,Ethereal Nights,c7d3ca29-3b24-40d6-aca9-3f5b523fc854,SPOTIFY_ID_CORRECTION,DB SP_ID: 5lB6dqc8mHWGEwM2CM8Aej | Correct SP_ID: 4PVvsF79oS9onk2Asi2cNb,2026-02-14T18:49:59.832530
14009,tap your glass,bbd40520-3f53-4d13-871a-ed249a14b304,SPOTIFY_ID_CORRECTION,DB SP_ID: 21GPkNYIkYISGmf65fbmKc | Correct SP_ID: 5047duxgf1W5oQiMPzojcY,2026-02-14T18:50:03.468497
14093,Take a picture,07ca5fb3-425e-4d40-9ad4-ffe814e9ad75,SPOTIFY_ID_CORRECTION,DB SP_ID: 0iEzzJ3zmNQqATy2MilumS | Correct SP_ID: 2KdNA5tgoeRWv7d4Z66GaS,2026-02-14T18:50:18.345136
14015,How Have You Been,8c825f16-8b09-488d-8fcd-d77d533988d3,SPOTIFY_ID_CORRECTION,DB SP_ID: 6DStHlA6sSXNQrMUHTzKGs | Correct SP_ID: 1S87v17s3thZlVrmCc6YSi,2026-02-14T18:51:42.357901
14103,Blueberry Eyes (feat. SUGA of BTS),bf34ca54-60d9-484a-8ff6-ee2e68310e3e,SPOTIFY_ID_CORRECTION,DB SP_ID: 6sI8Q7TTJeA9exw6hxEqq3 | Correct SP_ID: 5dn6QANKbf76pANGjMBida,2026-02-14T18:52:29.496531
13988,OUTTA MY MIND,fef3d3af-e4ae-4f64-b9a8-f48eb5595217,SPOTIFY_ID_CORRECTION,DB SP_ID: 2SkHdEx8SrjuCLmSICOdxn | Correct SP_ID: 7zTTDkkLkJ2iHAqq1daDCr,2026-02-14T18:52:33.268674
14131,君をのせて,dc52b700-e80d-4be2-a0e3-2e1bc5f63eab,SPOTIFY_ID_CORRECTION,DB SP_ID: 0VyscP08nnuhIJCsghha5d | Correct SP_ID: 0PYN3aisxz2jYjCzbnGVwy,2026-02-14T18:53:01.712572
14202,Little Cream Soda,d2aa3000-8e15-4f78-b7cf-4d7167a2286d,SPOTIFY_ID_CORRECTION,DB SP_ID: 6c8EgiX8YLkb3dmQHCEbfN | Correct SP_ID: 6qRCxPmhnHBikpipwsgvZ0,2026-02-14T18:53:12.408757
14334,Helium,28330708-8854-477a-9b31-45484c1cd660,SPOTIFY_ID_CORRECTION,DB SP_ID: 5Q1RHjYvlDjJjkqYh20Tb5 | Correct SP_ID: 1yOc6FBOVD6zBwOMxiSEEv,2026-02-14T18:55:19.605827
14279,Sweater Weather,4e9f954e-df92-40d9-b68d-8abcd4eae4da,SPOTIFY_ID_CORRECTION,DB SP_ID: 2QjOHCTQ1Jl3zawyYOpxh6 | Correct SP_ID: 4pGqFOfzvfe6avb9kbZicC,2026-02-14T18:55:34.310873
14274,Money,a4fc3d78-6520-4663-82bd-10393bb0af2b,SPOTIFY_ID_CORRECTION,DB SP_ID: 5Q1H7ASDiJpACNx5ziyhuN | Correct SP_ID: 3VIJBrMpvimHEw5wtPh2wB,2026-02-14T18:56:29.691923
14347,Hayloft,8dca0983-7cf3-498a-92d4-725ffe1db27f,SPOTIFY_ID_CORRECTION,DB SP_ID: 2kKkl59fY6Cic1CmhvSEZK | Correct SP_ID: 71xkb2tBH7g1WRt2AE25Sl,2026-02-14T18:56:44.378352
14349,Jealous,82a51cd9-d106-496b-867e-bde37fa99da9,SPOTIFY_ID_CORRECTION,DB SP_ID: 0AKS1WVEOUSYa3D2ZyOJvM | Correct SP_ID: 0bhudMmr0XdtBOjFbjq8R0,2026-02-14T18:57:38.009282
14515,Umbrella,0b4b1b0c-e057-4d8d-9a47-12a97ff6fb3d,SPOTIFY_ID_CORRECTION,DB SP_ID: 49FYlytm3dAAraYgpoJZux | Correct SP_ID: 2yPoXCs7BSIUrucMdK5PzV,2026-02-14T18:57:49.252785
14511,Hurricane,97ecca52-c3c3-4dfd-ba8b-81d801a2c84e,SPOTIFY_ID_CORRECTION,DB SP_ID: 0xNqQvuZJGW7Dyx9IOTEdX | Correct SP_ID: 7l9uOhfVJC8Y0c6PXHrgbs,2026-02-14T18:58:23.848385
14483,Get the Party Started,ef96f0f7-b26b-421e-a0e3-b9fdb45cd500,SPOTIFY_ID_CORRECTION,DB SP_ID: 02jcEwywffn3Tsb48fXmlW | Correct SP_ID: 6jlJK8AFFYeibBTwn2gbxv,2026-02-14T18:59:07.490458
14487,Let Me Love You,ba57cc34-3491-4370-aaa0-8d471f7ece3f,SPOTIFY_ID_CORRECTION,DB SP_ID: 3ibKnFDaa3GhpPGlOUj7ff | Correct SP_ID: 5WphWTUIfRe7x8NZss79cY,2026-02-14T18:59:15.102266
14507,Song 2,b39b7227-c271-4ab8-912b-cb1fe2fc0e5e,SPOTIFY_ID_CORRECTION,DB SP_ID: 3GfOAdcoc3X5GPiiXmpBjK | Correct SP_ID: 1FTSo4v6BOZH9QxKc3MbVM,2026-02-14T19:00:06.313683
14522,Best Of Me,498d6113-6aa7-4301-9920-a3b6535d3a7b,SPOTIFY_ID_CORRECTION,DB SP_ID: 3xYfDSxJhRLDIb1fw71WTw | Correct SP_ID: 5C6A1WXVfKvBBQmaFFnBgs,2026-02-14T19:00:13.770547
14493,White Winter Hymnal (Fleet Foxes Cover),0dd745df-3f47-4070-b417-f14afd120089,SPOTIFY_ID_CORRECTION,DB SP_ID: 4C1N1FgqG56NutS2p55tLj | Correct SP_ID: 0qEFmBL2k8pb2OWgW490X8,2026-02-14T19:00:53.386820
14687,The Big Day,175a6c8a-89fd-4bcd-8c1c-d079edacfc46,SPOTIFY_ID_CORRECTION,DB SP_ID: 09c2AfxwkyDbeZjSljlb1H | Correct SP_ID: 1RF83c5i95XcK20fmAiFaJ,2026-02-14T19:04:10.482035
14644,Past Memory,14aa109f-2671-4fe6-997b-0f4c1e6778ab,SPOTIFY_ID_CORRECTION,DB SP_ID: 6JhgXPMtQNTGPSPaK6Yrim | Correct SP_ID: 6pry2MgyWJHKygS4DqwbLR,2026-02-14T19:04:24.859550
14659,Pereceptionz,2db300a2-3adb-4448-93ff-b0fc383965c6,SPOTIFY_ID_CORRECTION,DB SP_ID: 0MyaNPktWPpDrhNviCMkkb | Correct SP_ID: 2NWvKdDc9APn5MXNWJmLdD,2026-02-14T19:04:32.013376
14673,Control,5c258c60-1314-44f4-903b-19060eb6f714,SPOTIFY_ID_CORRECTION,DB SP_ID: 3c8kyTPNeoOaJ5iNMgNdib | Correct SP_ID: 3SKzTIl9mW0DadTys9SFo3,2026-02-14T19:06:10.397312
15029,a moment of silence,58169ce9-eb77-4fb3-b778-d9e34d4d0bb4,SPOTIFY_ID_CORRECTION,DB SP_ID: 5jiN099hC6iAvnSre9XINH | Correct SP_ID: 1clKbPcDdAyAhNE6DxHvdB,2026-02-14T19:09:43.789447
14983,Zen,945c5d5b-85ad-49ce-bdbe-43c6abe177a5,SPOTIFY_ID_CORRECTION,DB SP_ID: 5zll5EPac6Gyu4h8C6cToo | Correct SP_ID: 2Vcch1UJRjJdkDdZmtewxF,2026-02-14T19:10:24.701121
14932,Thinking About You,3c17bb29-a951-48af-8b57-5ad96f74dced,SPOTIFY_ID_CORRECTION,DB SP_ID: 5FRyKgRh0mFNUeW7O8emDV | Correct SP_ID: 0suRVpl5fIZVm7PuROSRsQ,2026-02-14T19:10:39.336996
15033,Heavenly,53daeb29-a4e4-4da7-8d9b-3066c67b5a0b,SPOTIFY_ID_CORRECTION,DB SP_ID: 2eFDhBTvmP4g0WUK38a9TJ | Correct SP_ID: 5E02BgqYNN9VzafXrYP6Np,2026-02-14T19:10:53.972723
15268,BREATHE,eb71f7ad-04de-424e-a524-f414025f7ee7,SPOTIFY_ID_CORRECTION,DB SP_ID: 4xqloJsOaYurTocR1T3Lb6 | Correct SP_ID: 6G4z9WbxyEeWdEQTfShACT,2026-02-14T19:10:57.715712
15006,Surrogate Jiji,14681696-4988-4a77-908c-7f1dcab8c0f2,SPOTIFY_ID_CORRECTION,DB SP_ID: 2sNcVkBuezohTuJ62Y7d3O | Correct SP_ID: 58byQ5BgzI3zq434NWmXtL,2026-02-14T19:11:08.595526
15092,The Monster,7e9e29c6-c643-41bb-bd1c-f77e4a453719,SPOTIFY_ID_CORRECTION,DB SP_ID: 23wfXwnsPZYe5A1xXRHb3J | Correct SP_ID: 48RrDBpOSSl1aLVCalGl5C,2026-02-14T19:11:22.867745
14668,Falling In Love,9fca824b-9067-49b3-9964-53d4d34f07b1,SPOTIFY_ID_CORRECTION,DB SP_ID: 6fkq8wK3wZQoZ1pogOVAHa | Correct SP_ID: 3g7ngtg7xK3N9nKwAjDfH3,2026-02-14T19:11:26.623939
15137,When I Look Into Your Eyes,e5647844-05f9-470b-aa72-2f810997d8ef,SPOTIFY_ID_CORRECTION,DB SP_ID: 6LLyoplkpMDTbLdMRKvhq8 | Correct SP_ID: 1yJWqYYDQge60nZKdLyiZU,2026-02-14T19:11:54.519561
15083,If These Sheets Were States,e9d1fd2b-0448-47fd-97e9-da86cea256f6,SPOTIFY_ID_CORRECTION,DB SP_ID: 677GXVOkJpd6VEfsMJJuEM | Correct SP_ID: 3H2wle4LRMKgCWSYE6QgWF,2026-02-14T19:12:50.038132
15306,Want U Back,2fe2272f-133c-499e-8108-c25068b1b54d,SPOTIFY_ID_CORRECTION,DB SP_ID: 6E11E0lT5Zy7yb6iT3y8DN | Correct SP_ID: 5InWRmnfgjVwQWoXHNBATu,2026-02-14T19:14:07.943990
15182,Lost Boy,61b7fe36-1826-4d9e-b361-516c385e508c,SPOTIFY_ID_CORRECTION,DB SP_ID: 4h0zU3O9R5xzuTmNO7dNDU | Correct SP_ID: 0zMzyHAeMvwq5CRstru1Fp,2026-02-14T19:14:15.028976
15161,My Own Worst Enemy,6dbee7a1-0b52-4974-888f-8127c1ad47b4,SPOTIFY_ID_CORRECTION,DB SP_ID: 33iv3wnGMrrDugd7GBso1z | Correct SP_ID: 39sICagGOiysHxoIBRyLLi,2026-02-14T19:14:26.049760
15105,Love Somebody,1e01a716-13f3-423a-9085-4bfebb0f6465,SPOTIFY_ID_CORRECTION,DB SP_ID: 12tUCBq7V9qCF8qGOLpcnu | Correct SP_ID: 0HnaqUxvHP5LaWdmWwJpiS,2026-02-14T19:14:29.685868
15790,Beavis Pt. 1,340d5946-4e5e-4931-8921-4bdf117a5634,SPOTIFY_ID_CORRECTION,DB SP_ID: 00aHSZYpstx3OUKOuId04a | Correct SP_ID: 6n4S79XyUHbGUFnvEDWi9T,2026-02-14T19:14:33.703562
16925,Props_,d0429c5a-939a-4db8-9df2-f816e02ac3aa,SPOTIFY_ID_CORRECTION,DB SP_ID: 6Fs1hE2EaFV6fZ6xTtk19u | Correct SP_ID: 6SIBn0f4HKTwkGcKcJBFfK,2026-02-14T19:15:21.013563
15112,Started From the Bottom,be92fe6d-2a84-4aae-83e7-ce5ebf249ce4,SPOTIFY_ID_CORRECTION,DB SP_ID: 5DI9jxTHrEiFAhStG7VA8E | Correct SP_ID: 3dgQqOiQ9fCKVhNOedd2lf,2026-02-14T19:15:37.327266
15116,Roar,3cb1a5a0-2a10-4bf5-96fb-7211703936ed,SPOTIFY_ID_CORRECTION,DB SP_ID: 6F5c58TMEs1byxUstkzVeM | Correct SP_ID: 27tNWlhdAryQY04Gb2ZhUI,2026-02-14T19:15:44.648070
15101,Party Rock Anthem,7c5b6609-0e04-4ea4-a871-513301db8c9a,SPOTIFY_ID_CORRECTION,DB SP_ID: 5y1jZxXIpECpclpbA76zVm | Correct SP_ID: 0IkKz2J93C94Ei4BvDop7P,2026-02-14T19:15:48.307018
15212,Sail,ce0009a9-7c7b-4e2f-9ed0-5533d434e75c,SPOTIFY_ID_CORRECTION,DB SP_ID: 5UGE88CogQMcdsQhwhSZce | Correct SP_ID: 7ueP5u2qkdZbIPN2YA6LR0,2026-02-14T19:16:06.629936
15128,For Your Babies,43dfce1a-1dcc-4dd9-9df4-27db4bdc9c79,SPOTIFY_ID_CORRECTION,DB SP_ID: 2TPcH3YlcOa6vWxS63VILx | Correct SP_ID: 58zZvqjTZdm98YhZXvsATa,2026-02-14T19:16:10.299720
15115,Right Round,e7ea6192-8ffe-4734-a913-dc5ce6c7122c,SPOTIFY_ID_CORRECTION,DB SP_ID: 7EH2enDP1q3upRqctbOz3n | Correct SP_ID: 3GpbwCm3YxiWDvy29Uo3vP,2026-02-14T19:16:25.116820
15086,"Dear Maria, Count Me In",c680e993-27c0-4f20-93ff-c527191a7518,SPOTIFY_ID_CORRECTION,DB SP_ID: 51pgOXTzPasEdnIIUNAXlB | Correct SP_ID: 0JJP0IS4w0fJx01EcrfkDe,2026-02-14T19:16:28.952251
15241,SUGA's Interlude,80fcae63-1b7b-41c5-9367-d27eed012e39,SPOTIFY_ID_CORRECTION,DB SP_ID: 5a0nHa7F4S9hb0Zi0zLS8w | Correct SP_ID: 1ZoQVu9XBssJBdeKMgF2eV,2026-02-14T19:16:32.602854
15377,Lovedrunk,13fffe7d-8ca4-4c89-a075-1a8a3702db8b,SPOTIFY_ID_CORRECTION,DB SP_ID: 5b2suopDXFPLXl3NKOTJjY | Correct SP_ID: 6bHUocVOiCU7Kb0YtC96Gb,2026-02-14T19:16:51.397882
15229,"Gone, Gone, Gone",9c52ee4d-c9fe-41bb-9910-fcf630917b54,SPOTIFY_ID_CORRECTION,DB SP_ID: 1fA4ineMbhYflXD0BgE6fw | Correct SP_ID: 56sxN1yKg1dgOZXBcAHkJG,2026-02-14T19:17:23.548042
15271,Voices,b7a6f2a9-43b3-420c-8039-0508164993b6,SPOTIFY_ID_CORRECTION,DB SP_ID: 6SzCDH4tcbbBzB97e85YZ7 | Correct SP_ID: 3zutAkkwy9Ucd9l4H4EReH,2026-02-14T19:17:41.965168
15188,Burn,87257b49-bd04-4aac-a277-bc8da6e59d0d,SPOTIFY_ID_CORRECTION,DB SP_ID: 0xMd5bcWTbyXS7wPrBtZA6 | Correct SP_ID: 5lF0pHbsJ0QqyIrLweHJPW,2026-02-14T19:17:49.368782
15194,Another Love,84ace94b-c3c9-4d65-a5e6-e13efd30084f,SPOTIFY_ID_CORRECTION,DB SP_ID: 7otCGmgp9h4CsR2LhwB6gt | Correct SP_ID: 3JvKfv6T31zO0ini8iNItO,2026-02-14T19:17:56.867003
15218,a thousand years,ec7a8e1c-0d80-4c6d-93d2-564030445fa6,SPOTIFY_ID_CORRECTION,DB SP_ID: 1QUpqu8865jfasDr8M3IKN | Correct SP_ID: 6lanRgr6wXibZr8KgzXxBl,2026-02-14T19:18:07.735102
15504,Seeing You,9ef24df4-a8fb-4085-b322-c9b239baaa41,SPOTIFY_ID_CORRECTION,DB SP_ID: 3ry2moOJgNnNQh1nLJT17K | Correct SP_ID: 68EisuPIeTdfyyJec4K5Ub,2026-02-14T19:18:45.128966
15228,Animal,db32c1ea-3664-4c25-996d-6e9679c1bf9a,SPOTIFY_ID_CORRECTION,DB SP_ID: 7EYmsUSPUHASjJjkK3QGh4 | Correct SP_ID: 1fBl642IhJOE5U319Gy2Go,2026-02-14T19:18:48.991166
15264,BULLET TO THE HEART,5ef1c4e8-03dd-4976-bfd5-3633ebd4a2fa,SPOTIFY_ID_CORRECTION,DB SP_ID: 77JZmNfuVag6Ez3zLqQb5o | Correct SP_ID: 5hkdIUh9TQLkyugILpsCaZ,2026-02-14T19:19:32.303138
15489,another perspective,2754b8ba-18c2-453b-83d9-f504a445ab78,SPOTIFY_ID_CORRECTION,DB SP_ID: 0MRQBPQMRKbvuPO4bOgW7g | Correct SP_ID: 4jNUYBuUipHefrBzXLbUdJ,2026-02-14T19:19:36.024484
15235,Booty Swing,123f59a2-69cf-4407-99e7-ce200a8e9ce8,SPOTIFY_ID_CORRECTION,DB SP_ID: 3sMleqdCDalZ6xsAQe8xuY | Correct SP_ID: 3P7LQUvGw5TQofcETsN4FJ,2026-02-14T19:19:39.928361
15180,Firework,9846e3f4-7bb9-49be-8e91-837a5ee5cefb,SPOTIFY_ID_CORRECTION,DB SP_ID: 4lCv7b86sLynZbXhfScfm2 | Correct SP_ID: 4r6eNCsrZnQWJzzvFh4nlg,2026-02-14T19:19:51.114276
15342,The First Noel - Remastered 1999,d8492b9f-591a-4112-b590-60655a69576f,SPOTIFY_ID_CORRECTION,DB SP_ID: 6keKIzkXWdbwJWMBJQUwYl | Correct SP_ID: 43AQQfIEY4hjEzHa2ik72r,2026-02-14T19:20:34.225695
15486,First Date,807e3120-461c-40f2-8139-6e4ff1c8581f,SPOTIFY_ID_CORRECTION,DB SP_ID: 0ZgCPNvas4Bq61KUQDpK6M | Correct SP_ID: 10naL6yviOn63jNv3G9aDp,2026-02-14T19:21:28.840055
15435,Affection,82d58107-0f94-45f5-beb8-6a616552e128,SPOTIFY_ID_CORRECTION,DB SP_ID: 3ukklzkdKjDzqkroiXTvf4 | Correct SP_ID: 0HSwIZSDeOQX8Cu9pCGkjS,2026-02-14T19:22:05.644673
15408,last time,5d895845-bd0c-4135-9c94-64c27f8d6705,SPOTIFY_ID_CORRECTION,DB SP_ID: 47T6eLeamsLrFkbW41NSvb | Correct SP_ID: 4ZwCdSqfhu5dqdsJz8L6id,2026-02-14T19:22:55.652027
15522,6am,07e42c9c-bad1-420f-bec5-6170e803d8f5,SPOTIFY_ID_CORRECTION,DB SP_ID: 0EaDcjEAXv3wA81vRGc10F | Correct SP_ID: 3xJO47cmqPkeZZIjY8eeGM,2026-02-14T19:23:42.566608
15593,Journey,f9f3fa7d-2d99-48f1-945d-4cb459ddd749,SPOTIFY_ID_CORRECTION,DB SP_ID: 54OgX6m6I68AzG6eDBrgbd | Correct SP_ID: 1vWJrmYn7DQl17Z8C54mTd,2026-02-14T19:24:21.758088
15550,Beachen dann trinken,4a26e9e6-6374-4d31-8945-008d121b6bc3,SPOTIFY_ID_CORRECTION,DB SP_ID: 1P2ypXVMvdqulNv2thMeXF | Correct SP_ID: 5ic20mZwtV4THEwBE5kLlI,2026-02-14T19:24:39.600812
15617,hearts that melt,91aa13f6-5620-4b01-a754-9e430358416a,SPOTIFY_ID_CORRECTION,DB SP_ID: 7LPLcfyDuZgOoaYu50lFRy | Correct SP_ID: 0VmkRjIEL8XoV01Zsqtxh1,2026-02-14T19:26:52.694855
15699,bored,02a5e8e3-2b6e-4c58-b4c1-cf54532c6dce,SPOTIFY_ID_CORRECTION,DB SP_ID: 2lB60McOvRFYZ6hu05QVYz | Correct SP_ID: 0PicuPCfXDJyyRtOR1ukGW,2026-02-14T19:27:42.182286
15718,Mornin,ebeb322b-771f-4ba4-bd4f-3b6537f98db8,SPOTIFY_ID_CORRECTION,DB SP_ID: 7lK3FWSNDd06euh7gaqxW9 | Correct SP_ID: 2L9xIFJjSzexpu3fyy9axS,2026-02-14T19:27:45.870518
15846,"Alone, Together",4bdb342d-873a-4aeb-a7d6-c5d0de0fd03c,SPOTIFY_ID_CORRECTION,DB SP_ID: 2iKGcnKr9owJcHLKeQJes6 | Correct SP_ID: 1FmIfth44Y5INR43FLYhUk,2026-02-14T19:28:00.324061
15851,she(was),8bf98c6f-ac76-440c-a805-31b9de0dc225,SPOTIFY_ID_CORRECTION,DB SP_ID: 5s9AgDpWhE6SLBKsXfAHI5 | Correct SP_ID: 3t33ozqP3kLSPBaSZWjeXR,2026-02-14T19:28:03.962744
15870,Salt,f140fef6-d9c4-4c7f-b929-d3430c47a01f,SPOTIFY_ID_CORRECTION,DB SP_ID: 6PhHBO9pArOD2G1fpKm6pA | Correct SP_ID: 5iIcAZpYHBptRMxRIGLX0o,2026-02-14T19:28:11.441098
15895,TRICK IT,814bfe9e-8dc6-4520-aab2-1c5fc4137c5c,SPOTIFY_ID_CORRECTION,DB SP_ID: 0lOndCh09maK7vpvRgyy6u | Correct SP_ID: 10la9pZeeL51aEjzC02SkI,2026-02-14T19:29:06.067065
15609,Tunnel Vision,9aef0dc6-ae55-4d5b-b231-8eb61f1c231d,SPOTIFY_ID_CORRECTION,DB SP_ID: 1Su8ySpZfIagMkNXSVfB4c | Correct SP_ID: 1lGcwywX0UQ8uFDVt1eI6m,2026-02-14T19:29:09.850352
15909,LOVE FOOLISH,a65bf3cc-cac4-40ce-b27a-7724015e178c,SPOTIFY_ID_CORRECTION,DB SP_ID: 5L002vJ4NC0lRM8RtncBBp | Correct SP_ID: 1MdEg2lk4EakgWnCvFUGEZ,2026-02-14T19:29:13.744788
15928,All Eyez On Me,506cb3e3-7dc7-4534-b0bc-2adc4a464b34,SPOTIFY_ID_CORRECTION,DB SP_ID: 7r7wwF0UzpxMMuRkNIb1oa | Correct SP_ID: 4VQNCzfZ3MdHEwwErNXpBo,2026-02-14T19:29:17.451767
15886,"'91 Bimmer, Pt.1",c922bae3-804f-4619-9ad9-8c76cfd939be,SPOTIFY_ID_CORRECTION,DB SP_ID: 4cPMUDkUtMmUvkChZvq8H9 | Correct SP_ID: 03qvygTWSmCQsoiBnIJvrc,2026-02-14T19:29:25.021112
16007,Men Cry,2eb3b62a-f3f1-4cc8-95cd-47c17fd899d2,SPOTIFY_ID_CORRECTION,DB SP_ID: 1pHgIBWGCrXqTpBnZmQSP3 | Correct SP_ID: 1rheIKICb1pJalgYzxX9dn,2026-02-14T19:33:05.913234
16028,Chillbill,e9209b55-ef8e-47d4-8830-da6df1e36f6a,SPOTIFY_ID_CORRECTION,DB SP_ID: 4IZV8XgsUQmrb3pnO7ahpE | Correct SP_ID: 3zaZrpG8U9G0TTfHQ5ehbx,2026-02-14T19:33:13.365117
16003,Every Summer (feat. J'san),dabf6d78-54b2-4c6c-8a25-af89bf1486f9,SPOTIFY_ID_CORRECTION,DB SP_ID: 6byuoaUQvyWGWPZ9IMW2uB | Correct SP_ID: 1lz2s7GiXZcMypSpMCkjmJ,2026-02-14T19:33:20.471076
16163,Red Wine (feat. Empress Of),f37f95e5-cb1a-47ae-b929-e111415add2d,SPOTIFY_ID_CORRECTION,DB SP_ID: 6CBLS6BxGCsbzKdSiKSxHC | Correct SP_ID: 1ZExEdMQE0rQmew1KiFRte,2026-02-14T19:33:31.473560
16035,Flugdank,59dc9a7b-1de0-4a67-8520-b32e3dc7ae16,SPOTIFY_ID_CORRECTION,DB SP_ID: 403Qqubv1frIoYdPT5tO2S | Correct SP_ID: 6jhR3OpO9bus768XXjFrHm,2026-02-14T19:34:07.467497
16044,Growth,8ec4e301-2879-498d-97c3-eee98c77abca,SPOTIFY_ID_CORRECTION,DB SP_ID: 7KaRiI6tUONf0mJYQtO4jI | Correct SP_ID: 2JBRlaQV5GOBq5TCGZrfiD,2026-02-14T19:34:58.643266
16107,Feblu,e55a998d-88c3-4a66-ac8d-d387d44f7063,SPOTIFY_ID_CORRECTION,DB SP_ID: 10nzGc6bTRNtGzayDpUufF | Correct SP_ID: 6Ay5XDqR6lIQTSh31wIPut,2026-02-14T19:35:30.795754
16299,we used to,18eb1f12-9e91-40ff-a671-690993ed64a2,SPOTIFY_ID_CORRECTION,DB SP_ID: 4stdkPWaK5q4TbtBSDK8zh | Correct SP_ID: 6o1gQvvlX2tvO3K5UsJsXc,2026-02-14T19:36:16.769127
16357,Effervescent,fd305b74-5dd7-481e-87b6-040e39ffc454,SPOTIFY_ID_CORRECTION,DB SP_ID: 6ZTXmdtIrrXHkvancE3hf5 | Correct SP_ID: 6IR6lNKONhV6tPn1dbq5lD,2026-02-14T19:37:41.267681
16056,Her,f532332c-9a4d-435f-bf27-732948b392c8,SPOTIFY_ID_CORRECTION,DB SP_ID: 2koESjC2WBc6qmfg0dmTRt | Correct SP_ID: 7u0IoxCzJq19EfQJHfRNZM,2026-02-14T19:37:59.335875
16119,Hanging Lanterns,ab390861-6a9d-4df5-a303-9cef84698fac,SPOTIFY_ID_CORRECTION,DB SP_ID: 4AFQqEcSwgyZ3BL44O5IWw | Correct SP_ID: 65dZFeTU84qzM6tkYc9nVY,2026-02-14T19:38:13.576186
16446,break,297ecb3a-3f6b-4da7-844e-f409464b7745,SPOTIFY_ID_CORRECTION,DB SP_ID: 0iriomyB7QVnHizqVHIJhA | Correct SP_ID: 0qRE0kXkc4QLS0um8fDqDr,2026-02-14T19:39:05.579336
16405,sonder,0ba34427-e923-46a6-866d-34b42a83e648,SPOTIFY_ID_CORRECTION,DB SP_ID: 2eF3BERtTQbNJKSQo0N9hR | Correct SP_ID: 2CNcMyAidQCtEm7S9oU0Rf,2026-02-14T19:39:28.465422
16484,Someone,1d8f41d8-102d-4d3d-924f-bd50b9b7a0b9,SPOTIFY_ID_CORRECTION,DB SP_ID: 1U0FEu8WgoVD2qWWv5Larb | Correct SP_ID: 2mJeMLe4RsIiFDvpCNJIVo,2026-02-14T19:39:46.691209
16475,say anything,393b6cd7-54cb-4f01-aa05-8a6772aba5ed,SPOTIFY_ID_CORRECTION,DB SP_ID: 0Szfpaaff0OqVLrUEuYeD8 | Correct SP_ID: 1irlKD4stLbAgvD2Ux41Mk,2026-02-14T19:40:54.717762
16529,As If It's Your Last,8324b487-636f-4153-a9e0-87ad20a26f25,SPOTIFY_ID_CORRECTION,DB SP_ID: 4ZxOuNHhpyOj4gv52MtQpT | Correct SP_ID: 3KcrCvutXhEEinowTrLfN4,2026-02-14T19:43:47.843372
16509,Worst Days,f739e2d5-8485-4420-a467-5763f558a32a,SPOTIFY_ID_CORRECTION,DB SP_ID: 33CuCBNPnZmW8HJHPqWt33 | Correct SP_ID: 3IBWejS0oX9PwBi16zhdjl,2026-02-14T19:43:58.423978
16575,Thief,1972c7fa-9ce6-469b-bdb9-e3b57ba2a9f8,SPOTIFY_ID_CORRECTION,DB SP_ID: 6HQCSdFVU6KOXm7Zv6usMk | Correct SP_ID: 0rq3TqvibeC5ThQN92CwID,2026-02-14T19:44:09.095245
16607,happy place,68a1e4d5-fb48-439d-b032-7a5b399a6f7f,SPOTIFY_ID_CORRECTION,DB SP_ID: 0uNuEEtdgnsGv8HTxlfsbc | Correct SP_ID: 3vLeH2qOCK8GQsOzUcoiJT,2026-02-14T19:44:21.235942
16608,passage,bb606eaa-489a-40d4-8e88-5f6a814fb0ff,SPOTIFY_ID_CORRECTION,DB SP_ID: 7pAtTcj0wWdKtPgrrdjFyb | Correct SP_ID: 0rsqgPB1dHZl8sX5s402UR,2026-02-14T19:44:24.903121
16555,Flashes of Calm,8f67ab1e-7405-444e-ab3d-43bdfa71cb78,SPOTIFY_ID_CORRECTION,DB SP_ID: 3lDPr9pS7RgidZMOw9hyvC | Correct SP_ID: 0ANpuohkCckSS0tLiH3Rln,2026-02-14T19:45:05.754204
16505,Home,aae53c25-67b0-4760-ace7-0ad833b00490,SPOTIFY_ID_CORRECTION,DB SP_ID: 4AMgSzjDpFy8D3Dlaloney | Correct SP_ID: 2Zp4i8aIXc1dGoP7m1wOpa,2026-02-14T19:45:09.393120
16581,"Let It Snow, Let It Snow, Let It Snow",af2e1765-6dc1-44db-aa24-85d338ac797f,SPOTIFY_ID_CORRECTION,DB SP_ID: 4ciz2ebWnBQVxnxa3iao7a | Correct SP_ID: 1rI0008dtaGwpFQI2nqesT,2026-02-14T19:45:13.109996
16648,Sweet Caroline,9d0a89d7-72aa-4b60-bf0e-b8b8247ad805,SPOTIFY_ID_CORRECTION,DB SP_ID: 62AuGbAkt8Ox2IrFFb8GKV | Correct SP_ID: 6PHf8qq1n8mWplJ9nEZ9ED,2026-02-14T19:45:38.802001
16561,Sleep Alone,e7da2e56-791c-4925-b7bd-31f0b687184e,SPOTIFY_ID_CORRECTION,DB SP_ID: 2FLOLUXLxFozNC3869fXWP | Correct SP_ID: 3fQahY4cFm7aTxAkw9twbf,2026-02-14T19:45:49.537950
16500,viola,09666e2a-8811-410c-bd1b-519fd8643a6c,SPOTIFY_ID_CORRECTION,DB SP_ID: 1fv2gFA0YThyoWk13yi9vK | Correct SP_ID: 17oTp20ViuKhDTd2pcq5IZ,2026-02-14T19:46:03.822893
16617,Africa,55dc4892-b5ae-4bd7-9e98-2a0d4dd53cbc,SPOTIFY_ID_CORRECTION,DB SP_ID: 2374M0fQpWi3dLnB54qaLX | Correct SP_ID: 4s2SWpsMMzzYtBN5TGs5ri,2026-02-14T19:46:29.872708
16416,Inner,6015fc8a-953a-4b5a-aefc-8bf2e09d4df4,SPOTIFY_ID_CORRECTION,DB SP_ID: 4lHzHtrlLLDUASoPBAkM6B | Correct SP_ID: 1IaMaepRMJulk1ZOU0Uukt,2026-02-14T19:46:46.129769
16701,Come to me,bdb0b17e-9350-44fa-90ae-43fac15197c8,SPOTIFY_ID_CORRECTION,DB SP_ID: 7GJGh9jy8I6fj7MIZfJEh1 | Correct SP_ID: 25rfcLcczxo0vJHRaFwCkX,2026-02-14T19:47:02.781632
16761,Fire Flies,a1f0ee95-cbe8-4ad9-9428-e3c50c1e7fe0,SPOTIFY_ID_CORRECTION,DB SP_ID: 2sZuYdRbQe5zm1pcxweNC8 | Correct SP_ID: 4A5FLaZI3Ni5eT0c9fqi8F,2026-02-14T19:48:20.231539
16527,Touch & Sketch,1ce09a2f-cab7-42db-8633-49e1fb9c6e96,SPOTIFY_ID_CORRECTION,DB SP_ID: 5du1O1Zlif6UsOAlsZirXA | Correct SP_ID: 1bMiO7fNEWrqSrb52C6CLe,2026-02-14T19:48:59.084997
16771,Slowly,c93f057b-9228-4897-8e37-871856e12fb5,SPOTIFY_ID_CORRECTION,DB SP_ID: 1eewp7eZzSgxw6pFrOjeOZ | Correct SP_ID: 15J6PrzKaLtvw0dBr9sq72,2026-02-14T19:50:32.642973
16740,Sunshine Of Your Love,49af3ae2-a738-4e2c-8801-f607098b380b,SPOTIFY_ID_CORRECTION,DB SP_ID: 6FRwDxXsvSasw0y2eDArsz | Correct SP_ID: 2K2M0TcglCRLLpFOzKeFZA,2026-02-14T19:50:40.170241
16749,Canon & Gigue,e8ddb6df-4dd0-4407-9359-3dac3bea69f5,SPOTIFY_ID_CORRECTION,DB SP_ID: 12wHScGeETTpp7Rjek9MCJ | Correct SP_ID: 39xIN7aGBzYfLunZ7MbYv1,2026-02-14T19:51:11.766726
16864,Happy Little Pill,6e6053d6-6f4b-49b1-8a34-04875106345f,SPOTIFY_ID_CORRECTION,DB SP_ID: 1oszxWJ3DiAICVbcjhOLF9 | Correct SP_ID: 4z8Ll8nU1jMqB8HvKTyLP1,2026-02-14T19:52:56.537076
17035,At Ease (feat. Monma),86324e63-7587-434a-a3d1-a21387fd2b38,SPOTIFY_ID_CORRECTION,DB SP_ID: 05bt6EjtC8PIzDB7E5lCXx | Correct SP_ID: 4NYlrrI9zPb1QsrVnDcsyi,2026-02-14T19:53:17.812595
16986,Peek-A-Boo,37011b40-34ba-4690-b170-f238dd189acc,SPOTIFY_ID_CORRECTION,DB SP_ID: 3H2eAoHtn7YKRq4Qifp56g | Correct SP_ID: 79Amt6pZmMvaH4ga2vQig1,2026-02-14T19:53:56.789692
16985,Lucky One,bb74221f-6e7f-4f29-8085-06e196043b3d,SPOTIFY_ID_CORRECTION,DB SP_ID: 5AZe4EG8SRTTx2NePSi3NM | Correct SP_ID: 6F07dfBaUEcylJdL3gky7y,2026-02-14T19:54:44.082724
16989,Perfect 10,f9c8cbb2-ef5b-4e45-9b63-046cbe29c1a5,SPOTIFY_ID_CORRECTION,DB SP_ID: 0l3t6syjbv81bKPy0gw45Z | Correct SP_ID: 3OK4va42j6de25ZPNdI5kC,2026-02-14T19:54:52.843103
16988,About Love,95f37da7-40fc-48b4-942a-e44eb776af22,SPOTIFY_ID_CORRECTION,DB SP_ID: 7y0LMECX85fEK3eldqAOU2 | Correct SP_ID: 2aSoUIBolhj734OqGn5ave,2026-02-14T19:56:15.803199
16984,Artificial Love,21ba933a-b9bc-4831-a694-56d7f3140573,SPOTIFY_ID_CORRECTION,DB SP_ID: 23FeHzPmXrVSoJJpU8H1Iz | Correct SP_ID: 7JsdxIrUXhCJUCaX2ZhSNl,2026-02-14T19:56:37.077125
16971,Trigger,775e5601-7c30-4f03-aec1-20a8241041da,SPOTIFY_ID_CORRECTION,DB SP_ID: 3Y3ltHZDoScyCGmlgo6mXG | Correct SP_ID: 2AppE6JeQQsLycDiycaCYK,2026-02-14T19:57:20.442654
17104,Fly Away,6ab71854-144e-4309-a80b-ca1ba31f56aa,SPOTIFY_ID_CORRECTION,DB SP_ID: 1suTuhKY9d2LpOUgRpTmgC | Correct SP_ID: 5B3SXRqmCyodwUo28Sozlz,2026-02-14T19:58:22.972255
17306,In Bloom,ecdfc3b9-4711-4767-9eec-a32e442528b6,SPOTIFY_ID_CORRECTION,DB SP_ID: 7pdPEDAmvOVS8nRQjBlZH1 | Correct SP_ID: 1cagVNCpUoOIdn32LAg6FE,2026-02-14T20:00:11.419616
17223,CONFESSION,0c85654a-abfc-4212-8492-993be99a2b16,SPOTIFY_ID_CORRECTION,DB SP_ID: 2vieUpiY7xjpP3Vx2utZoq | Correct SP_ID: 1xbvKUFMFTN429PhtwmhN2,2026-02-14T20:00:18.717325
17167,brain food,19d16376-4a9b-4ee2-b53e-a49091ffa163,SPOTIFY_ID_CORRECTION,DB SP_ID: 0TYaVztd7SkQcNY2k3fKyO | Correct SP_ID: 5Teyr01isaPp4STnOgSSkg,2026-02-14T20:00:25.895870
17378,I Shouldn't Be Awake,b8fbaad4-19da-47d2-9c56-207ccf5d24bf,SPOTIFY_ID_CORRECTION,DB SP_ID: 26EZob6y33TwqzkXP5ZvFa | Correct SP_ID: 6PLwAKrNHyvhPm9ZLmihAA,2026-02-14T20:01:13.117371
17353,Healing,b5dcf258-653c-4595-a303-fec63615b6d6,SPOTIFY_ID_CORRECTION,DB SP_ID: 1nyzf00hpVfBkHlZSVJuky | Correct SP_ID: 69EvFBWuAIsXpzAdZvRrMN,2026-02-14T20:01:16.839882
17440,Hollaback Girl,e7e7c3b8-0b9f-4c13-812a-8ff5516ab5f5,SPOTIFY_ID_CORRECTION,DB SP_ID: 0JMwb4AtBw2FdvzNaGzpMn | Correct SP_ID: 0LzrhCZFXW94Y8nwtTuRlw,2026-02-14T20:01:43.544585
17207,Chocolate,9c407135-9a30-4604-8510-a243e4ecc9df,SPOTIFY_ID_CORRECTION,DB SP_ID: 7rV15Xh25w9pPG85z8i8l6 | Correct SP_ID: 6MuMUDjfgftMIz8Q3ruF22,2026-02-14T20:02:20.853205
17301,Dead,8bfb62f9-0117-4a9a-84f2-bfc58c7d7308,SPOTIFY_ID_CORRECTION,DB SP_ID: 6Pm2HX8ltK0Usz7b7c8DZw | Correct SP_ID: 330CwDQh6mZ9yAWnJ1svDL,2026-02-14T20:02:29.596097
17390,Feathers (feat. JBird),69fc1e19-92c9-4cd6-acd0-59c6cb3b9ec3,SPOTIFY_ID_CORRECTION,DB SP_ID: 27lgmMhK6cind6TKNUDIE8 | Correct SP_ID: 3Cuho9UfgjhHv4rkERqaVP,2026-02-14T20:03:49.680717
17281,End of the Line,d56a80aa-5666-4ff2-bb28-b945ef5299d0,SPOTIFY_ID_CORRECTION,DB SP_ID: 1in7CuCdTWLQ3Bj16hPcGj | Correct SP_ID: 7EgSCC3GA0uFBUBm8hkulN,2026-02-14T20:04:03.690913
17350,The Don,49246f58-baad-4fc3-bff5-3e74214ccb81,SPOTIFY_ID_CORRECTION,DB SP_ID: 5lIaiNBLYe0ZQRJgJFQjeq | Correct SP_ID: 1O7WuVpRcGIwXBH89thJ11,2026-02-14T20:04:17.951866
17428,Summer Rain (Inst.),fc6ca9bd-26bd-4487-abb7-f05f9c3e5fe8,SPOTIFY_ID_CORRECTION,DB SP_ID: 4j3DUUuIMWqSa4e0R1sMp9 | Correct SP_ID: 1ipRLcUtV47KxWSTCGfyjs,2026-02-14T20:04:37.460612
17433,One-Half,33e4bd79-4dee-4cfd-97e6-01c3cadb3efd,SPOTIFY_ID_CORRECTION,DB SP_ID: 7i9G5fiaaOIkFAexdKv9oF | Correct SP_ID: 0O7QfR1IXab5yjFoJbb39A,2026-02-14T20:04:41.082068
17402,Stayin out All Night,bc2db072-0b6d-436e-8983-8296da61c5ab,SPOTIFY_ID_CORRECTION,DB SP_ID: 0iyambHLSz2sC054HPlAyW | Correct SP_ID: 74kniUex3nMuYB60moE59k,2026-02-14T20:05:28.811472
17299,Goodbye Angels,700297da-dc54-494d-8b06-3e2ed70c95ec,SPOTIFY_ID_CORRECTION,DB SP_ID: 2hvftN2cdUUh5M7EiQIWkZ | Correct SP_ID: 2XTkpF9T2PKvcLgamGJGx1,2026-02-14T20:05:52.515592
17362,TRAUMA,99d9db5d-4498-456b-9423-6563a73cc40a,SPOTIFY_ID_CORRECTION,DB SP_ID: 64oxOl5bYNoQ1tBmZ8jbH4 | Correct SP_ID: 6MEsfQJ5ZpO1WozVfsVDzZ,2026-02-14T20:05:57.766347
17333,Ahead,396d1441-e078-448f-b3bf-efa63880d159,SPOTIFY_ID_CORRECTION,DB SP_ID: 3M5gmoyHaRwHmWV2gwzG0E | Correct SP_ID: 7ns1Nks6BSnpSUqdNMTsu7,2026-02-14T20:06:01.402198
17532,6/10,ff06c85b-697a-41d0-ae63-f817304510b2,SPOTIFY_ID_CORRECTION,DB SP_ID: 7b87wnvA8DAdHae3UK38Az | Correct SP_ID: 6aDyiU2cVrqh33UEnEo3WA,2026-02-14T20:06:18.987892
17455,Come Back To Me,4b583f66-ed9f-43da-98e9-0647d10fd6d8,SPOTIFY_ID_CORRECTION,DB SP_ID: 0occ3Gxp6ZV5DUmJNuEsQB | Correct SP_ID: 1PvwIFtqFooTIk5Cgu3E7h,2026-02-14T20:06:59.991046
17725,Saynomo,96aceed2-0b51-4fc5-8ee7-274bf970d9fd,SPOTIFY_ID_CORRECTION,DB SP_ID: 6c3hfdBvtyNNGBwLKFF7Sd | Correct SP_ID: 5eCtlHmT3G7UQrXnCoCnlP,2026-02-14T20:08:05.536810
17554,contact,ac9106f2-a41f-4a34-bc6e-88698f92a4bf,SPOTIFY_ID_CORRECTION,DB SP_ID: 2Qivs61c5DFPpdv6LjPwmm | Correct SP_ID: 4MyRz4UZhVlt1z2saOQJUB,2026-02-14T20:08:11.318081
17564,To Us,55d8123c-4a95-4aad-a330-560947f77cd8,SPOTIFY_ID_CORRECTION,DB SP_ID: 7tVjGc5RsJmpmuWGouTctl | Correct SP_ID: 2ednREdnxBUZLSlj1iwnUJ,2026-02-14T20:08:14.960459
17567,Haughty Girl,f2782e1a-8e73-41e6-8020-dabdb95199c3,SPOTIFY_ID_CORRECTION,DB SP_ID: 7nwJ05ftyNPQEFgFOsPeGh | Correct SP_ID: 4xjhY5lZhyyTp4YjpVejpn,2026-02-14T20:08:18.634144
17586,Soul to Seoul,ee43ce3b-ceb5-4a2a-8e16-0132aea4c3ab,SPOTIFY_ID_CORRECTION,DB SP_ID: 7pyPH0gIvrQIHYCG7bkaOn | Correct SP_ID: 2ky2TxpMH6PSoQmwGxeK2N,2026-02-14T20:09:42.574280
17446,Don't Stop Movin',bc527027-d938-413c-af65-9deb7055193f,SPOTIFY_ID_CORRECTION,DB SP_ID: 3qfzm79wcAJ4LOi1TcArcP | Correct SP_ID: 4dzreTCcGVgeF1vCcd22AC,2026-02-14T20:10:02.020243
17860,HUMBLE.,398bf241-7d57-4993-860b-1f9ef496c97f,SPOTIFY_ID_CORRECTION,DB SP_ID: 65ES1qwOB577ZnTkizMXJJ | Correct SP_ID: 7KXjTSCq5nL1LoYtL7XAwS,2026-02-14T20:10:18.380004
17819,I See Fire,ea33cdb1-b489-4614-98f6-da067d3ed6f6,SPOTIFY_ID_CORRECTION,DB SP_ID: 5pY3ovFxbvAg7reGZjJQSp | Correct SP_ID: 1f1wT6Q7Buxb3OD0BqMW8O,2026-02-14T20:10:31.358366
17664,Coloring Book,1a200a8d-e2eb-4988-b4d6-c16001c58b74,SPOTIFY_ID_CORRECTION,DB SP_ID: 0HIyfpoIFlQi9bDHJbEQtl | Correct SP_ID: 5ZilCTK2mNLslFrxCdV7Eh,2026-02-14T20:10:58.098265
17835,Knees,0e74b55a-f10a-4c2a-b1da-8883f5f8315b,SPOTIFY_ID_CORRECTION,DB SP_ID: 3Sc3OHN2EnhsKwzt7hMFKQ | Correct SP_ID: 6QZK8GOmvJ1R6YG2usGEYk,2026-02-14T20:11:01.870609
17961,The Loser,68529c92-f801-4f81-a99c-6610abd06e04,SPOTIFY_ID_CORRECTION,DB SP_ID: 6DoK4HHXFhM5AVwwBha4EX | Correct SP_ID: 6vo80JV2hCLTiXMYE0vamr,2026-02-14T20:11:16.517357
17702,ripple,0b3328bc-baf0-4804-9a04-0f77d1cb31eb,SPOTIFY_ID_CORRECTION,DB SP_ID: 6SPC6PJSQgwmUPrhYbjMHS | Correct SP_ID: 1IiUXvGhk4N0l0dcIUfqw4,2026-02-14T20:11:23.760161
17706,tap your glass,6e6ab87c-edb4-481c-a1ee-c79adc7c023c,SPOTIFY_ID_CORRECTION,DB SP_ID: 5047duxgf1W5oQiMPzojcY | Correct SP_ID: 0vXZ4lweY4kLsUWDK7hUj7,2026-02-14T20:11:27.680557
18018,모닝콜,aaa2ffe3-0102-42da-a368-72be0b250a4b,SPOTIFY_ID_CORRECTION,DB SP_ID: 5hJGzZJQR93c0pyBwR5vG2 | Correct SP_ID: 3UpNTLWaIjqeaRgeoDdxLz,2026-02-14T20:11:41.908401
17489,Far Away,736573de-fed2-4288-a8a4-c815a62babd7,SPOTIFY_ID_CORRECTION,DB SP_ID: 5PdjhGBPIjs122EQGxYqWm | Correct SP_ID: 6zvLumSC6UsIXuieQI1Vgs,2026-02-14T20:11:56.559097
17798,Beatiful Love,8c6b3034-0a9b-447d-851a-7c11839e9c32,SPOTIFY_ID_CORRECTION,DB SP_ID: 7s6i22k12JuHA1eWlVynaG | Correct SP_ID: 64ETPYEAjcgBLEeLRDp62B,2026-02-14T20:12:00.250730
17711,OMG,7904ec23-dfa5-49d1-87bc-021d8d85ac0e,SPOTIFY_ID_CORRECTION,DB SP_ID: 4AMgSzjDpFy8D3Dlaloney | Correct SP_ID: 1DyOe08LQyJhsLDcSXiNxO,2026-02-14T20:12:51.916665
17762,Birthday,30425fe7-1b0f-4de2-acbb-0df7843b62b9,SPOTIFY_ID_CORRECTION,DB SP_ID: 2R42bW5gPbTabN9Nx2V8H4 | Correct SP_ID: 1DBuDo9swjExRakRUGg3JP,2026-02-14T20:13:11.909953
17839,Feel So Good,95d777cf-bb7c-4553-99bb-21426deb45dd,SPOTIFY_ID_CORRECTION,DB SP_ID: 1VIeAEdpBmiyISqcCnM0tI | Correct SP_ID: 6vVDZF6z5OjDkBgY3MPGpL,2026-02-14T20:13:22.616430
17772,Santeria,338c522b-b65b-482f-acec-a073dfe16f21,SPOTIFY_ID_CORRECTION,DB SP_ID: 4720MO7CO5DVMAryRJRh29 | Correct SP_ID: 2hnMS47jN0etwvFPzYk11f,2026-02-14T20:14:05.060027
17822,Havana,c22136aa-af29-4215-b750-2efdf9324c4c,SPOTIFY_ID_CORRECTION,DB SP_ID: 2leIzJRNFAhoFL1h1gGt6j | Correct SP_ID: 5tW1WVLeSj61qexZmyb1il,2026-02-14T20:14:08.756601
18008,LOST & FOUND,fdfedb61-7cf8-4af6-a026-d1a0042c3de5,SPOTIFY_ID_CORRECTION,DB SP_ID: 78mqz9Ez50lPHwqVnLRZY4 | Correct SP_ID: 1J5EfLvIFBn9zNdfJIhjvc,2026-02-14T20:14:15.893412
17907,The Hills,ee458835-f356-4b20-b6ac-03bc2f7f3d9e,SPOTIFY_ID_CORRECTION,DB SP_ID: 7fBv7CLKzipRk6EC6TWHOB | Correct SP_ID: 4PhsKqMdgMEUSstTDAmMpg,2026-02-14T20:14:32.411627
18013,붙잡았어야 해,09f23e48-9353-4091-87c1-38037cd46c39,SPOTIFY_ID_CORRECTION,DB SP_ID: 0I41JGihwd3NSutnt76ahK | Correct SP_ID: 0IvAUYGuYwMcLJREtXDxDv,2026-02-14T20:15:01.287818
17925,They Never Know,310f5722-3f63-47ea-9d97-30d7c8c1666a,SPOTIFY_ID_CORRECTION,DB SP_ID: 5yDSZpQhJGfST7kqjK7zuT | Correct SP_ID: 3McXg4JBxvClUddeWszOsy,2026-02-14T20:16:18.560863
18052,Every Little Thing,3d392586-f752-4003-b33d-721df9676168,SPOTIFY_ID_CORRECTION,DB SP_ID: 2WbMYz8StiISBavhWsXGnA | Correct SP_ID: 58m9mBLbVGwTXeP7mwdrfc,2026-02-14T20:18:26.426180
18066,原宿いやほい,c9956f42-8bb0-45d8-b705-4a5786673aa3,SPOTIFY_ID_CORRECTION,DB SP_ID: 4mw6B1ZAXlBMYER9ryJJxV | Correct SP_ID: 5hJO3V0WVGPSSJEHRQCqIC,2026-02-14T20:18:59.475798
17942,Goodmorningme,aacb8e3e-a022-483a-add4-c28437731c6b,SPOTIFY_ID_CORRECTION,DB SP_ID: 19PegkgrLSgD5vQWSb1S7w | Correct SP_ID: 2rdWUiFiP40ryo8sNKf3Nv,2026-02-14T20:19:25.257473
17968,Like Someone in Love,45781579-d348-470b-a7c2-072493a23b92,SPOTIFY_ID_CORRECTION,DB SP_ID: 6FeLTcEZPdvBm08rgLyJl4 | Correct SP_ID: 36GkvcRcipdiOI6IOe8P7E,2026-02-14T20:19:28.894986
17965,Eskimo Kiss,1ea677e4-b7e1-48ad-9d85-22b46765d5df,SPOTIFY_ID_CORRECTION,DB SP_ID: 0dLtkkWNuG9m2dPa90Jdbm | Correct SP_ID: 1uOHTWoORoDA9hu7WPRLwS,2026-02-14T20:19:32.681102
17976,Smile,80e02b64-5206-4fb2-9504-592c99d00685,SPOTIFY_ID_CORRECTION,DB SP_ID: 6xSSquoEjqwBvnewSKU3fp | Correct SP_ID: 4Y9MsghU2nakZXF8rPmo5C,2026-02-14T20:19:36.381108
17969,Puffin',38085be8-10ea-41af-85bd-eb7c1f1180cb,SPOTIFY_ID_CORRECTION,DB SP_ID: 4r4M8OciOFGu9VXLlF50nf | Correct SP_ID: 0tFa62cXhQP2KElTXbxpHT,2026-02-14T20:19:40.068156
17930,Rain & Flowers,29b6bd84-0fbe-47c3-91b1-0ecbf0a9ecb1,SPOTIFY_ID_CORRECTION,DB SP_ID: 21liLvJ8OzFmNZnqghHLSC | Correct SP_ID: 2nsj27Y9IwgSao3iZkl7vn,2026-02-14T20:19:43.679825
18194,Open Eye Signal,085ec47a-16e7-458f-9d1f-03d047e816a4,SPOTIFY_ID_CORRECTION,DB SP_ID: 0c9MTfnssGoNXUgmsaE5XU | Correct SP_ID: 5kOlBd458e3QJ63H6Rd1oy,2026-02-14T20:20:08.650087
18263,Make Me Feel,f9bfdb4b-0755-4d8b-b36c-4c35e6c08604,SPOTIFY_ID_CORRECTION,DB SP_ID: 2oLHCRkAXnKwLbDasAkRca | Correct SP_ID: 7sjZHZKmXoH2Il1iwiiEVZ,2026-02-14T20:20:24.296531
18068,"SO, DANGEROUS",83339a22-c009-407d-ad83-5520c7535831,SPOTIFY_ID_CORRECTION,DB SP_ID: 4YBd93JiF09t0NhcGVG5UJ | Correct SP_ID: 0KfEu9G6V63SoED5O2EVfh,2026-02-14T20:21:11.089542
18152,Feel Good,f6a9c450-7142-42b8-bfbc-1e16f3eb13eb,SPOTIFY_ID_CORRECTION,DB SP_ID: 1p2AbCdz5EXWkrDqm72ihl | Correct SP_ID: 2BcTKLMXMlPjdhKxlECfCZ,2026-02-14T20:21:14.783493
18074,Be My Luck,d246e6d2-5a1f-46ed-9279-5bbc5748a1dd,SPOTIFY_ID_CORRECTION,DB SP_ID: 61WITmRgNYLGzBcmOMOWhs | Correct SP_ID: 4qnMtMY898ojC506lMmIcF,2026-02-14T20:21:21.838800
18395,TRUST,f6f739b4-bd73-4ab7-a110-35110bac3418,SPOTIFY_ID_CORRECTION,DB SP_ID: 2taJp1g8Zfc3mngIuwS8ke | Correct SP_ID: 2VucoQiP6UobIyp4Y1zQoK,2026-02-14T20:22:12.810993
18220,Pleen 1930's,53540a84-4399-42c1-ae62-b1dc9d08db58,SPOTIFY_ID_CORRECTION,DB SP_ID: 0OXQLyVQAhJK3bTxgnZyJ3 | Correct SP_ID: 6l7AD8Iq4O6ODIhPShX0cp,2026-02-14T20:22:42.125725
18341,Green Light,1ac290ac-7c74-46dc-a33a-ef560853965f,SPOTIFY_ID_CORRECTION,DB SP_ID: 2sbtixigDCbjXBTMRSEECS | Correct SP_ID: 6ie2Bw3xLj2JcGowOlcMhb,2026-02-14T20:23:00.115508
17964,The Girl Next Door,f5ca4f2d-3a05-4583-ac23-c5e040f59a4d,SPOTIFY_ID_CORRECTION,DB SP_ID: 3MM5Bo8Y1n4ikuun8GyVxg | Correct SP_ID: 7BClGQLXUqnyTULHCwlrQh,2026-02-14T20:23:33.193423
18131,투명 우산 Don't Let Me Go,c71ae97a-2207-456a-9de2-75498b8c9282,SPOTIFY_ID_CORRECTION,DB SP_ID: 4wPVrnXmpMOeB0WtE0V9yP | Correct SP_ID: 0bfd4Rs544zhNmXqSa1Hp9,2026-02-14T20:23:40.564785
18381,N.Y. State of Mind,ee9eaab7-99e5-4ffe-8876-5b6882ef3d23,SPOTIFY_ID_CORRECTION,DB SP_ID: 5zwz05jkQVT68CjUpPwFZe | Correct SP_ID: 0trHOzAhNpGCsGBEu7dOJo,2026-02-14T20:23:47.875819
18151,너의 노래가 되어 An Ode To You,05fae8c5-9412-4f66-b31a-947a26a096d5,SPOTIFY_ID_CORRECTION,DB SP_ID: 2DO2OH8UMaysW2NS2NpQ9v | Correct SP_ID: 6kHk38aUwGdVQzKK3xjqKU,2026-02-14T20:23:56.232741
18301,Blue Hawaii,96d753a7-82f0-45e2-8cea-04c08de94479,SPOTIFY_ID_CORRECTION,DB SP_ID: 70AO25Ab46E7Mu1Z8TDGQU | Correct SP_ID: 21yXSC2LoDzKwdRe06eU5t,2026-02-14T20:24:57.603649
18346,ILYSB,4a50469d-8c07-4a02-aba8-48d824daf808,SPOTIFY_ID_CORRECTION,DB SP_ID: 0b2G65iYItlMfM9HbNT4Kj | Correct SP_ID: 2btKtacOXuMtC9WjcNRvAA,2026-02-14T20:25:01.231571
18519,CRUSH,91ec1da5-ecf1-4bdb-a7cd-d26d2b26250c,SPOTIFY_ID_CORRECTION,DB SP_ID: 5euf2dXvmbO3mWVUTNRRy5 | Correct SP_ID: 7FLHZtNqn4PfSs6DwtWdY3,2026-02-14T20:25:23.771510
18468,Prism,c935fbc4-f3a7-4695-a4be-401ac0b222c7,SPOTIFY_ID_CORRECTION,DB SP_ID: 5Nd3U7EGHMdx7WE8R5B5Ay | Correct SP_ID: 3vm0mFRTYFRmtym8SPHmUq,2026-02-14T20:28:21.714272
3557,Funny Bunny,04f754ef-8310-47eb-b01b-39fa779dfbed,SPOTIFY_ID_CORRECTION,DB SP_ID: 5FIwybdhR25mzYypLEv47M | Correct SP_ID: 1hizUMxwkjhEKOO6arubUn,2026-02-14T20:29:15.626536
18465,So Amazing (Special Track),b1222f08-6dd9-4c00-aaaf-70a852ce65a8,SPOTIFY_ID_CORRECTION,DB SP_ID: 4t93kl6OChNlrK2jCVIJET | Correct SP_ID: 01IsDqqjCIo0VXdgHLwkFX,2026-02-14T20:29:26.627729
18537,Are We Ready? (Wreck),67fdb1b9-9df9-4588-ba92-cf09b79b52e5,SPOTIFY_ID_CORRECTION,DB SP_ID: 53bEiya2lvm64oHIjQx2Gd | Correct SP_ID: 34WgjnF4bKrYPCo8LvZxOH,2026-02-14T20:29:30.239687
18529,Alive,9d1a2365-8af4-4e0a-9422-2505fcbc250a,SPOTIFY_ID_CORRECTION,DB SP_ID: 46DmkFT47l8IFcQb4flRmO | Correct SP_ID: 4uDj3BPYBfhMgHDiIgMo7m,2026-02-14T20:30:17.393601
18351,Ali Bomaye,f4243e55-bbd6-4396-bffb-a66721849aa3,SPOTIFY_ID_CORRECTION,DB SP_ID: 7L0bGARxZjOyMvzuIHl0do | Correct SP_ID: 0LFcFGLYTX6UmeIdO7NVd7,2026-02-14T20:30:21.089445
18518,GOTTA BE YOU,274621ba-f726-444c-a5a5-02247ca5727c,SPOTIFY_ID_CORRECTION,DB SP_ID: 6r2DXpW3fKzCXQLQT6qpPh | Correct SP_ID: 3Lb2gCWqCgWXQMMp9bZDzp,2026-02-14T20:30:35.423278
18568,Melting Spot,054a30b5-9dbf-426c-8b59-ee64489060ff,SPOTIFY_ID_CORRECTION,DB SP_ID: 0dwT81QhyjPlN9dpMDXdHi | Correct SP_ID: 5oHzT47edNkPRnozBRZ1Hj,2026-02-14T20:30:42.664008
18651,Glimmer,adf81424-16a9-4dac-b53f-bb0fe96c8844,SPOTIFY_ID_CORRECTION,DB SP_ID: 2Wedx9WDMC4lcVx9auWoM3 | Correct SP_ID: 2E5AFnu1g3M2TsPLkmO43B,2026-02-14T20:30:56.874027
18810,Miracles in December - Chinese Version,69ba7d9f-17d1-4021-b30d-2c1a60e08489,SPOTIFY_ID_CORRECTION,DB SP_ID: 7hpQEPic5nwWusNXE6bRae | Correct SP_ID: 5wSwvQrqU4IDYplLUlPW0U,2026-02-14T20:31:16.496374
18673,WE LIKE 2 PARTY,e5b037ce-d960-462a-8bcd-c178a7ef447f,SPOTIFY_ID_CORRECTION,DB SP_ID: 0MuTMskE4WK5WGI82ASFTB | Correct SP_ID: 07gp2fnoTbVCsRJYazycI4,2026-02-14T20:31:42.639096
18757,Blue,77d73833-7246-4718-a901-e1021b0f249d,SPOTIFY_ID_CORRECTION,DB SP_ID: 3Uj6I3eedSaQcd0obqS6Xq | Correct SP_ID: 4LOLvDtzykDC7y9WehFoOi,2026-02-14T20:31:49.766246
18672,BAE BAE,7c902f6d-9133-4c26-bf75-e22e1975a397,SPOTIFY_ID_CORRECTION,DB SP_ID: 0hQ9Bc0QhVuMEAUWaDFbZX | Correct SP_ID: 3miMeSGd7rzJEtuhQnzm0f,2026-02-14T20:33:16.953868
18498,I Wish,c6138cf8-9ed9-4b97-ac1e-25271a8e4362,SPOTIFY_ID_CORRECTION,DB SP_ID: 79IirvCpDrry68JTKlmQdU | Correct SP_ID: 4phX8aqDK5f4gGPitn1JFC,2026-02-14T20:33:24.168082
18771,Thinking out Loud,cb2cc207-8125-445c-9ef9-6ea44eee959a,SPOTIFY_ID_CORRECTION,DB SP_ID: 34gCuhDGsG4bRPIf9bb02f | Correct SP_ID: 1Slwb6dOYkBlWal1PGtnNg,2026-02-14T20:33:42.341132
18765,Cafe,bcb98ae7-c182-4ce5-9ebc-d9334752f2b8,SPOTIFY_ID_CORRECTION,DB SP_ID: 0VWmUJ3V0HFHgDwnLh9eli | Correct SP_ID: 4mm23jt7cimDkeHu1VcS2v,2026-02-14T20:33:51.219437
18787,MY ANSWER,e4bce0b9-426b-447e-bbdf-4449381f60c7,SPOTIFY_ID_CORRECTION,DB SP_ID: 4EyZwGurgOQNbeiypKzqQf | Correct SP_ID: 6h5BRbxxRnEbbwUsM2vzhO,2026-02-14T20:34:05.458255
18748,Erase,4f90e0bb-3c55-4672-a4d6-b298938788e0,SPOTIFY_ID_CORRECTION,DB SP_ID: 70IiwE3KGMGoB3zqsgwWPY | Correct SP_ID: 5inxRT4asbZzRUwPtawx71,2026-02-14T20:35:19.461566
18835,XOXO (Chinese Version),7db8479b-33b0-4d33-8122-f121e9923afc,SPOTIFY_ID_CORRECTION,DB SP_ID: 3Fm1KdUH8FmJOdtFi8MBvx | Correct SP_ID: 2hlnz3ltwGFxfcvVIoX8Wn,2026-02-14T20:35:34.322007
18931,Settle Down,56dec546-ce75-4c5d-b949-d40a75b3c575,SPOTIFY_ID_CORRECTION,DB SP_ID: 1juwXjOB4Deky02D5vL0y0 | Correct SP_ID: 36YLqJHsNHHODwX5gDPEBb,2026-02-14T20:36:02.367595
18763,Mr. Simple,9f2d31e5-ddd0-4f04-a182-2f7055ba8bc8,SPOTIFY_ID_CORRECTION,DB SP_ID: 23GWmLq9VggWMzWr4PsbQF | Correct SP_ID: 6QTBYKLlV2PQniwAWrBV2z,2026-02-14T20:36:22.018161
18870,Monster,e63c52ed-11e4-4a1d-9a74-936345ce585b,SPOTIFY_ID_CORRECTION,DB SP_ID: 0HWztssJfLcyDUPaVRkBut | Correct SP_ID: 7GbUWl6qLW1gdngbEV2WDJ,2026-02-14T20:37:06.901373
18864,Heaven,6bf77184-27e3-4c84-ac64-eb74dd997405,SPOTIFY_ID_CORRECTION,DB SP_ID: 3BSUF8N3o4Y9NLFXiiQLG7 | Correct SP_ID: 64wBH2x7lTYxhwUzoS5gvt,2026-02-14T20:37:10.668749
19008,Miss Jackson (feat. LOLO),66bdefca-9bec-4984-8be3-96f1336def03,SPOTIFY_ID_CORRECTION,DB SP_ID: 46Kcradxrva9Dny4lHU1b3 | Correct SP_ID: 49heun7OiWwsdhUyoukbBV,2026-02-14T20:37:39.637494
18910,Stronger,72499409-0858-48aa-83c2-913fd792f46c,SPOTIFY_ID_CORRECTION,DB SP_ID: 56hO8scim5Umm28gF47e0X | Correct SP_ID: 326Di9nEnC8tzxxtBsjOUv,2026-02-14T20:37:50.266146
18768,Why So Serious?,c84e9dad-49db-4dd4-9711-9f2b6bcfd68b,SPOTIFY_ID_CORRECTION,DB SP_ID: 0WZ3yYCYdLOBEd3u3TgjI1 | Correct SP_ID: 0GcGDsngO9i2jR1evA7XYi,2026-02-14T20:38:27.044135
18901,Heartbreak Hotel - Instrumental,750de85d-7048-469c-b1fe-c66fa869d626,SPOTIFY_ID_CORRECTION,DB SP_ID: 7Kk02pSD6DTkZSnq1Eiijl | Correct SP_ID: 6J5yWGrCApjTZmOydyx0QH,2026-02-14T20:38:36.151066
19115,Carousel,b872e129-4232-4448-8dc7-f342f48e891d,SPOTIFY_ID_CORRECTION,DB SP_ID: 6fHSRCVaoH9Lel6cIU0Taf | Correct SP_ID: 5nHTLEJ10zaqdnKqLriah4,2026-02-14T20:39:06.364258
253,Last Dinosaur,3c1ff41c-0227-4e97-933d-0087f7aee741,SPOTIFY_ID_CORRECTION,DB SP_ID: 065GxYGKiZ011pvr6VhT1b | Correct SP_ID: 4MU9ZkL7cAvUlNR7bWdOz8,2026-02-14T20:39:13.817750
19044,vista,d74a8c63-3a64-45ac-a951-2beb96d911c1,SPOTIFY_ID_CORRECTION,DB SP_ID: 7E4V1QraUU4MoAYs8qOE6X | Correct SP_ID: 0MVFBzksWiyFdUlbuGkbwg,2026-02-14T20:39:54.084606
18930,Chocolate,e1cd0dc7-9086-4710-8858-40a02e39ef8b,SPOTIFY_ID_CORRECTION,DB SP_ID: 44Ljlpy44mHvLJxcYUvTK0 | Correct SP_ID: 56igJevSZKAKqzW4PTQXJb,2026-02-14T20:39:57.787706
18969,Don't Wait,e1ae4963-c0f3-488e-9c48-eafc8e312dc9,SPOTIFY_ID_CORRECTION,DB SP_ID: 79gKDVkoXsWiOG1fKPTHOM | Correct SP_ID: 4B6dviproAB8HoY6NRDNOp,2026-02-14T20:40:08.944658
19227,Can I Have This Dance,a19fd317-9edf-429e-aec3-00dcc0c7bce2,SPOTIFY_ID_CORRECTION,DB SP_ID: 6ZuxpFXpmIzy1cuzUmmibT | Correct SP_ID: 6YXG34IWbilypPwjBTOrUC,2026-02-14T20:40:28.613782
18704,Don't Cry,7839882b-1d59-48ea-b836-ddc8a8f7810e,SPOTIFY_ID_CORRECTION,DB SP_ID: 6dqPQmjmujiSrPrAUdIKXC | Correct SP_ID: 5WrmurzLklDfXdFAKjwwdF,2026-02-14T20:40:32.331038
19061,The Christmas Song (Chestnuts Roasting On an Open Fire),d8694d90-fc58-46af-abbd-7ce563e10420,SPOTIFY_ID_CORRECTION,DB SP_ID: 4m4jcdYw18KGodeRCh1KFY | Correct SP_ID: 2coKdozHhlqL6kaFBvt31W,2026-02-14T20:40:47.557037
19082,"Piano Sonata No. 21 in B-Flat Major, D. 960: I. Molto moderato",c5ab8b9a-c17c-4635-9732-e8439d480b13,SPOTIFY_ID_CORRECTION,DB SP_ID: 1QE4KBHZb0Y4ERG18VEm3y | Correct SP_ID: 3JGGb4Of3W2dmzDnoXwyz7,2026-02-14T20:40:58.240113
19085,"Concerto for Orchestra, Sz. 116, BB 123: V. Finale - Presto",368dbadb-0741-4b8d-bc0c-1697b3d3cf0c,SPOTIFY_ID_CORRECTION,DB SP_ID: 2paqTm9uqmpQoKZXbHKU5r | Correct SP_ID: 4mwntkvUMHXH4sleaWoYZX,2026-02-14T20:41:11.518413
19097,Jingle Bell Rock - Daryl's Version,0b67d2f4-5a72-4e62-87ea-e9dcd14b73d2,SPOTIFY_ID_CORRECTION,DB SP_ID: 3y8Z2sOJrBt6yKEfsZG1NY | Correct SP_ID: 2oc1OkmSfM74edKGI8vTdG,2026-02-14T20:41:21.703573
19214,Easy Love,ce08a4ed-0722-47aa-b450-68ebe68c89b9,SPOTIFY_ID_CORRECTION,DB SP_ID: 1Uw9qfvB8oWEQkUVRVmpdw | Correct SP_ID: 5s7xgzXtmY4gMjeSlgisjy,2026-02-14T20:41:56.881708
19198,Levels,ec0d73fd-42f2-4ada-97d0-c75e3ef78ee7,SPOTIFY_ID_CORRECTION,DB SP_ID: 7Cmd6TXa8DPPcAERTChrZ4 | Correct SP_ID: 6pf9datdAtxQj4EU8UYHSx,2026-02-14T20:42:11.534717
18769,Lucifer,8a60d9c7-3c75-4f8b-a409-b0c6b40b6a3c,SPOTIFY_ID_CORRECTION,DB SP_ID: 1loig6bjUhdF3QnFAfLYux | Correct SP_ID: 6YCySHA5YOZSVxTXJZE6Nl,2026-02-14T20:42:15.124012
19098,Sleigh Ride,90a17e3a-dfc9-4e06-bc78-7cd30de77e88,SPOTIFY_ID_CORRECTION,DB SP_ID: 5UICXUAduMRkm3WiihqOx8 | Correct SP_ID: 0ErjxyZ4qHQVs5umCBIClk,2026-02-14T20:42:18.800726
19206,Next Year,1c290966-8c52-4698-a3b9-8f675c67462d,SPOTIFY_ID_CORRECTION,DB SP_ID: 7nRiCs5j2zs3etcrQ6UVpW | Correct SP_ID: 40zg2wBTtzhyLVhFe9ixhN,2026-02-14T20:42:34.922590
19230,Hooked On A Feeling,27697708-3c75-4da4-9d04-7594b99498c4,SPOTIFY_ID_CORRECTION,DB SP_ID: 6Ac4NVYYl2U73QiTt11ZKd | Correct SP_ID: 2Nz6aF1umHh5Et6I5H581L,2026-02-14T20:42:38.590693
19148,Sun,7a2197ca-d909-4e9a-8b62-ee469ce5d635,SPOTIFY_ID_CORRECTION,DB SP_ID: 38lSPOR0sHfr8WjcQ0uLqn | Correct SP_ID: 2D83TfTgEGj6wp3O2boV55,2026-02-14T20:42:43.748431
19165,Spring,92d92458-2e72-42b9-b311-437d56fd81c9,SPOTIFY_ID_CORRECTION,DB SP_ID: 1mPzO6PCUBbVzThkAKbANd | Correct SP_ID: 3v1ZsVIFnYpjVvI4bvSViM,2026-02-14T20:42:47.423497
19003,Alright,a531ff88-1c3c-44d2-8ba8-c649e5efe612,SPOTIFY_ID_CORRECTION,DB SP_ID: 5CQvKyzkWI7TnUu2oB9QZ0 | Correct SP_ID: 05ajrG3EAcIe3j7NuqRV9B,2026-02-14T20:43:05.502690
19249,Bring Me To Life,c24eb26a-04d6-4f09-9449-9bc334f78ede,SPOTIFY_ID_CORRECTION,DB SP_ID: 0COqiPhxzoWICwFCS4eZcp | Correct SP_ID: 6pjWON6NgnSv1nU5inUlaf,2026-02-14T20:43:35.581962
19232,WILD,27ab009e-702a-4d20-8b58-405f1ddcd951,SPOTIFY_ID_CORRECTION,DB SP_ID: 5ajEdjV7VfH15GqSL8tSus | Correct SP_ID: 2HWWsTZxnLSUdFZ4gjsP5N,2026-02-14T20:43:52.187910
19007,Hysteria,c102891a-d4dd-442b-83b5-fa57cc6c1026,SPOTIFY_ID_CORRECTION,DB SP_ID: 0knbMPVHpFbsx38pLoYSRs | Correct SP_ID: 3qsmVNZvliZXc0Fk7OfHi9,2026-02-14T20:44:44.951026
18170,Digeridoo,35217349-1915-483c-9aad-544dddebd930,SPOTIFY_ID_CORRECTION,DB SP_ID: 2xfCPmY2rPmy7IqVdoQsBS | Correct SP_ID: 3QSQbRPGDky3vRmXVeP8iU,2026-02-14T20:45:52.035958
19272,Let Her Go,1682cf55-a9a6-429c-a7f0-ff756781570a,SPOTIFY_ID_CORRECTION,DB SP_ID: 7jeKLIPeRssqV4JQnp5Xk1 | Correct SP_ID: 3Ppe45rHLb8zsuD8Wjm2sr,2026-02-14T20:46:47.257027
19561,Lost!,8353cabb-9649-4964-bb36-a3fd2382bae8,SPOTIFY_ID_CORRECTION,DB SP_ID: 55Qm6iVvo1OMeoXc8elnmj | Correct SP_ID: 1STAWoWHYJh2UVUx41pYMD,2026-02-14T20:46:56.304077
19173,Numbers,2e9dd6d3-2f93-4dc6-a868-59550f872b85,SPOTIFY_ID_CORRECTION,DB SP_ID: 59jyP2umrGESFq3H4RQgCV | Correct SP_ID: 0ue1SRXyvMme9iCSSWcuWb,2026-02-14T20:47:11.208486
19135,Something Big,d069b278-cca9-487b-87da-393d217bade2,SPOTIFY_ID_CORRECTION,DB SP_ID: 060xmC5Tr7AVfT1ew9OHSB | Correct SP_ID: 4eQznxonJdR6NEksFNHMCT,2026-02-14T20:48:03.235174
19332,Livewire,244205d2-e03e-446f-958e-0075f6099b34,SPOTIFY_ID_CORRECTION,DB SP_ID: 6bpBsotzL05UzS1rHsIqk8 | Correct SP_ID: 3fLUvW1YvbrPsUv7RkWVeN,2026-02-14T20:48:19.544365
19380,4th Of July,bf24750a-0a60-4d34-808a-0154b1655075,SPOTIFY_ID_CORRECTION,DB SP_ID: 51tNVUhljP9aejBj3vIfjH | Correct SP_ID: 2bdUkiK4p2wuaqzcBLm1zc,2026-02-14T20:48:28.595350
19505,Chump,656f68c4-40d2-4919-aa9f-5457d6afa6b9,SPOTIFY_ID_CORRECTION,DB SP_ID: 1Cq8IdsiaMiieYuLN8iEm0 | Correct SP_ID: 79KQOhsTrL8HrSgXalaHHa,2026-02-14T20:49:12.280001
19435,Colors,b050bb6e-44c7-4226-bb4e-9957a4619c9e,SPOTIFY_ID_CORRECTION,DB SP_ID: 4FqMPJlvfY5Nfo3gRKcNxl | Correct SP_ID: 1TnUURhehaoMWKAqQtirm6,2026-02-14T20:49:23.203208
19251,SCREAM,94e593db-2fc4-4ad9-8a16-0c3711f806d1,SPOTIFY_ID_CORRECTION,DB SP_ID: 1P8BCMCO5vT6ULZKPzozss | Correct SP_ID: 0i7AGJG9DX0vI1w798IVKZ,2026-02-14T20:49:56.425888
19460,Teddy Picker,d0b676e6-471d-42a5-8d26-11a4580c161d,SPOTIFY_ID_CORRECTION,DB SP_ID: 2fRdOPO3yBNLcWboG1pnZA | Correct SP_ID: 4OkPamOn5GofkOQu64Z4eR,2026-02-14T20:50:07.460052
19289,Jerk It Out,c35bd275-6a1e-4026-b648-08beeea01939,SPOTIFY_ID_CORRECTION,DB SP_ID: 0O8XCrGlVsaKnErfcTSSFU | Correct SP_ID: 5XMjXjwCkJVmk0AHm7z8IV,2026-02-14T20:50:12.690651
19607,Doncamatic (feat. Daley),cdaa3aac-db0f-46bb-a5f0-20c9ee429eb5,SPOTIFY_ID_CORRECTION,DB SP_ID: 5N3cg4xPK4Xl5gVFypd5j5 | Correct SP_ID: 7twVmetQlugzgUqdMNjdJ4,2026-02-14T20:50:31.212070
19504,Emenius Sleepus,c3b0c2ea-da04-46b3-b3c6-76d99c6c4ff5,SPOTIFY_ID_CORRECTION,DB SP_ID: 1gPwAnimmoEt2y3LXa9ysx | Correct SP_ID: 3PWvUZ3emCKffr5E6I4E5d,2026-02-14T20:50:34.993759
19372,Hotline Bling,e288e33a-5c40-4b9f-98f6-0062be760e4a,SPOTIFY_ID_CORRECTION,DB SP_ID: 1UfBAJfmofTffrae5ls6DA | Correct SP_ID: 0wwPcA6wtMf6HUMpIRdeP7,2026-02-14T20:50:58.352310
19490,crushcrushcrush,ff1b9745-11e6-4e65-ba05-81b8ee1f5555,SPOTIFY_ID_CORRECTION,DB SP_ID: 4m9NfjevXsDVaLtM1kj0Sx | Correct SP_ID: 3VA4sjTMSTTF02hFGmlpJh,2026-02-14T20:51:09.496467
19399,Hold Me Down,3beedaa7-b121-43aa-ab96-fd8f894d65d6,SPOTIFY_ID_CORRECTION,DB SP_ID: 0zH1dJoXYgEhruG2L6ayaE | Correct SP_ID: 4U38hORPx8SsUAXGumsUYN,2026-02-14T20:51:17.413374
19273,Teenage Dream,8cf81f4a-05fd-4688-bb8c-eb59df2026a0,SPOTIFY_ID_CORRECTION,DB SP_ID: 55qBw1900pZKfXJ6Q9A2Lc | Correct SP_ID: 5jzKL4BDMClWqRguW5qZvh,2026-02-14T20:51:53.127801
19356,Making Christmas,b1d41a5d-7c04-44c7-929e-7b1c7b4250e2,SPOTIFY_ID_CORRECTION,DB SP_ID: 60lpxsz5DjjZAChH8dzFDt | Correct SP_ID: 6E5SW8hID03jCoUQG1BApL,2026-02-14T20:51:56.812711
19732,Helena,c9bc8da1-94ee-4a08-a7cb-ae3000fc721a,SPOTIFY_ID_CORRECTION,DB SP_ID: 3ZaS7Bcz9tpFIjfst63tSw | Correct SP_ID: 5dTHtzHFPyi8TlTtzoz1J9,2026-02-14T20:52:39.379595
19916,Dance of the Sugar Plum Fairy,6fcc719f-5fa7-4af7-a58e-d919ec0b0361,SPOTIFY_ID_CORRECTION,DB SP_ID: 6yvCAnyeaFXTDcuyWONYcy | Correct SP_ID: 0u0TlASkQWH2bGIZRu0HLh,2026-02-14T20:56:22.277831
19914,Valentine,c879f530-2ec6-4b2e-a7ea-9c9e3f145eda,SPOTIFY_ID_CORRECTION,DB SP_ID: 0QSJB58Nqn4cXxibgowLQI | Correct SP_ID: 5djjmpqAOlne6d5RSHQmvu,2026-02-14T20:57:57.477546
19502,Let Me Drown,eacb808a-995f-4be4-8e21-7fc63ba446ea,SPOTIFY_ID_CORRECTION,DB SP_ID: 1Ytz6zegDXfIg9Ijg1dG0y | Correct SP_ID: 73mseL1QMWuOVIrYwIFlPf,2026-02-14T20:59:55.275221
20024,Sleepless - Club Edit,5a6e6553-6300-453a-adea-3a0aeb457cce,SPOTIFY_ID_CORRECTION,DB SP_ID: 5VGrJSCcGw0EkRXVrSRBOm | Correct SP_ID: 6rGm2OK3ogF6aja5TvxXNJ,2026-02-14T21:00:30.421541
19799,All About You,20d7d042-d7f9-451e-9e67-0a02f242f225,SPOTIFY_ID_CORRECTION,DB SP_ID: 7f4hMmowEBl4HEPzoN5F0l | Correct SP_ID: 0ElmwRAsaxaUZXnMbaSllH,2026-02-14T21:01:18.881141
19962,Do You Hear What I Hear,5e75a19e-002c-4dfa-9e52-79c558236384,SPOTIFY_ID_CORRECTION,DB SP_ID: 2BdZLgiRQcxyArUjlxFAx5 | Correct SP_ID: 1qGeUUtelP5fz7rNNAmo29,2026-02-14T21:01:34.828283
19756,At The End Of The Day,bb964806-5400-4631-b1ee-0317d23428fa,SPOTIFY_ID_CORRECTION,DB SP_ID: 5DJou4fNp7WCrQCCmevCAR | Correct SP_ID: 1VUChQjlhCIDGF724QpKb9,2026-02-14T21:02:11.997519
19956,Christmas Tree,3f9a9669-6e8b-4f3c-88d5-026836ccd1d2,SPOTIFY_ID_CORRECTION,DB SP_ID: 5060qbGOy5pgZOAQjQEdqX | Correct SP_ID: 5ibU33f2nw9PqTSHpSzOfe,2026-02-14T21:02:23.008515
19752,Sing For The Moment,f2215158-fc73-4fa0-a287-1d589ac755f1,SPOTIFY_ID_CORRECTION,DB SP_ID: 217jPzlbFDCAPoOARhfUdH | Correct SP_ID: 3CpoeW0cZSDzIRv5z34F87,2026-02-14T21:03:04.982612
19913,That's Christmas to Me,dbbfb7b3-b730-4e1c-908d-5841747ebe3d,SPOTIFY_ID_CORRECTION,DB SP_ID: 6bdxYNp0DoQj9ZMJHOp1MI | Correct SP_ID: 3ngqjDFBKkoXBRpNB8qvHb,2026-02-14T21:03:24.835462
19803,Human After All,1f7b6b76-ea87-428b-b731-52ea62a708d2,SPOTIFY_ID_CORRECTION,DB SP_ID: 2FTxc9WUZcKFQtFrT1oOVd | Correct SP_ID: 3aByRUC2BVL6Fs1zI723sd,2026-02-14T21:03:28.478766
19847,L.A.F,d324ed66-ee76-4577-a676-bfa347162b72,SPOTIFY_ID_CORRECTION,DB SP_ID: 5YucvRgO9OjlawcJBInNWG | Correct SP_ID: 0XsVNUmFx0hYW18xIin9ie,2026-02-14T21:03:36.373977
19822,Heart Skipped A Beat,e8b1d374-07e0-4d44-a3c2-c43ac21362cd,SPOTIFY_ID_CORRECTION,DB SP_ID: 6WfxJHrQyfGMukUtmrTHLd | Correct SP_ID: 7ygrTWuppClAgsCa8QD5go,2026-02-14T21:04:04.358252
20073,High For This,32fc80c9-c68d-4572-b9ad-3c87eae303ec,SPOTIFY_ID_CORRECTION,DB SP_ID: 36LdTnEWBDLDDA3hEsSLvi | Correct SP_ID: 2ye9iWj5V4g6k6HFeTTAKa,2026-02-14T21:04:11.547974
19650,Lost In Stereo,c2b167db-d645-4f57-b1f5-58d509069f96,SPOTIFY_ID_CORRECTION,DB SP_ID: 6MO6YzWAvBbw6tepWekNbe | Correct SP_ID: 2WO1QXoR1o0R1rYKAxF7Ya,2026-02-14T21:04:22.244949
19967,Oh Santa!,b7bc27f0-7bf3-4389-9ec6-66256f6c03d4,SPOTIFY_ID_CORRECTION,DB SP_ID: 04t8HpnAGcLaWnBwzVR7H1 | Correct SP_ID: 0UCrXrjcRBEsB1VnpEmd4K,2026-02-14T21:04:57.953897
19972,Wrapped in Red,450c6973-0078-4605-a22e-e11bef7d4195,SPOTIFY_ID_CORRECTION,DB SP_ID: 3MDQPA7rozKpLiIE3vpSyN | Correct SP_ID: 5fclVBnzaGrbucvVMC228o,2026-02-14T21:06:06.027681
19960,Run Run Rudolph,f9d575c3-2ea1-4aca-a725-f52c1ad93d37,SPOTIFY_ID_CORRECTION,DB SP_ID: 6Rw3FmnThrPFVzqZ8bUL28 | Correct SP_ID: 7qtBirjfexEIOK3xuqYLR3,2026-02-14T21:06:09.779777
19940,Winter Dreams (Brandon's Song),59ae40f3-8a05-4259-925b-c87efbbfde75,SPOTIFY_ID_CORRECTION,DB SP_ID: 2u47rkgcjqyStcLigmOtmT | Correct SP_ID: 7xAeFTiG6bfdrQSwRNJLgH,2026-02-14T21:06:13.548670
19906,I Lived,92337e03-bdc2-4f7e-b64b-0ab933b55645,SPOTIFY_ID_CORRECTION,DB SP_ID: 7D49Iig0avHre9RFSUMkd2 | Correct SP_ID: 3IQF4xCQUPicbA4hWfTxPo,2026-02-14T21:06:35.790431
19836,Teenage Dream - Live,04406294-f341-413c-90fa-6a0532e8efba,SPOTIFY_ID_CORRECTION,DB SP_ID: 4qAywq9qCgZDBy60crmS0p | Correct SP_ID: 1JpJGugdE0Ts4gA1tIYdCu,2026-02-14T21:06:43.029227
19932,Silent Night,48f6f2c7-aff6-403e-aa07-ee2100816f15,SPOTIFY_ID_CORRECTION,DB SP_ID: 2uvZvteAW4tFaHrP87zroA | Correct SP_ID: 75lWQzF7y0FY9380G3gEZ9,2026-02-14T21:06:58.300856
19925,Daft Punk,91ff06c5-22e8-4e54-bd12-66d2951d2bf6,SPOTIFY_ID_CORRECTION,DB SP_ID: 0ZcQOiC7vC7jSCHs9shMtj | Correct SP_ID: 6ukvsBzq4d1vBsAUmz7ZVt,2026-02-14T21:07:08.947680
19937,All About You,af0af738-0b45-4651-9d7c-db05e6875004,SPOTIFY_ID_CORRECTION,DB SP_ID: 3WmeTmPFJegeMM88qz8J0p | Correct SP_ID: 3QAF1LHMb2DxPOHf14oqOA,2026-02-14T21:07:16.375849
20014,La La La,9a339179-6d01-49ca-ac66-2e246fbd5323,SPOTIFY_ID_CORRECTION,DB SP_ID: 7Kd8VHRnptMLej7UKF9ylF | Correct SP_ID: 36pLU2ywVeBKEF0rrKtmCB,2026-02-14T21:07:34.658887
19807,Body Gold,93095699-5981-498d-a4d4-cbc7c3533a30,SPOTIFY_ID_CORRECTION,DB SP_ID: 5pyYUVdP3VXtU6UW90OiJ3 | Correct SP_ID: 0IIdoxwlGBHhNZQkbYF3yD,2026-02-14T21:07:42.067127
19871,Firefly,fce32245-6c4c-4599-984b-d27042434bae,SPOTIFY_ID_CORRECTION,DB SP_ID: 03XSaYxplllG9nMVinYVzU | Correct SP_ID: 4fZscNFYKoPIDHrgXxdacR,2026-02-14T21:07:49.737422
20062,Stay With Me,e4c0494d-5ab6-479a-a527-cfdc41f7c595,SPOTIFY_ID_CORRECTION,DB SP_ID: 368lYUSoL6Gm3iQPMB994J | Correct SP_ID: 5Nm9ERjJZ5oyfXZTECKmRt,2026-02-14T21:08:04.141669
19988,Rather Be (feat. Jess Glynne),78a8d975-1257-4fc4-a634-50f89a62de47,SPOTIFY_ID_CORRECTION,DB SP_ID: 3s4U7OHV7gnj42VV72eSZ6 | Correct SP_ID: 0am001WwFBVGDGLwRh3ixi,2026-02-14T21:08:09.727038
20029,Sail - Live from Spotify Sxsw 2014,c84ced62-f1d0-4efd-90e9-07fb204c94d2,SPOTIFY_ID_CORRECTION,DB SP_ID: 7chQTchS45nnnVPutzGmMB | Correct SP_ID: 7sJ8rrxRdFKbzzhzMztegT,2026-02-14T21:08:16.880552
20004,True Love,b4cb134b-9811-49d6-9c69-450f0d6f02ae,SPOTIFY_ID_CORRECTION,DB SP_ID: 3HOe5HB3E9tmz9ocHwsPgP | Correct SP_ID: 0fQuzbQNLcD1ofo7B2NcFI,2026-02-14T21:08:59.747107
20071,Dirty Laundry,7b6a120d-c2d8-4e2b-99e9-73028991f594,SPOTIFY_ID_CORRECTION,DB SP_ID: 6CYfRKqgQqZqYBkfkYU4sa | Correct SP_ID: 5ChwSSaoEOEQw9Ky1ZStBZ,2026-02-14T21:09:03.638101
20116,Coming of Age,4f2edfa4-a2d9-4f23-aa21-44555eed62b6,SPOTIFY_ID_CORRECTION,DB SP_ID: 3lXYJJYqh2oFL1U3yVec73 | Correct SP_ID: 1yzbqrSF0vuaO7nuKYSd6f,2026-02-14T21:09:07.244969
20176,40 Day Dream,be9b3148-77ba-416a-8a47-c630258c7d83,SPOTIFY_ID_CORRECTION,DB SP_ID: 7kAzt3TcptRtX8vd5deWd9 | Correct SP_ID: 3Henh16Uj6P8ncNli4S1mx,2026-02-14T21:09:14.483827
20207,Paper Aeroplane,2596d895-a2c5-478b-94d4-2791c785beb4,SPOTIFY_ID_CORRECTION,DB SP_ID: 1DHllZp6pbqnX6MFGXzy4C | Correct SP_ID: 3XcvrvOCfSvK0mm6nOTw6d,2026-02-14T21:09:40.013545
20092,Every Moment,7e4cecf9-a1e9-469d-8b8b-0eea99487689,SPOTIFY_ID_CORRECTION,DB SP_ID: 2GJYcc3rbrzS21Nxp3uTuq | Correct SP_ID: 6OS3ff3e74KR9Rqi5mtEmn,2026-02-14T21:09:43.639092
20111,Break Free,c97fba6d-198d-4357-b5ce-83f6fb721596,SPOTIFY_ID_CORRECTION,DB SP_ID: 2lOgTEwxmRPBtjp60opyRN | Correct SP_ID: 12KUFSHFgT0XCoiSlvdQi4,2026-02-14T21:10:06.857717
20223,Anything Could Happen,672f76ca-cda3-48d7-a1df-05f207511848,SPOTIFY_ID_CORRECTION,DB SP_ID: 4Mw5nL0L1yGRBOHh1H0sF2 | Correct SP_ID: 7C7yqFTM0ncyJ04GIKrxdV,2026-02-14T21:10:14.503903
20323,Tomorrow Comes Today,8cd9dcd7-dc3e-44de-b4fa-6a7220ea55b0,SPOTIFY_ID_CORRECTION,DB SP_ID: 0qXdCJeemw8eaE3BL9kHks | Correct SP_ID: 3qdDjz9kOvquEFbvXBYOMQ,2026-02-14T21:10:46.086491
20311,Your Eyes,f364dacf-0592-4822-bf8e-578dc80110d2,SPOTIFY_ID_CORRECTION,DB SP_ID: 2XaGmXrL4p3u4eiqcq5Q0Y | Correct SP_ID: 38E4VJoyNGh2sBQFXLGl7X,2026-02-14T21:10:53.967453
20166,Silas,f43dd41c-d58a-442d-968e-266c850bde9d,SPOTIFY_ID_CORRECTION,DB SP_ID: 2sN9YkyLJxN9fzao9ouGiq | Correct SP_ID: 0SnaGuS2QECdynE9cE0BwO,2026-02-14T21:11:02.707889
20267,The Love Club,c68dc76c-13cc-48a5-9859-200e1dfa4650,SPOTIFY_ID_CORRECTION,DB SP_ID: 74fpNVAJrKGQuqHETi4WSt | Correct SP_ID: 2HotTAoFiOYTeMZkNs1Ces,2026-02-14T21:11:10.965925
20278,XXX 88 (feat. Diplo),6771afb6-d5bd-4b14-b6ff-e62ff0a37564,SPOTIFY_ID_CORRECTION,DB SP_ID: 6QdQS4aU6oOFKeHOo1OSIu | Correct SP_ID: 633NDinszJ1dec7gYDnIyj,2026-02-14T21:11:14.561021
20315,Out on the Town - Bonus Track,e0ecbc03-f096-4a7c-b6dd-35f84af9597f,SPOTIFY_ID_CORRECTION,DB SP_ID: 23wTcSwRHu8E513oeri4xK | Correct SP_ID: 0xf6e3ZY2OjS7ytTDCtACK,2026-02-14T21:11:18.231437
20143,Gentle Winds,7d490ab4-3ed0-4382-a51d-69fe35c517f5,SPOTIFY_ID_CORRECTION,DB SP_ID: 2piXYkip0HpIY9i4OrLpaj | Correct SP_ID: 3nzvV2TsEWbL29iHaxZG37,2026-02-14T21:11:34.315374
20374,Swingin Party,8fab59c5-42c3-4137-9250-8af2980d6203,SPOTIFY_ID_CORRECTION,DB SP_ID: 2rRyDXEaZwUkr4DHZpAdRS | Correct SP_ID: 3YYwrOdeMEvmHBWHJ0TmB6,2026-02-14T21:12:18.611369
20117,Almost Is Never Enough,3fc835ca-79a2-401e-9f83-84a17573fd9a,SPOTIFY_ID_CORRECTION,DB SP_ID: 63bo7NDoWdMFXufhsYOxwG | Correct SP_ID: 442j8VxaB60dWf9cBFuX5w,2026-02-14T21:12:22.251499
20159,Your Song,134b7da4-cb8a-421e-a498-14533bc5f6f3,SPOTIFY_ID_CORRECTION,DB SP_ID: 562NFiDgGSylJpitA7dUhE | Correct SP_ID: 1a9hBnJodCsNcp0HoJAObp,2026-02-14T21:13:36.908764
20230,Breakeven,3327438f-162b-49ac-97d7-a857b1410841,SPOTIFY_ID_CORRECTION,DB SP_ID: 1fyysXwSGNtMeqMBLwW3SI | Correct SP_ID: 285hMzLhJwHVLe9QT9qilk,2026-02-14T21:13:52.196690
3169,Know Your Enemy,3a554077-e310-4dda-9a13-0a5eab49ab3e,SPOTIFY_ID_CORRECTION,DB SP_ID: 1IDAJagxB9AQjjYXaiDK1j | Correct SP_ID: 1XTGyfJeMiZXrZ1W3NolcB,2026-02-14T21:13:55.832524
20204,Clouds,3b72139c-a3fa-4e2a-984a-f3f3232b0eae,SPOTIFY_ID_CORRECTION,DB SP_ID: 1ad6CbExeZneBGswe5YuSD | Correct SP_ID: 40CJfuACP98IVW9aY6wAmh,2026-02-14T21:14:39.615515
20219,1901,d476e4ba-0b3c-4bec-9ee5-7310b4a725af,SPOTIFY_ID_CORRECTION,DB SP_ID: 2HVjoeDzbkvoNMJ0ltqKLN | Correct SP_ID: 3CqOsjVamOisF8E0e9nPUo,2026-02-14T21:14:58.731607
20338,On Melancholy Hill,0ae1142b-7c69-4c6b-86e9-ed1de049c6b7,SPOTIFY_ID_CORRECTION,DB SP_ID: 0yKnn15144wfd5sCCNFnnE | Correct SP_ID: 174g7n2bVtFkzZczxfTqWq,2026-02-14T21:16:20.052159
20340,Dirty Harry,438f8fb2-6d24-4f15-a538-9de6315628c4,SPOTIFY_ID_CORRECTION,DB SP_ID: 4YyDH4Omf3cusOZnHO9Jsd | Correct SP_ID: 2bfGNzdiRa1jXZRdfssSzR,2026-02-14T21:16:23.936253
20290,Snow Song,a9556091-2bb9-4636-bc21-915c59953d73,SPOTIFY_ID_CORRECTION,DB SP_ID: 4HljjVbTOZjEkWBf4iuLP3 | Correct SP_ID: 2mirluHnTLWWnoZCf6RQde,2026-02-14T21:16:40.738149
20373,Without You,6cb27367-424b-45f3-b26c-e9d16e4142ee,SPOTIFY_ID_CORRECTION,DB SP_ID: 7cpHPzPgqKor6gv6nTkJ4R | Correct SP_ID: 4r3v5fSWyEoZR7HQVUcYYb,2026-02-14T21:17:08.015488
20382,Ghost,4baaa2a9-b6cf-403f-a180-42ac31674823,SPOTIFY_ID_CORRECTION,DB SP_ID: 665T5MrQUl7sSwivPm7pEW | Correct SP_ID: 2Vl6VlxpDQk99QU7TfQGjO,2026-02-14T21:18:03.766078
20269,Trojans,5c5c8268-c597-4777-a004-c155df18dfc6,SPOTIFY_ID_CORRECTION,DB SP_ID: 4AyoAGuhE8gydBPrczuhbl | Correct SP_ID: 0wDEiGfq4pw7FAkYKpkwMo,2026-02-14T21:18:26.643114
20287,Polaroids,d16a18ed-3dae-41f0-b1d1-883ed13d9477,SPOTIFY_ID_CORRECTION,DB SP_ID: 20CG5jeCvcCPTXPj3yl0iY | Correct SP_ID: 5GNZZpnUW8M0erMSLldmWe,2026-02-14T21:18:31.773459
20302,Tongue Tied,00814269-b88d-4999-980c-31f735cc0e82,SPOTIFY_ID_CORRECTION,DB SP_ID: 5urJXg073FQhGTYsmOc4dB | Correct SP_ID: 0GO8y8jQk1PkHzS31d699N,2026-02-14T21:18:51.343191
20377,Hong Kong,600308ab-4705-401c-a9bb-bd18ed631f58,SPOTIFY_ID_CORRECTION,DB SP_ID: 2UhmkV1lXMlRzmevvG8TRw | Correct SP_ID: 5IfGxM0ZRn7FOsHhp2PgU9,2026-02-14T21:19:23.931499
20234,Too Close,93fa737b-1abb-489e-a16e-0bc625a1a8e3,SPOTIFY_ID_CORRECTION,DB SP_ID: 2yXkgkvGf1P1ZvPkYpoUy9 | Correct SP_ID: 4sK96UnGx3NjBaqvfTG2dm,2026-02-14T21:19:29.034729
20259,Fidelity,8c1c9826-a631-44d9-97aa-37227c881b3e,SPOTIFY_ID_CORRECTION,DB SP_ID: 6GskIhdM6TN6EkPgeSjVfW | Correct SP_ID: 1J2WmkS1Z18AuDWZCgIC5K,2026-02-14T21:19:40.371859
20515,Needle,88d2bbdb-0c0d-4c4e-8a85-6a32d514bb24,SPOTIFY_ID_CORRECTION,DB SP_ID: 3RLXoRVroviO7I1bh8pv2T | Correct SP_ID: 7u5fUDJ33JTNIMmLxKmK43,2026-02-14T21:19:44.063302
20552,Everybody Knows,29ff4508-334a-4297-a9a1-9baccb24869b,SPOTIFY_ID_CORRECTION,DB SP_ID: 27ZKIEEzSMTCLwJRcnjwMp | Correct SP_ID: 2F1Py56BcwisOOfsBU2NCD,2026-02-14T21:19:56.663866
20518,Psychic City (Classixx Remix),c4ac1264-e85b-43d4-a22f-45cf533a4482,SPOTIFY_ID_CORRECTION,DB SP_ID: 2t8Snq5fmZJA4t3PxduI2U | Correct SP_ID: 4NWpGwfkWMlA7G2ZpFKDXZ,2026-02-14T21:20:35.299816
166,Earthmover,3d196e56-e15f-418b-b79e-0d76d02cd5de,SPOTIFY_ID_CORRECTION,DB SP_ID: 3wSYM0gFBlZ9u8BgcReQhJ | Correct SP_ID: 77yGZRjuWfSzbDT0ROSSUG,2026-02-14T21:20:54.054345
20393,Unconditionally,d781eb2d-dcf0-4ea2-98bc-a5b3101b35e7,SPOTIFY_ID_CORRECTION,DB SP_ID: 4fwbGKNExPtPHbor1TBSY4 | Correct SP_ID: 009ImBOrIUlWgla8U05RAC,2026-02-14T21:22:36.857541
20408,Love Me,99b2141c-179b-4557-9ee3-68588cb458c2,SPOTIFY_ID_CORRECTION,DB SP_ID: 2BSFAQuiYKu4VcMjovRgRQ | Correct SP_ID: 2lrMNui7pK7P7KDWrp86Ru,2026-02-14T21:22:40.482016
20559,Leaving Tonight,c9010c73-7280-48c0-a324-5541e62c22b3,SPOTIFY_ID_CORRECTION,DB SP_ID: 0p8dPSu0ZGzGYbOhWwenXS | Correct SP_ID: 6C0T7QMpmeDoDkke32Ctqb,2026-02-14T21:22:59.373378
20555,When I Dream,6fae2ce6-84b0-48a6-bde8-9f7fda24f0ed,SPOTIFY_ID_CORRECTION,DB SP_ID: 1Edh3VOHLVeeOTZjxojIOF | Correct SP_ID: 7BDw40dHkUqXCRKW3f0W0n,2026-02-14T21:23:03.054988
20566,History Eraser,09e202f4-4691-4403-9b29-ec10504bfcc5,SPOTIFY_ID_CORRECTION,DB SP_ID: 6hxyRVYSJO2wfZYFxbxUSc | Correct SP_ID: 3AhGzoArgchEAvG5t7UGV8,2026-02-14T21:24:00.768100
172,Supernova,4d037b0c-bd99-4352-8fb7-43993597f109,SPOTIFY_ID_CORRECTION,DB SP_ID: 58b0gBwBVjQfbbCU4xIvoy | Correct SP_ID: 5lKnZbdGCBViitE1Ce5TZh,2026-02-14T21:24:23.952819
20543,I Can Make You Love Me,90289960-3467-4c72-b558-a424dacf13b2,SPOTIFY_ID_CORRECTION,DB SP_ID: 4vhMQdAJz0NfR4i1jFPtPr | Correct SP_ID: 0ZOsChsUAuN6g0qbTfOvXF,2026-02-14T21:25:49.058811
301,Helena,5282bb72-1fad-475f-b691-27160a59783d,SPOTIFY_ID_CORRECTION,DB SP_ID: 5dTHtzHFPyi8TlTtzoz1J9 | Correct SP_ID: 5Oi4bcuLV8D3YJ6w4FBEUz,2026-02-14T21:27:10.068307
162,Musician,335727f3-7288-4905-97cc-1645bb535953,SPOTIFY_ID_CORRECTION,DB SP_ID: 6uyltToZgo3MDKhCJ7F8Wc | Correct SP_ID: 7k6jxIMMAcXjHnbbHmGC9H,2026-02-14T21:27:21.153231
477,Billie Jean,f980fc14-e29b-481d-ad3a-5ed9b4ab6340,SPOTIFY_ID_CORRECTION,DB SP_ID: 7J1uxwnxfQLu4APicE5Rnj | Correct SP_ID: 6vR5u5b8JeRESx5nZaIWx6,2026-02-14T21:30:02.970350
492,Cry For Me,433484b9-4d7d-47d8-a1bb-32a7a216b0f3,SPOTIFY_ID_CORRECTION,DB SP_ID: 4rVs9KjC3YVA7v54kVSHUV | Correct SP_ID: 2RhHct6gGXSrZ1zHjovhRq,2026-02-14T21:30:36.796091
945,ユーリカ,755fbd84-4e9f-41a7-b70b-dcaa0fee34a2,SPOTIFY_ID_CORRECTION,DB SP_ID: 7xNVhsx3lOMuyzsU0ujZVL | Correct SP_ID: 4bqIh6phL0rGaVMYCGwVS1,2026-02-14T21:31:35.196166
1057,Bury Me With It,15f5f2ff-7b4a-46b2-a40c-059803395228,SPOTIFY_ID_CORRECTION,DB SP_ID: 72zsr1jSMnaMPtl713jXeJ | Correct SP_ID: 5OyurLkQVrXM7I33eiF696,2026-02-14T21:32:39.710473
1164,What's Going On,5a80bd9b-4d50-4329-a392-005e9b4be48f,SPOTIFY_ID_CORRECTION,DB SP_ID: 3Um9toULmYFGCpvaIPFw7l | Correct SP_ID: 0YrykxgAlmbb0dGmQQ0kPA,2026-02-14T21:33:35.858508
634,Once in a Lifetime - 2005 Remaster,7ce86631-ab98-4814-b2e0-ec13f8a4d658,SPOTIFY_ID_CORRECTION,DB SP_ID: 38Ngied9rBORlAbLYNCl4k | Correct SP_ID: 2WM63pILSg6VzgCnu0OU6K,2026-02-14T21:34:30.009165
992,Transatlanticism,9472186f-ec6d-48d1-9a47-4bc6e922cffe,SPOTIFY_ID_CORRECTION,DB SP_ID: 4zBFQh3OBdtoRFWn2XRrIr | Correct SP_ID: 4LF1dMlOHe8VfmMut7YiIs,2026-02-14T21:35:32.490149
1315,Bloodhail,881e93d5-0673-47c8-a36a-ed20db0813fe,SPOTIFY_ID_CORRECTION,DB SP_ID: 6m73bog07XfeZcZF5njANA | Correct SP_ID: 5qZ4c1EBVWpmz1GBaks8Uq,2026-02-14T21:36:51.148425
1237,Don't Be So Hard on Your Own Beauty,168d57e9-0d5e-439d-8eba-bb0f3ae2bfd3,SPOTIFY_ID_CORRECTION,DB SP_ID: 2X2Qqr7oRqkRwNZfwFbcRL | Correct SP_ID: 1MgWwiWSF8UeoNfkxOOiGH,2026-02-14T21:39:07.087976
2143,400 metres,8d3c3a5b-89a4-4225-82f3-23a279479db5,SPOTIFY_ID_CORRECTION,DB SP_ID: 0SmtPChwINZXKymZwTnXys | Correct SP_ID: 25g6ueWaPNv6P4ZwkGDiiz,2026-02-14T21:43:34.265612
2208,Billyeoon Goyangi (Do the Dance),c75cd62c-e00d-45f5-a2ef-1ee9d594b952,SPOTIFY_ID_CORRECTION,DB SP_ID: 4p0uVFAXKUISu8yp9gNtWE | Correct SP_ID: 0kE7EmIBk3yv5G0ekyZpXu,2026-02-14T21:43:37.963229
2163,BURN,ef20e919-8a63-46ac-8fda-50fec589132c,SPOTIFY_ID_CORRECTION,DB SP_ID: 0he5Q9NQMMUigzpadM6oR3 | Correct SP_ID: 194uztQZdWMZutepG4ZkeB,2026-02-14T21:44:12.987912
2122,Drugs - 2005 Remaster,8e1dcc8e-7893-4db6-9deb-a9e913766177,SPOTIFY_ID_CORRECTION,DB SP_ID: 0OnQj8a27DzuNnTXSgOtq6 | Correct SP_ID: 31AKWEuEgdjoEzH5ygzwtn,2026-02-14T21:44:16.934287
2183,Just for Now,850aa908-f047-46f3-a190-d037feddf38f,SPOTIFY_ID_CORRECTION,DB SP_ID: 4erwYglMYF98sRWNH3hKRi | Correct SP_ID: 64kEBCPbeV06af3omyh1Ju,2026-02-14T21:45:10.358834
2552,"The Killing Season (feat. Kanye West, Consequence & Talib Kweli)",004f4ca9-6d95-417b-b1e9-c148528e5816,SPOTIFY_ID_CORRECTION,DB SP_ID: 0ztZ65BrWKvcPuQPR6LTZw | Correct SP_ID: 0rEtuUPpV8709Fp1iTF3K4,2026-02-14T21:47:41.838216
2559,Whateva Will Be (Feat. Consequence),4bc80107-32e8-4540-a653-60dc508a40a7,SPOTIFY_ID_CORRECTION,DB SP_ID: 3z40poMPmOkS6799tbXGKz | Correct SP_ID: 78DD19BBUfpNO5nCIa16ob,2026-02-14T21:47:45.517407
2539,Vivo Sonhando,20632050-b007-41bf-a8b8-981229f88fa8,SPOTIFY_ID_CORRECTION,DB SP_ID: 49vULP5jLOYcfcrl4vtq3T | Correct SP_ID: 4viMrEVQW6na0S3L8FmZSN,2026-02-14T21:49:33.512718
2640,Daylight Robbery,3ddd91b6-6a5c-4c3a-bfc6-c93ecfc52b3b,SPOTIFY_ID_CORRECTION,DB SP_ID: 3IiwnkUVNARbfvfOthVFE2 | Correct SP_ID: 6nGNMpgak3UBr1COSgD9vD,2026-02-14T21:49:44.374337
2754,In The Music,8283fe49-e24b-4a9b-96fb-58b9553df60d,SPOTIFY_ID_CORRECTION,DB SP_ID: 7aKwFwJPvt8kVkXZt970Mp | Correct SP_ID: 3dcbVgkrD32L8TATmmQTaO,2026-02-14T21:53:02.058259
2748,Clock With No Hands,a4f5bdf3-96bc-4ec0-8b57-57745c06dde2,SPOTIFY_ID_CORRECTION,DB SP_ID: 53hH6BXRNo0tDusyNBDrGU | Correct SP_ID: 0QBqHiW1USopX3eXNEK3Y9,2026-02-14T21:53:10.386882
2941,For Love,2b2d2898-1dc7-4ef6-9737-65e4d13a4e0d,SPOTIFY_ID_CORRECTION,DB SP_ID: 3KiKpbpJp9QKuTZb9ocfJi | Correct SP_ID: 5NhM7dgvKNtxL8hufBRi9q,2026-02-14T21:53:28.689518
2854,Valley in the Ocean,a82b585d-6ab7-442c-8d66-dd2e22f3149b,SPOTIFY_ID_CORRECTION,DB SP_ID: 5E6AoOwwAIbVqx9J6i7ccj | Correct SP_ID: 2iQ9MnanAnkmzU72nttIY4,2026-02-14T21:54:08.575724
2948,Uncanny long arms (with Jane Remover),5dbaa11c-3ef2-4c37-9609-af310f972205,SPOTIFY_ID_CORRECTION,DB SP_ID: 3j38fb5Pna0iFQhtUGuT8c | Correct SP_ID: 3jC2Ic2TzkF9MA7C3y6SDi,2026-02-14T21:54:12.229066
3034,Something has to change,4036a981-a2e7-4374-a0ad-3a3961d7d9b3,SPOTIFY_ID_CORRECTION,DB SP_ID: 2Am0Bt5tG6onx6esFhS8Ul | Correct SP_ID: 4L0PTCqqCzoeZPHvVqPCEg,2026-02-14T21:55:00.207574
3242,It's All Good!,daab7fe2-8ce4-4d49-aaa2-4e1b8535dc38,SPOTIFY_ID_CORRECTION,DB SP_ID: 0NuZ8KH3zOs5cXCe21wqYu | Correct SP_ID: 3RIuhbyqrP3IhU3JJ892xD,2026-02-14T21:55:14.838017
3038,Believe,16f83d73-4af2-468f-8183-0b8c359c6761,SPOTIFY_ID_CORRECTION,DB SP_ID: 3QPn2djEjTo0QFg083VIeV | Correct SP_ID: 5cvFePHQn46kDhgruTPV3M,2026-02-14T21:55:18.522337
3250,Pharcyde,68c904a3-e61e-466b-8a59-b665934d005a,SPOTIFY_ID_CORRECTION,DB SP_ID: 43hb8WhNDAbs305wDRxPMq | Correct SP_ID: 6jSlqSIpCQzANjd5qpkd0w,2026-02-14T21:56:25.449809
3341,Somewhere,c3ef271e-9463-4711-802f-5557bfb9396f,SPOTIFY_ID_CORRECTION,DB SP_ID: 7k7VJMTmOvBMaah12bWj1D | Correct SP_ID: 1fu519ip3zIht9Pr2l9aVM,2026-02-14T21:56:48.123395
3166,Township Rebellion,9e35c92e-60ae-4165-8e5f-08152b1018c0,SPOTIFY_ID_CORRECTION,DB SP_ID: 0WK0EqiidP6WEDOHK34HEe | Correct SP_ID: 4BOOsIe7Zx3SKJAEXgt1YH,2026-02-14T21:57:43.836830
3652,All in Me,872dea89-63e4-4f9f-8235-9144ed9648fb,SPOTIFY_ID_CORRECTION,DB SP_ID: 4TeJ2WEguqxkLPc23Cl1ui | Correct SP_ID: 0IwltOoFzxyxYZVnBWvMPU,2026-02-14T21:58:25.882406
3560,Crazy Sunshine,3395217b-6f40-44d3-bf62-2977183f1028,SPOTIFY_ID_CORRECTION,DB SP_ID: 6Wn8uKFac2kxDQpk26XORr | Correct SP_ID: 6DPjBZJ20TD4H0RX6Zyww3,2026-02-14T22:00:31.877563
3967,Soul Love - 2012 Remaster,c6380bfc-5a03-42da-82a3-f8d20422d0a4,SPOTIFY_ID_CORRECTION,DB SP_ID: 1bo6xzrCrK7ocEirC5rrZk | Correct SP_ID: 4J17j7QyaS04QK2QYSjaQ2,2026-02-14T22:02:08.462698
4340,"Deep, Deep",ff655f72-dddc-46d4-91ee-fe5a02268ca3,SPOTIFY_ID_CORRECTION,DB SP_ID: 5Fhyra25mZB8YqrAmprNlB | Correct SP_ID: 71zmhACsxU6kGNtZBWSiiZ,2026-02-14T22:02:33.478323
4343,Waiting for Black Metal Records to Come in the Mail,69f0c9ae-1a1b-4a3e-ba90-98e2f8655f8f,SPOTIFY_ID_CORRECTION,DB SP_ID: 2VQ0YLV6ZbyxNb3ofuHRQH | Correct SP_ID: 3uIA46kBcrbOII0DEXFfkI,2026-02-14T22:04:09.491787
4290,Act Won (Things Fall Apart),b3caafda-756b-4e97-a27f-5762d1be644f,SPOTIFY_ID_CORRECTION,DB SP_ID: 2T9t6UzL2HfzA8tnuve4uL | Correct SP_ID: 4x7uHC8or1AwVeRCh1mULV,2026-02-14T22:04:31.791654
4287,The Spark,3b1e856e-1a39-4c41-b5af-a5b16cc83293,SPOTIFY_ID_CORRECTION,DB SP_ID: 7JrAzmWddzmbKFE2E3MxMp | Correct SP_ID: 7sbrsYNmkBLGFaRCUSOLMQ,2026-02-14T22:04:35.558255
4284,Double Trouble,b110f947-af84-4ef0-8cf6-bb5575f078f7,SPOTIFY_ID_CORRECTION,DB SP_ID: 6j1dRRMCy18KC6JpcVTT30 | Correct SP_ID: 7frJEBqz0olVg8sQpXD5BF,2026-02-14T22:04:39.380403
4668,Nowhere,4185e9cd-bd5c-4872-a10c-1a27e43f0ae0,SPOTIFY_ID_CORRECTION,DB SP_ID: 3R3U4ICD1UzDKkimuHB7UH | Correct SP_ID: 767QNIUD7oMSeYPOqWpaee,2026-02-14T22:06:17.363143
4124,Hashtag,64dc9461-933f-4927-abe4-9a1fec850ac3,SPOTIFY_ID_CORRECTION,DB SP_ID: 6elIdNaGz2mDpG29cxdEGV | Correct SP_ID: 77MEmQgBf2ZyGc8zi1FDx9,2026-02-14T22:06:33.891413
4224,May This Be Love,50f2c8de-c740-4faf-aa22-f810ff8ac2f6,SPOTIFY_ID_CORRECTION,DB SP_ID: 1Y6Dv0tWYUP3Za2Es9FUL2 | Correct SP_ID: 3hVcpeEgubInQ5oUJDTC8b,2026-02-14T22:07:59.781565
4983,Looking for Somebody (To Love),05fd3e42-b32e-41e2-8cb2-661bc7999c23,SPOTIFY_ID_CORRECTION,DB SP_ID: 0eNfURq0r0oNSwFyw1VuVT | Correct SP_ID: 6hVJ1HAba6UjTeqvLQ9RXk,2026-02-14T22:09:57.643807
5183,Kicks,774ac730-b11d-4dac-b167-67277bb5d2fa,SPOTIFY_ID_CORRECTION,DB SP_ID: 2r3aku9lI12WHrFoFb26kq | Correct SP_ID: 1PmUIfUMECNhVsocYUz0nI,2026-02-14T22:13:20.946727
4885,Happiness,6455c416-97f5-438d-9183-d42f9102c9bc,SPOTIFY_ID_CORRECTION,DB SP_ID: 35lxFAny9XDBkvE6r9j4uG | Correct SP_ID: 2FAEca7UOU3w6AqwQ0eSqi,2026-02-14T22:13:35.768745
4980,I'm in Love with You,b9eeb565-0a66-4076-aa59-9b8b05a969e8,SPOTIFY_ID_CORRECTION,DB SP_ID: 12g9IeQzX7xECLNxz8dpb5 | Correct SP_ID: 0Scic4FpsSQ2c6kAY4YhPj,2026-02-14T22:13:39.420814
5408,Trigger Cut/Wounded-Kite at :17,72cc9670-635a-44d7-8763-1107d5a0b0f2,SPOTIFY_ID_CORRECTION,DB SP_ID: 6PZ7dOM7QOPhPPaC4JJP7K | Correct SP_ID: 2YNxktM7DIfOg0d8OKgU3o,2026-02-14T22:14:12.348595
4968,Unfair,5f9a58d8-14d9-4c30-b3b8-18df853facc1,SPOTIFY_ID_CORRECTION,DB SP_ID: 10ZQm8oJGYLJg0x8B0TPEZ | Correct SP_ID: 2H1M9LikixNUnE165Vn8ia,2026-02-14T22:14:19.704950
5313,Sanctified,05dfeea3-b6d7-469b-a5c9-c373ecf1fb03,SPOTIFY_ID_CORRECTION,DB SP_ID: 0hZpRFdaq34ykHEwvWbviP | Correct SP_ID: 7tl6M2QWHUsJtEXGQ9poUJ,2026-02-14T22:14:49.150167
5566,Hard Feelings/Loveless,10da7ad9-60ef-4ae7-b66b-dc79bb8dab15,SPOTIFY_ID_CORRECTION,DB SP_ID: 1Dp7JGFNjvg8Nk0CtMCcnr | Correct SP_ID: 63qxXTRmQUjZ9sxb6lKuRi,2026-02-14T22:17:24.989402
5563,Liability (Reprise),f5732adb-2bd2-4982-bcf8-854cfdb452e6,SPOTIFY_ID_CORRECTION,DB SP_ID: 6lFDB0BFDRV58qaQDX85jV | Correct SP_ID: 2oIDOl0I0nHPi1haUSAdfk,2026-02-14T22:17:28.709999
5823,Nasty,e9d0bff3-847e-460b-9ab8-28d009d07985,SPOTIFY_ID_CORRECTION,DB SP_ID: 7wCWK3AapKQoHZbghyIrP4 | Correct SP_ID: 6NjWCIYu1W8xa3HIvcIhd4,2026-02-14T22:17:40.959276
5572,Angel On A Satellite,c75227be-7296-4da8-9d0a-2d6d61804e45,SPOTIFY_ID_CORRECTION,DB SP_ID: 57C485VPv0kP1XASAwjEYV | Correct SP_ID: 4znSsVaknTY7CUQCuTUC32,2026-02-14T22:18:02.929127
5778,Passenger Seat,6dfcacb8-f767-43af-9645-9c9dd39eeb44,SPOTIFY_ID_CORRECTION,DB SP_ID: 4w5EQJUc3iNpMAT9v11VgF | Correct SP_ID: 2cNbz8Xabwbk8W5hC9oY6b,2026-02-14T22:18:40.996234
6100,"Lakers (feat. Ab-Soul, Polyester the Saint)",581cde6e-68f2-4d2d-8a9f-299f819c3ffb,SPOTIFY_ID_CORRECTION,DB SP_ID: 522oSSdYJqadyIK80MOOqz | Correct SP_ID: 7MgzwgfTKfGzaaMvbEMUA2,2026-02-14T22:19:14.893911
5576,She Looked Like Me!,70487029-1d32-4b7a-ba2a-acfe2462f312,SPOTIFY_ID_CORRECTION,DB SP_ID: 66st0nh6vlK7t2yzWfzmcA | Correct SP_ID: 2jewOf9C4YI8GNuAPMZ6hy,2026-02-14T22:21:26.712595
6554,Mr. Brightside,560062d0-e122-46be-9d89-0f3b44077fdf,SPOTIFY_ID_CORRECTION,DB SP_ID: 003vvx7Niy0yvhvHt4a68B | Correct SP_ID: 1tfSR1dvlFN6vll3INQyUa,2026-02-14T22:23:31.847265
6708,Perfect Pinterest Garden,95e03d53-d181-4215-ac91-65d718f2a83c,SPOTIFY_ID_CORRECTION,DB SP_ID: 1VD9irJC3S3cyKrYoq9ymL | Correct SP_ID: 47EudhkzYyaxvkvtPz1gtl,2026-02-14T22:23:39.253401
6551,All These Things That I've Done,2b4c50b4-4aa9-4387-9b18-f17d04410ef7,SPOTIFY_ID_CORRECTION,DB SP_ID: 5vollujufHY0jMZxx77VWr | Correct SP_ID: 3zZ5PWBHU9jXdxqqnXQEUZ,2026-02-14T22:24:37.611139
6485,You Know What They Do to Guys Like Us in Prison,c114100c-0fae-4743-84c4-13c004e880d0,SPOTIFY_ID_CORRECTION,DB SP_ID: 5bTuwAgYUD5MABOIPH8ZMt | Correct SP_ID: 7uehYZUZP2ToPlxI8pWiY5,2026-02-14T22:24:48.643330
6435,ナイトクルージング,039ac7d1-c69b-4d82-aa00-0ee64a614f8c,SPOTIFY_ID_CORRECTION,DB SP_ID: 36Thm3dOVuCR4SFyzwJioN | Correct SP_ID: 2h83qlweaa4jRK0BCZGojO,2026-02-14T22:24:56.010952
6613,You're so Great - 2012 Remaster,9011b1db-4b7b-4012-86e3-3207674c574a,SPOTIFY_ID_CORRECTION,DB SP_ID: 7x6FZTgWolJs8e2cHfeUbR | Correct SP_ID: 4y3pNkUkbBf7637qGxVlY8,2026-02-14T22:26:04.244385
6715,dullscythe,c2168ce6-1c09-4289-b399-5b0ea44097b8,SPOTIFY_ID_CORRECTION,DB SP_ID: 6ezauvJT4kX0UvmntXdGQr | Correct SP_ID: 66NKEODH1nihLpvTVnbd9e,2026-02-14T22:26:54.225913
6719,Look at the Sky,ea64cb82-6b4a-45a9-a4f3-2ad8b12556b5,SPOTIFY_ID_CORRECTION,DB SP_ID: 5lXNcc8QeM9KpAWNHAL0iS | Correct SP_ID: 7LMajLn4v2ZWmLcfE1a7DY,2026-02-14T22:28:37.681083
6711,Trying to Feel Alive,3b94155c-efa9-4811-9a12-83c6ea61ddc6,SPOTIFY_ID_CORRECTION,DB SP_ID: 5dIz2Q54yzcvyiXHRnvj4C | Correct SP_ID: 4W9c6wnc7ZNKiheIUMG6k7,2026-02-14T22:28:41.361598
6877,Suddenly,09cb52c6-ec69-40e4-80ea-6e78ffbd27bb,SPOTIFY_ID_CORRECTION,DB SP_ID: 3iVGnofSxjdDMaiL8hCNj0 | Correct SP_ID: 4DAKLRAIA4Cf8Dhi0tu5hn,2026-02-14T22:29:28.297504
7066,Holiday in Cambodia,f429d178-d6e3-4950-8ac1-52d933f49b15,SPOTIFY_ID_CORRECTION,DB SP_ID: 4hL16CY1B75JaHl0n9tZK9 | Correct SP_ID: 5fJzQlJIclkm37FdgM9aew,2026-02-14T22:32:08.910551
7197,View,ababf268-da30-4a32-a86a-d7902798cbd1,SPOTIFY_ID_CORRECTION,DB SP_ID: 46E1ic6n099e76t5J1TbHn | Correct SP_ID: 1o3vdIE0bTTV6yKTcR2hCT,2026-02-14T22:32:27.054000
7421,Countdown to Armageddon,8099c6b8-567c-47a8-8433-e03bdc164801,SPOTIFY_ID_CORRECTION,DB SP_ID: 6wRvPNeuGg2mQA4agcxlBb | Correct SP_ID: 2oarlR10iB6zYUu8k4XoNp,2026-02-14T22:32:34.696313
7414,Show 'Em Whatcha Got,77e48c23-cc3e-4b37-8c30-889fe7208cde,SPOTIFY_ID_CORRECTION,DB SP_ID: 2ZUVbi0fe0mkM6Tm4voOpK | Correct SP_ID: 3AfTCDoSCXs1Ng1gghNznD,2026-02-14T22:32:38.306195
7411,Prophets of Rage,0c978be8-4d63-4e8c-a970-16182155ede9,SPOTIFY_ID_CORRECTION,DB SP_ID: 2emmlzr9mAdzJdotPGyuq7 | Correct SP_ID: 3s3n2yEQrRFIZDrKnpHJvV,2026-02-14T22:32:42.152094
7321,The Working Hour,3eea9de4-c569-4ff8-9e63-d24efe5d5603,SPOTIFY_ID_CORRECTION,DB SP_ID: 7o5LibOSJmQuKD9LGZKoLr | Correct SP_ID: 23DKn3AP0fpx1aAYth2Pax,2026-02-14T22:33:27.187671
7553,On Your Side,2250aab5-b6ad-4d63-95b8-c5847d439818,SPOTIFY_ID_CORRECTION,DB SP_ID: 38o2v9G0hQYFIBfhklD19U | Correct SP_ID: 1HFwvkYsBkmHfjintlYaFZ,2026-02-14T22:33:52.617205
7866,let's go home,dbe47e27-67b7-4764-b9ef-53308bf2a6b9,SPOTIFY_ID_CORRECTION,DB SP_ID: 2VgmkxToWMaQVBLoPWfHix | Correct SP_ID: 7iR0pr6t3R9KBSCYoTHoVx,2026-02-14T22:34:14.835248
7407,"Sing About Me, I'm Dying of Thirst",f0fc2708-edfa-431c-80bd-305796cc5a48,SPOTIFY_ID_CORRECTION,DB SP_ID: 0sd6BRTa0O96tfEbFGhJF9 | Correct SP_ID: 3q2v8QaTnHLveAQzR6gvYm,2026-02-14T22:34:44.748062
7438,Forward to Death,eec261f7-33e5-4d0d-99e8-b070897a7130,SPOTIFY_ID_CORRECTION,DB SP_ID: 7CIF7XFbg2li3NUqfuV0TC | Correct SP_ID: 3MdQaGsbfEat4qH5zbw1M9,2026-02-14T22:35:36.377811
7689,Analog Sentimentalism - live,10d0d434-9f06-4ea2-8e49-e721a3606810,SPOTIFY_ID_CORRECTION,DB SP_ID: 7JIizg9JYfJqeZuHES8Z3m | Correct SP_ID: 2z5k538EVtieVyTxgcY9dV,2026-02-14T22:36:10.078648
8122,Ballad of A Poor Man,ee64593b-784e-413c-bc5d-960052f3b665,SPOTIFY_ID_CORRECTION,DB SP_ID: 6dyGMvMkHmCSCN72LUxOCB | Correct SP_ID: 2mscQv4sotZ8ANbnLSzKA5,2026-02-14T22:36:53.735315
8253,Uncover,e9066192-65d7-4693-be97-64b34e4f066e,SPOTIFY_ID_CORRECTION,DB SP_ID: 5MwA1bgPR2rGGRDqCuXYaI | Correct SP_ID: 2oFbMd0TcgUm7Df4Sx16h9,2026-02-14T22:37:08.339050
7648,Ghost Hardware,1ceb8b3d-fc7b-4b05-902f-2fec4170b9cd,SPOTIFY_ID_CORRECTION,DB SP_ID: 5m1VR5YlkswXMoHSmGWFqa | Correct SP_ID: 7uj1pV4317uyfCdlKNFoFu,2026-02-14T22:37:48.644798
8271,Radio Friendly Unit Shifter,ba6e1d84-179d-4651-9a3d-1e1dea53e888,SPOTIFY_ID_CORRECTION,DB SP_ID: 0W0s27FypnkXjJTJKUAnx0 | Correct SP_ID: 0FBIV0hKjffVxx4hZzJkum,2026-02-14T22:38:07.045263
8112,O Superman,cc17ad80-5d0e-4489-9766-ca4980debd47,SPOTIFY_ID_CORRECTION,DB SP_ID: 4KscP56ajumx12kuz62Zrp | Correct SP_ID: 40KG2FQeBh6yzdyi5OBSbb,2026-02-14T22:38:17.776373
8198,"buzzcut, daisy",1ed6a877-0cdd-4fcb-8073-916cc75dfdac,SPOTIFY_ID_CORRECTION,DB SP_ID: 0eNJWtZ8XBfYIPXPbtgCUN | Correct SP_ID: 1IHWMSs40XqfjcEc5JN9UQ,2026-02-14T22:38:50.738148
8275,Dumb,46f64cec-e517-4997-8dc8-909081a403ab,SPOTIFY_ID_CORRECTION,DB SP_ID: 5gRcv46AMTrosmTOqrOV3Q | Correct SP_ID: 7N38tly2IgqWB8AgblTHjq,2026-02-14T22:39:05.602345
8342,Roller Coaster,255d1643-2d74-4cf8-b5c6-51751bec9b46,SPOTIFY_ID_CORRECTION,DB SP_ID: 47ddsgWAC3q16lAmOSMTkr | Correct SP_ID: 1fP8o0lIaSIE5jEeblT8df,2026-02-14T22:39:59.999705
8334,Don't Talk (Put Your Head on My Shoulder),a815b842-2e9c-41d9-bd0b-aecc0c187fc3,SPOTIFY_ID_CORRECTION,DB SP_ID: 6BWZ4BPsftc9v7sUMFOAr4 | Correct SP_ID: 4BLOqDmmqkomgogV5smvhR,2026-02-14T22:40:41.008099
8605,Souvlaki Space Station,4c2fc4d7-1af7-4336-909e-1390fd847583,SPOTIFY_ID_CORRECTION,DB SP_ID: 03e9mpepwyHY6vfOuTptv8 | Correct SP_ID: 76JhicgPtW4zbN72tpnMyA,2026-02-14T22:41:06.782871
8603,Melon Yellow,dbbf3bb6-b553-4ab9-b3e0-d7d7f9aa516f,SPOTIFY_ID_CORRECTION,DB SP_ID: 6HDbazzz9BHKufmSfuLTVE | Correct SP_ID: 1G6E8yhilqdeZuduRrob1S,2026-02-14T22:41:10.458195
8240,I Heard Her Call My Name,44ca957f-73f7-49ef-b5b6-95832fa4f815,SPOTIFY_ID_CORRECTION,DB SP_ID: 6gWU8vBkkLE63K55eC8TMT | Correct SP_ID: 2Kvh9rYfJ7oczyCJZdzVPm,2026-02-14T22:42:16.768536
8332,Let's Go Away for Awhile,25c254af-8bea-4e06-a76c-629fcc454bbc,SPOTIFY_ID_CORRECTION,DB SP_ID: 1kl9i2FGtcO34whpvwZb18 | Correct SP_ID: 4wAe30ud0WBLmVA04yafrJ,2026-02-14T22:42:20.424271
8616,Karmacoma,bffca891-5f37-47cf-a38f-4ba51a4d8e0f,SPOTIFY_ID_CORRECTION,DB SP_ID: 46bTgJAQkrkNRxMuFnpRyD | Correct SP_ID: 3x70AjexU4TyUEK60mfNRY,2026-02-14T22:42:35.027597
9353,Endless Season,36c0452f-94cc-4a56-8198-07fccb257044,SPOTIFY_ID_CORRECTION,DB SP_ID: 3gNEUjzw7G2CauxXLeh9h3 | Correct SP_ID: 6vRo4VieIBhTacedVXNPs3,2026-02-14T22:42:38.642250
8031,Fables of Faubus,19809503-beb9-414e-b855-0c995927342f,SPOTIFY_ID_CORRECTION,DB SP_ID: 5RWzKLxXVzkJQ702yWfp1w | Correct SP_ID: 5LOuVg4hmwFjxTg47fOVPS,2026-02-14T22:42:53.281617
8910,Sugar Water,c2543dcd-9631-462c-a67d-f1e75f427b57,SPOTIFY_ID_CORRECTION,DB SP_ID: 2mQnPuVeoJXwS8p9J4JUIb | Correct SP_ID: 5E6LYC0c3jyfOpk3czgk7l,2026-02-14T22:44:11.444828
9126,True,c1c2a153-1e5c-4e4a-ba73-003deb3481bb,SPOTIFY_ID_CORRECTION,DB SP_ID: 7BUjC5SG76MMvncch4Ii9S | Correct SP_ID: 7LFGxmJcd3eyh9yVqpnBfO,2026-02-14T22:46:25.734636
8870,Backseat Freestyle,a3c6af59-af56-4d61-beac-032df8fc4015,SPOTIFY_ID_CORRECTION,DB SP_ID: 6fAyRZ0GHuuvSOEIOwi58N | Correct SP_ID: 3aGibUHhQyBsyumYHylw0K,2026-02-14T22:47:26.945304
9270,Olson (Version 3),9abe2036-6eb9-4af0-adf6-f9f5fef76f51,SPOTIFY_ID_CORRECTION,DB SP_ID: 0yWpgJfmwVTegK6fXt9tpJ | Correct SP_ID: 1UejHGKrz7g94qXiAsoNpV,2026-02-14T22:47:34.306948
9073,Painted girl's theme,e715afbe-d658-4bb1-8399-ba9702daad0d,SPOTIFY_ID_CORRECTION,DB SP_ID: 135HfFT1OW7704YRDrBFM1 | Correct SP_ID: 0a9dBKxFs5qLEnS6r02DGF,2026-02-14T22:47:52.532485
8920,Loner,b1b8f69a-98f8-4d04-ae03-c8f9285e33ab,SPOTIFY_ID_CORRECTION,DB SP_ID: 2YpPrnbC5eVqLmCXVapIDo | Correct SP_ID: 0ny6ofH1xx6bDGQGHhwEws,2026-02-14T22:47:59.984115
9144,Promise (Reprise),af65f06d-c35a-4d3f-9309-8452cefc262c,SPOTIFY_ID_CORRECTION,DB SP_ID: 3mUPqx1DdxVyqGDchokYsY | Correct SP_ID: 6dl9CLsX1YMILAq5qQgkIo,2026-02-14T22:48:51.248349
9138,Angel's Thanatos,50df6535-0088-4079-8fad-5abb739a5297,SPOTIFY_ID_CORRECTION,DB SP_ID: 7LiNSnDTUjGSMpCCsi5UYb | Correct SP_ID: 62mOfgNG59IIHjelscjljB,2026-02-14T22:48:55.031141
9122,Overdose Delusion,6f6351d1-1e99-4cea-8167-274be3a207f3,SPOTIFY_ID_CORRECTION,DB SP_ID: 0Ou4AFLwHr3BtB54awdy9f | Correct SP_ID: 1r2vjxG7JnunRTFnt5zkiN,2026-02-14T22:49:02.539431
8993,Better Things,12ee245c-d844-498c-ba16-8ed7fb76f604,SPOTIFY_ID_CORRECTION,DB SP_ID: 330IIz7d75eqAsKq1xhzXR | Correct SP_ID: 6zZWoHlF2zNSLUNLvx4GUl,2026-02-14T22:49:06.535597
9261,Digital Love,b80acf45-74f0-4031-9560-e54215d44c65,SPOTIFY_ID_CORRECTION,DB SP_ID: 5bRDSGmwZJsGG7tPN14fDu | Correct SP_ID: 2VEZx7NWsZ1D0eJ4uv5Fym,2026-02-14T22:49:25.137385
9272,Smart,9b8c07f6-f0b4-4b7b-9d92-5f503307baaa,SPOTIFY_ID_CORRECTION,DB SP_ID: 4lR8sYGMGZPvthF2yUfo7T | Correct SP_ID: 3lwK3WyKAI5bUuGY1OgGbZ,2026-02-14T22:49:36.245192
9360,Pulling Our Weight,e1770064-9335-4998-b242-b1b587c10ecd,SPOTIFY_ID_CORRECTION,DB SP_ID: 1TCndvaQb1rYS2YHBleXLN | Correct SP_ID: 2KWX50SqhAQrVjEQWaApVb,2026-02-14T22:50:34.138885
9259,Around the World,734bc44e-53f5-4fe2-a32e-4c5bbe05605c,SPOTIFY_ID_CORRECTION,DB SP_ID: 4NTnsmgHxlu92IlJqFwvoz | Correct SP_ID: 6XKvPNWlmnN0gJejCKm1k7,2026-02-14T22:50:45.119924
9363,Crazy for You,6c90cd23-5264-4f89-a917-e2ad59a874b4,SPOTIFY_ID_CORRECTION,DB SP_ID: 5154t1ROIfmVpNkIshh7Co | Correct SP_ID: 3gcIqknhltPEuekVMrP25o,2026-02-14T22:51:39.806285
9441,Do You Realize??,238a3a15-b98f-4149-9e15-c954d43e20cb,SPOTIFY_ID_CORRECTION,DB SP_ID: 2DFRFqWNahKtFD112H2iEZ | Correct SP_ID: 60eyxDTMQnCOyJjRMrNJbG,2026-02-14T22:52:05.737793
9128,Laura Plays the Piano,5ee7e72a-7538-4485-8be9-b0b04ea84353,SPOTIFY_ID_CORRECTION,DB SP_ID: 7nzMTPzZz6v8IHHHdOPzYZ | Correct SP_ID: 6BkaKcjPQPZCPRRf0fUugq,2026-02-14T22:52:20.581110
9629,Anytime Anywhere,b2a14d66-4418-4fe9-92dd-ec7299c973e3,SPOTIFY_ID_CORRECTION,DB SP_ID: 2EZl4e5eMMDy9DWtTnM7YD | Correct SP_ID: 7FeEiAWqWScpMFnlLSUvX2,2026-02-14T22:54:52.879276
9825,zero,9858796b-24ab-4de4-8570-35fe496e8108,SPOTIFY_ID_CORRECTION,DB SP_ID: 2fQANAik7jI16CL0FWHLvi | Correct SP_ID: 7nwzk0lVlyP8a6nDAIMrHm,2026-02-14T22:55:42.660974
10216,ソワカの声 (feat. 初音ミク),69159977-bece-409f-a663-c015a075d280,SPOTIFY_ID_CORRECTION,DB SP_ID: 2qglUFjo2NxgA2AuSsNvF2 | Correct SP_ID: 2qO3zl394KFynnXbt0Z89D,2026-02-14T22:55:50.019613
10160,Distortion!!,6a04afe4-cf2f-4052-a1e5-b6eea14eaefd,SPOTIFY_ID_CORRECTION,DB SP_ID: 5FwVziw6iZr778zD5e5HmK | Correct SP_ID: 3l8rIBKJUDQFqQfKvcpQ1w,2026-02-14T22:56:22.852960
10441,DogWalk2000,a98ac145-e4c3-480b-a573-7b1e29791c16,SPOTIFY_ID_CORRECTION,DB SP_ID: 7m2ImHlvuZj71xzSrCOhFc | Correct SP_ID: 4HA6DoLQdtbh84sX4HkXIf,2026-02-14T22:57:28.223469
10198,whitesheep walks - Groove Tape Mix,3798e3c9-dbf9-4027-a8fd-2c47a47c4a82,SPOTIFY_ID_CORRECTION,DB SP_ID: 0Rmb90a8xYbbQklDcYKtK9 | Correct SP_ID: 5pPxbTrJZEQLSjGhCz1uRK,2026-02-14T22:57:39.217838
10079,Because of You,33c51822-da03-4fc5-8e12-a77d42d55d02,SPOTIFY_ID_CORRECTION,DB SP_ID: 5IKkp9W9G0oZiyGU0lBZhy | Correct SP_ID: 304cvA1iMt7gyXLEcCj3tD,2026-02-14T22:58:19.588802
9940,Rudolph the Red-Nosed Reindeer,cba218ec-7017-46bb-99f6-9a6a7d3ebfb3,SPOTIFY_ID_CORRECTION,DB SP_ID: 5LTzAwq6Gpwl3HK7DQVere | Correct SP_ID: 47otoIkhx3fkdivEXL5OB6,2026-02-14T22:58:53.385822
10354,"KISSY, FACE EMOJI!",d93063c0-f968-4ef1-af75-a19c57a1542e,SPOTIFY_ID_CORRECTION,DB SP_ID: 5w4KWZatyMvra1cuekHTl3 | Correct SP_ID: 10cxshgq396HU1ilC31xru,2026-02-14T22:59:15.492946
10396,Theme of Metal City,9ce367c5-4812-4c8e-9f3d-9bfc9fd9ae1d,SPOTIFY_ID_CORRECTION,DB SP_ID: 4gHHKmYOkAFjhjCF23vElf | Correct SP_ID: 7sCdnrgWF5vQ9wIndj5iEF,2026-02-14T22:59:19.201629
10273,bonfire,2fd9808d-d644-494c-abba-88a80e6080ac,SPOTIFY_ID_CORRECTION,DB SP_ID: 6ZO96viUqhiRQpwxOYdwdE | Correct SP_ID: 67bFYUkeyR01cpvH4tE0dy,2026-02-14T22:59:44.405422
10792,daisy.,d89e7c94-643d-48a2-8bc9-b56966b0678c,SPOTIFY_ID_CORRECTION,DB SP_ID: 6vBr2tIHZKaMTpK7r99O3g | Correct SP_ID: 18gHmYZHV9JHZ0VUpjYlFs,2026-02-14T23:00:10.122908
10680,Sài Gòn - 1972 [Remastered],07f7b43f-f349-4b4a-89a0-742591894046,SPOTIFY_ID_CORRECTION,DB SP_ID: 5ofOa1yLqHHBJJWNsGMtnB | Correct SP_ID: 536bxsNSd62jTQQyzzZcEE,2026-02-14T23:02:26.813792
10952,FINAL FANTASY,d8acfd67-45c3-4aee-803f-1a7f573e8e42,SPOTIFY_ID_CORRECTION,DB SP_ID: 0il2x2D1EEMlk2SrLHwvM3 | Correct SP_ID: 7JDtr9BcPgqYyDla3G7DI2,2026-02-14T23:03:11.890690
10944,savestate,76576a84-b38e-40c6-8ada-b146ee19361b,SPOTIFY_ID_CORRECTION,DB SP_ID: 0HhbDVhv2L0RiwHqIfoLSh | Correct SP_ID: 2SZhtsnrixom6yObUQQmz1,2026-02-14T23:04:45.730969
11128,Lovefool,42f6cca7-10c3-46b0-8028-b27ba4f2d596,SPOTIFY_ID_CORRECTION,DB SP_ID: 7aQjPecQdIuNd1sz3KCDhD | Correct SP_ID: 5WrkxMKk7TAzdmfpruDKjk,2026-02-14T23:05:14.567637
11042,Chip and a Chair,2bdb939e-62eb-4fc0-a7c6-c06bf9331818,SPOTIFY_ID_CORRECTION,DB SP_ID: 6bUO3aJpv9pLfKHi40WkHo | Correct SP_ID: 6feK5XA8GM2GitCPWkn0cR,2026-02-14T23:05:47.888269
11633,PRETTY GIRL,f2c3b7be-a6b3-4c94-9053-a84a24b84807,SPOTIFY_ID_CORRECTION,DB SP_ID: 5TiGe89LNDwridBLbLBGgR | Correct SP_ID: 28GE60KLxobidYzuUHW6iI,2026-02-14T23:06:09.493644
11485,Hips Don't Lie (feat. Wyclef Jean),dafa327d-117a-4c81-86aa-751cf920af0c,SPOTIFY_ID_CORRECTION,DB SP_ID: 3d0WouFnFmr0K3kjeza3fF | Correct SP_ID: 2MvAVCemROwiNpznvgRBHH,2026-02-14T23:06:23.543756
11439,HOLDMECLOSE,9d76c9ea-8ddb-4a78-af44-538b0eea26a7,SPOTIFY_ID_CORRECTION,DB SP_ID: 1xsMnZKz487Rk34iwvjPJL | Correct SP_ID: 5dX8gouPlNStfvzoEc4K2O,2026-02-14T23:06:37.823927
11443,i threw a rock off an overpass and killed a guy,a5a9b7a8-4770-4da1-afa8-884f3ce35823,SPOTIFY_ID_CORRECTION,DB SP_ID: 5H0WfSN4BNdbkRgpYzQKan | Correct SP_ID: 1YEcWuxSowskA3A4uWKWFG,2026-02-14T23:07:10.599209
11386,I LOVE YOU HOE (w/ 9lives),0aced5c8-b412-4125-929b-ce9c7844169f,SPOTIFY_ID_CORRECTION,DB SP_ID: 0NaUT74rJ0NHS62fewzatU | Correct SP_ID: 5YF8uBmCTW4HXsI13tsQAO,2026-02-14T23:08:22.567689
11372,Lollipop (Bigbang),c9dc6240-d7e5-4411-abf9-a55c0aa95e5b,SPOTIFY_ID_CORRECTION,DB SP_ID: 6Q7TAXHQb7l5NnJX1cC6VF | Correct SP_ID: 2eDGx6nbrznlTmf6YMjrRi,2026-02-14T23:08:48.099004
11934,boogercore,a32383ce-0c1a-4ac4-a66f-e9e631e48845,SPOTIFY_ID_CORRECTION,DB SP_ID: 1ASXlrE7EARfE2NAXOVvAI | Correct SP_ID: 4kFLknEfzjn5udVE8Nl14P,2026-02-14T23:11:16.942473
11746,XOXO (Kisses Hugs),4b546f6d-a2f5-48e6-8370-9cffb1453d41,SPOTIFY_ID_CORRECTION,DB SP_ID: 0QGTIlPnRE8aYbkPTxPy97 | Correct SP_ID: 5qQOPASx8xLdYfyuk7OvWr,2026-02-14T23:11:37.713163
11759,Cecilia,f2fbbc03-7dbd-4bca-8019-500b8d954eb6,SPOTIFY_ID_CORRECTION,DB SP_ID: 6QhXQOpyYvbpdbyjgAqKdY | Correct SP_ID: 6h8XXLmzrk44gRmbNgF4qO,2026-02-14T23:12:03.204724
11983,Thnks fr th Mmrs,ada26bf1-1a82-4815-9c32-cd7e0efee913,SPOTIFY_ID_CORRECTION,DB SP_ID: 0bD5aCBb46dEtEVkv9hd1m | Correct SP_ID: 3Zwu2K0Qa5sT6teCCHPShP,2026-02-14T23:12:21.569549
12100,Ngày Không Còn Mẹ,02e6bb2e-3691-4a71-919e-4bab238b6963,SPOTIFY_ID_CORRECTION,DB SP_ID: 0VH2rXw0TdY1bb809STBbv | Correct SP_ID: 1RGA13K66cABN7nYek6WNk,2026-02-14T23:12:37.056531
12140,Te Iubesc Oriunde - Ai Fi,08503a53-b596-43bc-966f-fc7f5ef5c7f9,SPOTIFY_ID_CORRECTION,DB SP_ID: 6QFU4hCBzbYBuQTtBnrpyZ | Correct SP_ID: 5jsAsWJfHxfwCaoz1cSzRF,2026-02-14T23:12:45.310153
12158,Love Me Back (Fayahh Beat) - Sped Up,4f30a732-42be-4c58-a5b7-5edb0be739e2,SPOTIFY_ID_CORRECTION,DB SP_ID: 2cchY5dEYErRDF56JlMb7Q | Correct SP_ID: 5ZF6l3xKi3m6YK2dDXAsR5,2026-02-14T23:12:48.955009
12181,Aces - Sped Up Version,4d5c3489-51ca-4c81-9d03-37ec6b174c03,SPOTIFY_ID_CORRECTION,DB SP_ID: 658nfYRe5BooFpPZUyKqSW | Correct SP_ID: 3CA2aFAbTADOZzjlEL4QRy,2026-02-14T23:12:52.610056
12173,Le château,329f0812-fbc7-4973-ab52-8758094169c0,SPOTIFY_ID_CORRECTION,DB SP_ID: 3KhPLLQjXodVQU9FoIlCUh | Correct SP_ID: 1EL99pT69gxqtenCwr5EyC,2026-02-14T23:13:36.786921
12052,Na Na Na,d8cc062d-2c97-424c-900c-786d0be6d43d,SPOTIFY_ID_CORRECTION,DB SP_ID: 6pD9aI7y5dabrk8IHysjLx | Correct SP_ID: 2VUZapswRfqrlEW9RBVEz8,2026-02-14T23:13:44.141850
12319,Don't Recall,cee7eeba-8136-4710-a464-70d8a207eb6a,SPOTIFY_ID_CORRECTION,DB SP_ID: 2YEIUROEFibtWCoZ6G24LO | Correct SP_ID: 4b1sQpvL7QVgamRZ74F1oA,2026-02-14T23:14:23.934364
12525,Ropes,6882bc1b-8cda-45aa-b01e-fa9768742e98,SPOTIFY_ID_CORRECTION,DB SP_ID: 1eEg6c3d5l9MpOznu25AQM | Correct SP_ID: 7KtvWMw4LGWU1LGXbaA2lw,2026-02-14T23:14:49.725125
12043,SHAKE THAT SHIT!,90c5feaf-291d-4c34-b0e7-382646b184db,SPOTIFY_ID_CORRECTION,DB SP_ID: 15Ezyf6dzeAjitFylpUAae | Correct SP_ID: 5MMdVLYCGZThaqM0ybpPyd,2026-02-14T23:15:08.405132
12077,2 Baddies,a6eceebb-2bfc-428e-8c84-c6f7318f8444,SPOTIFY_ID_CORRECTION,DB SP_ID: 1OXO0Onox9F26Pp732HnsI | Correct SP_ID: 4kVflK6lUPYQJjFh9OsZ3V,2026-02-14T23:15:55.434219
12617,c'est tout moi,164ff26c-c8e2-4ced-bb47-c343e3c76e93,SPOTIFY_ID_CORRECTION,DB SP_ID: 748HHIZl397CSw9S1NTcIa | Correct SP_ID: 40seenwVuxin613nlxqREL,2026-02-14T23:16:05.982550
12621,look at the sea,9d276974-b2ce-4572-b263-5fe546fbaaf7,SPOTIFY_ID_CORRECTION,DB SP_ID: 3NL9vhW3losGqQw6O2n08Y | Correct SP_ID: 2cuw6PUYrXdImyzhB9D3tW,2026-02-14T23:16:09.614630
13158,Cotton Eye Joe,6d436fb9-4ec7-4141-9575-739b1e02a52f,SPOTIFY_ID_CORRECTION,DB SP_ID: 0Jg602cHeMCnPez9baacIe | Correct SP_ID: 764H9n7d0BPFUr39PBw9JU,2026-02-14T23:17:05.970019
12695,Overdose,0b44c47b-8045-4f3a-bfd0-ebbbd47bae6a,SPOTIFY_ID_CORRECTION,DB SP_ID: 2Dzzhb1oV5ckgOjWZLraIB | Correct SP_ID: 7b4fxkOA4NDr4tDylrb10K,2026-02-14T23:17:28.202830
12769,Sleigh Ride,16ff2963-dab6-48c8-a98b-18c842b70c33,SPOTIFY_ID_CORRECTION,DB SP_ID: 5ymVfeMK8cDew5vzntTuc7 | Correct SP_ID: 7tS4DXFRk9rU9cxln0Bg8x,2026-02-14T23:17:35.515955
13370,シュガーソングとビターステップ,ecbf2eef-f9f6-4a89-9756-d3592176f858,SPOTIFY_ID_CORRECTION,DB SP_ID: 6uR92injo4PDzSrOPRFfHt | Correct SP_ID: 6bfjEGSR7DyC8MK8cp3ZCp,2026-02-14T23:17:39.143170
13173,What's your name?,a92be8df-a7b2-486c-b42a-c88abba3d72d,SPOTIFY_ID_CORRECTION,DB SP_ID: 13xfTHyEclnBd7XAS1P5Er | Correct SP_ID: 2mH9KZHBtZNcVY6RmvUnHN,2026-02-14T23:18:19.256968
13128,Sparkling,a4eaad9f-df24-49cc-b3d2-fba11f013f5b,SPOTIFY_ID_CORRECTION,DB SP_ID: 1MDTGiU5Jwkv0IKcHpmto2 | Correct SP_ID: 5RFWsWGmwCW1dv34gehBix,2026-02-14T23:18:26.496229
12678,セツナの愛,191f002b-0ebc-4a25-8850-237b9fa6457c,SPOTIFY_ID_CORRECTION,DB SP_ID: 0OX0Z9CHqXvpYxXwf9LRIC | Correct SP_ID: 6GppTDfQGwYVT8N9mtUQA8,2026-02-14T23:18:44.802110
12899,Frosty the Snowman,247a0ded-40d4-4368-96a1-3e9c0d7e3026,SPOTIFY_ID_CORRECTION,DB SP_ID: 7n5m8nDAnyXo81tr4B3Bcw | Correct SP_ID: 3fVKtNebqqq3lAh7V33wvs,2026-02-14T23:18:55.733819
12589,I Am The Best,168fff5e-95d4-467b-a781-353b181f03ff,SPOTIFY_ID_CORRECTION,DB SP_ID: 26EM9sZnQkLLQxixGd88KE | Correct SP_ID: 5mjwKhtyajgeko0DVguURt,2026-02-14T23:19:18.373121
12951,Midsummer Night's Christmas,de07c2d7-e5df-41b3-9a42-5d28ca9ae240,SPOTIFY_ID_CORRECTION,DB SP_ID: 4WRd2UEhNPxKBCxIWUtX1f | Correct SP_ID: 6yT7Erljze0a5dNUtj15m0,2026-02-14T23:19:22.116420
12972,La Vie en Rose,0932406e-6567-4af6-9f2f-2229b03ef99c,SPOTIFY_ID_CORRECTION,DB SP_ID: 3WfaJhCL4p2JbdffJjV6Va | Correct SP_ID: 4wbaRQCvw5zziGfwATcTdy,2026-02-14T23:19:25.859734
13037,Are We the Waiting / St. Jimmy,34f6560b-c76b-4cb6-bbf7-9a2f92bd5772,SPOTIFY_ID_CORRECTION,DB SP_ID: 42d6bxB7OQ6f8ct2ihYNBw | Correct SP_ID: 5MqV2o7iLd0lNREZ7SYL05,2026-02-14T23:19:36.538733
13308,Mixed Nuts,c092cda8-1e57-409e-bffd-c27cb2e65a0a,SPOTIFY_ID_CORRECTION,DB SP_ID: 3RFL9hE5cBocBsjD5XLJLQ | Correct SP_ID: 3Xh6ZsVnfvM8LrD3xcIfpq,2026-02-14T23:20:08.548735
13418,Thunderous,fc1295c5-96cb-43f2-a29e-c4160e95fdb6,SPOTIFY_ID_CORRECTION,DB SP_ID: 0nwTMzpatarzvLvtwwzdCt | Correct SP_ID: 2mbBAQ8scszYD6g0mUlyAn,2026-02-14T23:20:19.267124
13500,Un Unusual Painting,a7e3b65b-31f1-465d-a197-293ab4b6f7df,SPOTIFY_ID_CORRECTION,DB SP_ID: 1PG3ytAkyimQ3w3jKJpeEj | Correct SP_ID: 79fzvoP5S9hpJk1QxDNgOq,2026-02-14T23:20:40.527074
13177,Above The Chinese Restaurant,fae37118-79b7-457e-91b2-6b02b28a6e75,SPOTIFY_ID_CORRECTION,DB SP_ID: 04cnoAgTzNnV1skGbWJeTM | Correct SP_ID: 2OcTokSU4FnEaIMpNSAh9F,2026-02-14T23:21:26.208783
13611,same stars,1a8ad8cb-a4a1-4b90-8c48-70b8de39c172,SPOTIFY_ID_CORRECTION,DB SP_ID: 0XFp0z42T0x3s3qxidqvTE | Correct SP_ID: 6NnERdTXOZVLNEJ0zvju1M,2026-02-14T23:22:34.442555
12921,As It Was - Spotify Singles,a807de84-4e02-4707-9de5-c7b3e99229a4,SPOTIFY_ID_CORRECTION,DB SP_ID: 1lUNlmwyhsJy6kXmmrO11t | Correct SP_ID: 2Xi2rN0Awghch9seTfDmge,2026-02-14T23:22:41.622036
14219,Time is Running Out,40f04250-6d23-4f88-902c-94ef1a1dd3ed,SPOTIFY_ID_CORRECTION,DB SP_ID: 0EdMqiKs9LKXhspeQhl4RZ | Correct SP_ID: 4MaxYHdwJf4WhTm1SlwtAB,2026-02-14T23:24:24.089476
14672,Play Date,70dc8a85-c8cf-493a-9f37-1b81c5e47511,SPOTIFY_ID_CORRECTION,DB SP_ID: 4DpNNXFMMxQEKl7r0ykkWA | Correct SP_ID: 5oDa9TpatXwG8JNPUE988c,2026-02-14T23:29:36.394017
14919,The Path of the Wind,57129034-b29f-414b-aa0b-783a1fe227af,SPOTIFY_ID_CORRECTION,DB SP_ID: 0ExpMJsij5SkRCAer41sGc | Correct SP_ID: 1cCMZ9BMm0Z2Jh7DqKlbsF,2026-02-14T23:29:50.508806
14538,Cool Girl,e6653077-5e52-4d9a-a835-d364766383f9,SPOTIFY_ID_CORRECTION,DB SP_ID: 0FSOenCj42lbikl1vd5ah9 | Correct SP_ID: 51ZW0OUvhcO0uyXR3E68bh,2026-02-14T23:29:57.598984
14531,If I'm Being Honest,5efb1dce-925a-40a4-ad1f-05fdbc3e7f39,SPOTIFY_ID_CORRECTION,DB SP_ID: 6MaknzNd585rY4P4pIyZiv | Correct SP_ID: 5K2cBicu96Pf4mrBv3Jojk,2026-02-14T23:30:01.304688
14717,the times we spent together,ab3265a1-f35c-4bef-83cf-7a3ef9646c00,SPOTIFY_ID_CORRECTION,DB SP_ID: 2Alw0mNglmeUaLy80sRY4F | Correct SP_ID: 6exDVg4GfVuDdP1qwLrtgg,2026-02-14T23:32:39.059535
14824,Daydream (백일몽),537d036a-baf3-4949-882f-9133fa34e035,SPOTIFY_ID_CORRECTION,DB SP_ID: 56sdcbPR74RxqmKVbQzJ8s | Correct SP_ID: 6MuYZSWPFpeGCW6rJdffOi,2026-02-14T23:33:10.987239
15186,Swimming Pools (Drank),2cf8887c-418a-4fb1-bd3a-4b130fd62360,SPOTIFY_ID_CORRECTION,DB SP_ID: 6REbwUNlppTfcnV4d4ZoZi | Correct SP_ID: 7frWizM5FgJkaUl1rXhVtO,2026-02-14T23:33:47.821313
15223,We Are Never Ever Getting Back Together,44b6ea5d-33dc-4374-bc4a-bb3309db2e5a,SPOTIFY_ID_CORRECTION,DB SP_ID: 1OYARuagDrpgNNQ4loO1Cs | Correct SP_ID: 0VwNdo84DaVYLIkbVO86ND,2026-02-14T23:33:55.191779
15102,Rainy Forest,78c8de89-8a23-422f-967d-84c836760848,SPOTIFY_ID_CORRECTION,DB SP_ID: 3s8mNqjYzdarWpsJR9LOUA | Correct SP_ID: 5ZOHhsgcOUuj0DMwPoplpu,2026-02-14T23:34:32.442523
15177,The Distance,d2bb7650-bdf4-476a-b74d-35345cc1dbfe,SPOTIFY_ID_CORRECTION,DB SP_ID: 0fsz7tJ7UKXT9hliLfO7aE | Correct SP_ID: 1szwDbVdIdoQq5mG5GXAmJ,2026-02-14T23:35:49.576218
15396,Rest Easy,dbb03059-b553-4b0c-b3b1-ac313c473e23,SPOTIFY_ID_CORRECTION,DB SP_ID: 0CRVf2yuH9FVxxiphYcrXZ | Correct SP_ID: 38VgdWXuWekoQftg8Ot5EJ,2026-02-14T23:36:11.156189
15249,A Feather 깃,93c7c307-6801-42bf-8b5a-17ed58e51107,SPOTIFY_ID_CORRECTION,DB SP_ID: 7Lc2sqwLjNwkwTMHen4jGs | Correct SP_ID: 3iSrnpA9oEVqOnSvipDVDX,2026-02-14T23:36:16.813724
15267,Crying Over You ◐ (feat. RM & BEKA),494b7a1a-a2c6-4434-abe3-90151e7f1193,SPOTIFY_ID_CORRECTION,DB SP_ID: 3NULjteyVVY9F7WrAXOZIG | Correct SP_ID: 7i1pavASRUZk62ejaUIESa,2026-02-14T23:36:20.604892
15436,I Was Lost Until I Met You,c56a5fdd-10b0-4b09-ac3a-03f4b159bd87,SPOTIFY_ID_CORRECTION,DB SP_ID: 2Ax7L8o7D4ITqkdPUV2icb | Correct SP_ID: 3mabFtHi9Wio5fFd3RlBEq,2026-02-14T23:36:45.895042
15529,Ctrl.,6f218a5f-765d-44b7-bba6-94cc9ecfc78f,SPOTIFY_ID_CORRECTION,DB SP_ID: 0tnTF05Tzd9oeG5bbnCdZy | Correct SP_ID: 4r4xZ9sqRy0kXe3PTsbwYA,2026-02-14T23:37:06.927335
15560,i'm trying,865d268b-310e-4141-9e44-4b7bf3cf42d9,SPOTIFY_ID_CORRECTION,DB SP_ID: 13RuI3Mz2mfA9OaNM2Njs2 | Correct SP_ID: 4PG8VWfC0FtvGfl4sCrrnf,2026-02-14T23:37:10.525922
16063,I Don't Love You Anymore,e0f6b7a0-f13b-43dc-b29c-28a03cd53c0c,SPOTIFY_ID_CORRECTION,DB SP_ID: 6QOVWoZUD3IEszbfO46mYW | Correct SP_ID: 1dBAyvabnsaSIe5tTMiJA3,2026-02-14T23:40:17.285714
15640,Whynotzki,9ce4fe96-1d36-4661-9cd8-46d0f7986449,SPOTIFY_ID_CORRECTION,DB SP_ID: 5Cylrtd9PaFcl3q57mYAHG | Correct SP_ID: 2U4KB7Og6kLsdT5XGM7umj,2026-02-14T23:41:07.328277
16344,Bliss,f69399e8-2d50-480a-af30-cd21ccb4e3a9,SPOTIFY_ID_CORRECTION,DB SP_ID: 30uAtblH8u7VYcYGGZMIPz | Correct SP_ID: 3RbEVhNhndnaE2JbCQCRi6,2026-02-14T23:41:50.141396
16080,bedroom,4d879bbf-debc-4a8b-be02-54189e38d826,SPOTIFY_ID_CORRECTION,DB SP_ID: 3V8ELNE06T87kkrYnXg4od | Correct SP_ID: 6OVDMQuTiYAMeIGLMgQo4d,2026-02-14T23:42:45.177811
16097,I Don't Sleep,d1106418-e226-4ffc-8ca2-670e58aab9cf,SPOTIFY_ID_CORRECTION,DB SP_ID: 0f0gfm6wHjhqrBMHBn9Ajr | Correct SP_ID: 5R5qOkff92hNncknpTm0Bf,2026-02-14T23:42:48.823144
15922,Infinite Memories (Memoriae),fc00ca5f-226b-4b20-8c10-ed4e6e5ebf5c,SPOTIFY_ID_CORRECTION,DB SP_ID: 2POBW3TjzcL78imaXKFktw | Correct SP_ID: 4XQ0l59e5pi6DGJBQc4bUn,2026-02-14T23:43:49.581505
16659,Call me,c9bdaf06-d990-4d3f-ad4b-af6ff35f995c,SPOTIFY_ID_CORRECTION,DB SP_ID: 1tZQJiCrjMuWZkNdtClr2Z | Correct SP_ID: 48Ltu18o0gZ5M6bpPujrnX,2026-02-14T23:44:18.114757
16791,Sunflowers,5e1b0a24-5066-4bd2-8a6c-8ee346bd4b76,SPOTIFY_ID_CORRECTION,DB SP_ID: 58mzLRqVTdGH2kL7d6tZel | Correct SP_ID: 0G6icYJMaylXLYMCUQWYjt,2026-02-14T23:44:39.888378
16568,Joy to the World,3a3a9ff0-91a6-4d1f-8b3d-56a7308b3535,SPOTIFY_ID_CORRECTION,DB SP_ID: 5PKxoJ4rLtOhQOmI2hGD6d | Correct SP_ID: 28vlppNXOSeMYi6Mwou6qs,2026-02-14T23:45:11.691707
16759,Dracula,eef12f70-f8fa-447a-a706-9645eb14be65,SPOTIFY_ID_CORRECTION,DB SP_ID: 2acy7zzNEjWMpY6mg91h5N | Correct SP_ID: 1q46abSg9XA5cPN2IhQYae,2026-02-14T23:45:22.964279
16872,Forget,10a4a37b-a8b5-4ca0-9f17-19d15f56b1fc,SPOTIFY_ID_CORRECTION,DB SP_ID: 4x38Kq6n3Jop4lyE3LWbF1 | Correct SP_ID: 6W6Mx9QBDK9lhvZspHOcHQ,2026-02-14T23:45:34.348189
16364,bellyache,5f943be1-99d2-401f-8814-bebe048d1e3c,SPOTIFY_ID_CORRECTION,DB SP_ID: 1ni8ZTAY1GHXEFOGHl7fdg | Correct SP_ID: 51NFxnQvaosfDDutk0tams,2026-02-14T23:45:46.285200
16709,Night Hike,510e2fb3-c796-4935-a92d-152b9f19f6d9,SPOTIFY_ID_CORRECTION,DB SP_ID: 2kUONs7uen9rwtrW1DKGui | Correct SP_ID: 6RtMR9jRAs4QfVBEZiErIZ,2026-02-14T23:46:04.503945
16543,november,e6cec388-58d3-4fa6-8f89-82666ab21f14,SPOTIFY_ID_CORRECTION,DB SP_ID: 0zshInE5rSUmAv8oskSu38 | Correct SP_ID: 1kVXU0Lp4Tjg3bRMeW3qzr,2026-02-14T23:46:31.922299
17229,LOVE ME LOVE ME,1145e44c-85f1-4165-a8a9-40ad4dd7e6da,SPOTIFY_ID_CORRECTION,DB SP_ID: 5hlqtwCuRf3QchUjjw9iua | Correct SP_ID: 0y4c7qajdQDZ55PZ7RkwyG,2026-02-14T23:50:28.516148
3576,30 For 30 (with Kendrick Lamar),ff6f92ea-4035-492f-a68f-867f4eaba94f,SPOTIFY_ID_CORRECTION,DB SP_ID: 3rXZ1j7QTXphBCavJDBZXz | Correct SP_ID: 3aSWXU6owkZeVhh94XxEWO,2026-02-14T23:50:46.309473
17164,I Will Go To You Like the First Snow,7066e02b-4f64-4815-b8fa-b3918d6a444e,SPOTIFY_ID_CORRECTION,DB SP_ID: 2BPXILn0MqOe5WroVXlvN1 | Correct SP_ID: 6pT0oPsg4NnpnVizItC4eU,2026-02-14T23:50:55.117323
17268,begin,bab68a83-f03c-4688-8a06-b891e2d6ee75,SPOTIFY_ID_CORRECTION,DB SP_ID: 72J7xykHcrrqhXPwNs4MSk | Correct SP_ID: 4QJb9HODQ3ufEE15bMTttb,2026-02-14T23:51:09.403929
17289,avant g,15731cdd-ac7a-4894-bb7a-bcb04bfa8970,SPOTIFY_ID_CORRECTION,DB SP_ID: 50NZRDEqzgWBFB2qw2Ro0P | Correct SP_ID: 2Kx1hTUNaGkkhGCBzbcbDQ,2026-02-14T23:51:13.143504
17387,Calming Forest Sound,a9721d6a-9662-4e9f-b87c-b51cedb77fce,SPOTIFY_ID_CORRECTION,DB SP_ID: 5QzFhfsgLVN9UKyfGV3RH9 | Correct SP_ID: 6jQVZ79YkvARQaNWBf5Cqi,2026-02-14T23:51:23.942079
17437,Easy Love,2cd3902f-e60b-42c1-8b35-ee7982343dab,SPOTIFY_ID_CORRECTION,DB SP_ID: 3C0bt8wqscqmNTtwUuOzDZ | Correct SP_ID: 7HVQUsgpDkpgL73SQfwgG8,2026-02-14T23:51:35.217976
17549,team vacation,2b154367-2ee0-4039-a104-c8e2efd2ab61,SPOTIFY_ID_CORRECTION,DB SP_ID: 0ka53WobisTHJFMsxvhcMO | Correct SP_ID: 5POVM99Xulitw9WXxgnbUA,2026-02-14T23:51:46.122670
17552,billboard,77f5c11b-5fbb-4bac-965d-ce58cbadafdf,SPOTIFY_ID_CORRECTION,DB SP_ID: 4fy2o6Zj6sTWqrFnf27vbF | Correct SP_ID: 5Q4SumyjvgOeqqpghhR32a,2026-02-14T23:51:49.886981
17704,hunting for pearls,cce0e1da-5b98-419f-bffd-bde8a5e34880,SPOTIFY_ID_CORRECTION,DB SP_ID: 7yM2pWy4ZDWov1BeK8ER7c | Correct SP_ID: 63hspXOtnFpdRAEgMMs9im,2026-02-14T23:52:50.114752
20829,appears - Armin van Buuren's Rising Star remix,5be39d1b-d029-487b-812b-67e07d2d3ea4,SPOTIFY_ID_CORRECTION,DB SP_ID: 2kDrBR6qiDu7gPlTuvaoSy | Correct SP_ID: 0WwyPX3G7SZsDpfXWHkvnW,2026-02-14T23:54:53.376563
17777,Teddy Bear,b254faf6-a3c5-417a-bf64-6e874d08f23d,SPOTIFY_ID_CORRECTION,DB SP_ID: 10Lu5P0waAD6jc9u9HycU0 | Correct SP_ID: 2PSP9nIsXjzitsBcKzhG3F,2026-02-14T23:55:11.885793
18287,Beat Organ - Radio Edit,11b50c43-c479-4ced-bbf4-5580c9e3cfc3,SPOTIFY_ID_CORRECTION,DB SP_ID: 4HbaSPG6qPH8PrBch3ojya | Correct SP_ID: 0mXxMDd5IjiWIPOkQDTX95,2026-02-14T23:56:00.189723
7993,Brakhage,3e275ef0-5e99-4abb-ab94-99db2fb14742,SPOTIFY_ID_CORRECTION,DB SP_ID: 6Wi3gizHOtRi7DSsX3XWZA | Correct SP_ID: 58Vla2pYrPtGZkp3lFJzB1,2026-02-14T23:56:03.961054
17970,Kimchi,86eeb404-8169-407f-b55e-7c91966d6843,SPOTIFY_ID_CORRECTION,DB SP_ID: 1JcttijKmTEGmmmDwdYAmZ | Correct SP_ID: 0KA1f0WmKpFMFVnTj7eVYt,2026-02-14T23:56:18.395823
17944,Without You Tonight,fa0452bf-25e9-4b37-8156-dd005e10f1a2,SPOTIFY_ID_CORRECTION,DB SP_ID: 0ka92RRIMbxoFAEsXniH2S | Correct SP_ID: 6rC8HnA1TjX6vQnOqfG54c,2026-02-14T23:56:25.873689
18014,The Closer,c22344dc-914c-4aeb-a985-1a287cbfdc41,SPOTIFY_ID_CORRECTION,DB SP_ID: 7bl8WN6vpwd7JI5fNlAlHb | Correct SP_ID: 7FGZHwYYUIFDb5OuQ1pbyD,2026-02-14T23:56:53.182857
18087,Spoiler,7a3a1b61-0374-4dc9-8f67-28f6f20a28d3,SPOTIFY_ID_CORRECTION,DB SP_ID: 2jv2Em33WMMw6Jl1L1RNJJ | Correct SP_ID: 5uvH7hJNeypXHQw445DtVl,2026-02-14T23:57:11.054975
18035,Nothing Like Us,7857c3e5-55fe-4044-afcb-389d2403f157,SPOTIFY_ID_CORRECTION,DB SP_ID: 1MK9VSvdx48aGDAfL0y2Qq | Correct SP_ID: 30Co9eN7JHPf1i2wEyVSMJ,2026-02-14T23:57:43.303205
18314,The Firebird Suite *: Danse infernale du roi Kastchei,24c6b120-351c-4ce6-89ca-6b4dc5caf2e6,SPOTIFY_ID_CORRECTION,DB SP_ID: 7LSiK4JbT32OpGM5J1FWFV | Correct SP_ID: 3L50jkbM2khnw7pwzIjdzR,2026-02-14T23:58:19.788120
18481,Up & Down,fc5b1c5e-9dfa-495a-be04-7c99ad90ab62,SPOTIFY_ID_CORRECTION,DB SP_ID: 6BKOhvRPY54uvfqWwg7MKi | Correct SP_ID: 4SP4UgTnbW6AaXwU7Wuki2,2026-02-14T23:58:34.564641
18176,Everybody´s Got to Learn Sometime,b5843622-054a-4e49-83d4-161ae81e4915,SPOTIFY_ID_CORRECTION,DB SP_ID: 5QvH2wxEnewLZC4PUMNaUF | Correct SP_ID: 3PhCayYijNrFkHzJyXNemg,2026-02-14T23:59:06.592910
18841,Sick of Losing Soulmates,b7cf06fa-624b-4b2e-9458-3470acdfae29,SPOTIFY_ID_CORRECTION,DB SP_ID: 7a9udNo0GU97xnMAkjLdmE | Correct SP_ID: 4hjbxjZpJ8H6qRCzDOGI0M,2026-02-14T23:59:21.480890
18344,The Way She,9d6b4daa-4387-42ff-8cf5-425b5535f274,SPOTIFY_ID_CORRECTION,DB SP_ID: 5RgYUi7PcULAy2GIz6hNaD | Correct SP_ID: 2hHGeCDecth8ebGUoaaRVK,2026-02-14T23:59:43.314117
17941,Being in Love with U,667a65bf-cb64-488d-ace0-305924847753,SPOTIFY_ID_CORRECTION,DB SP_ID: 6q7W2uPixJyakA5p975gKx | Correct SP_ID: 0OKYMc68Fb9kF5SeUhlFWp,2026-02-14T23:59:46.939457
17931,Smoking at Midnight,aa0519a9-5d11-4a3c-9c95-ccd29b45e70b,SPOTIFY_ID_CORRECTION,DB SP_ID: 6Idwh8paaRWCj5JQAAw2Zl | Correct SP_ID: 6WaFy8wnEVC1Jm6jnOMzK5,2026-02-14T23:59:50.681261
18658,Summer Whisper,2746dd6d-a961-4807-9f1c-980d6e13b084,SPOTIFY_ID_CORRECTION,DB SP_ID: 6gPRwNNbefDeR95H4xxcHl | Correct SP_ID: 6u6KGLP1ht3CFEqxhDpaTs,2026-02-14T23:59:54.327080
18893,Di Mo Lang Alam,3c9ee817-3511-41ab-9ab5-6c7dca9f7da2,SPOTIFY_ID_CORRECTION,DB SP_ID: 1qKxeELJ2nEpHLErJTQKxd | Correct SP_ID: 4oys3nfLorG9bZK8N2dxHc,2026-02-15T00:00:01.558941
18536,Bad Decisions,bde87b39-094f-4336-9120-a73c8c48a118,SPOTIFY_ID_CORRECTION,DB SP_ID: 3xdbdas1MXVcK1CkPRCrJq | Correct SP_ID: 6khWVVWU5C4nJQCiZCQqyg,2026-02-15T00:00:08.903246
18520,BABY I MISS YOU,31337394-ba67-45e1-9531-465210544e69,SPOTIFY_ID_CORRECTION,DB SP_ID: 60TZeeWDjgaJlMOtKEIuXO | Correct SP_ID: 0FI033zyupbuwUIZSXvfq8,2026-02-15T00:00:41.051079
18752,Good Night & Good Morning,e43f34f2-347d-434a-909b-502603b6bd04,SPOTIFY_ID_CORRECTION,DB SP_ID: 0NVVhEoX2yI0oOEp6hpiiC | Correct SP_ID: 10ImiBFxSpB5BFO8LipP1t,2026-02-15T00:00:49.053029
18527,Black Hole,7ab9e021-0cf3-4d83-ba13-d478c45ab0b6,SPOTIFY_ID_CORRECTION,DB SP_ID: 2M0zN9mZYKV421SQfRt7Lr | Correct SP_ID: 1SPX6Np13QyoLF1qdlLl6C,2026-02-15T00:01:28.536640
18533,Love Sick,2e57ffa3-2655-4cd5-866c-0662a0771c1f,SPOTIFY_ID_CORRECTION,DB SP_ID: 0DAhl62IlDoRRgKWqxBC57 | Correct SP_ID: 7GQGxxjku3NdnjZELQwMbF,2026-02-15T00:01:39.340183
19346,Heartache On The Big Screen,742c92d7-1469-4b7a-bb95-c2e90a861b7d,SPOTIFY_ID_CORRECTION,DB SP_ID: 64cDZkFKZNyzZ4gczl9qGk | Correct SP_ID: 2KQ9Cqhyz8053sl9jjdjZD,2026-02-15T00:01:54.764812
19055,Christmas Dream,1ea16ef4-2510-481e-b717-dd03b638fd7d,SPOTIFY_ID_CORRECTION,DB SP_ID: 6tUMdozpJETJYMjbk54LjA | Correct SP_ID: 3C8YZhKYwC2aVyNpnxBdWl,2026-02-15T00:02:08.992291
19357,Overture - (The Nightmare Before Christmas),f09c28f1-f7a8-4535-ab05-d98fb3726e29,SPOTIFY_ID_CORRECTION,DB SP_ID: 4r2IPR6tLBgF1dl2FqcPfF | Correct SP_ID: 3sYwCEOOz7OZEoLZjQpM7g,2026-02-15T00:02:34.330953
19139,Just One Yesterday,42d87701-c73a-43a6-ac56-ed08726256a2,SPOTIFY_ID_CORRECTION,DB SP_ID: 0l2p5mDOP3czJ2FpD6zWie | Correct SP_ID: 5OMCffelD9cnJCgG3xnHzU,2026-02-15T00:04:24.630173
19253,Memories,5d50186e-e284-4aff-9190-51502e10e518,SPOTIFY_ID_CORRECTION,DB SP_ID: 2EEZdCeGp095urJDE3wEpS | Correct SP_ID: 67rc7VmaiZg3AoEhih9Osm,2026-02-15T00:04:35.460164
19274,Lips Are Movin,18b7683b-e085-44d6-a4db-358d6284f51f,SPOTIFY_ID_CORRECTION,DB SP_ID: 6gj08XDlv9Duc2fPOxUmVD | Correct SP_ID: 3fNaQSMgFrYTkTshRX7J1u,2026-02-15T00:04:57.701771
19349,Nabbed,0e963b80-1401-4e7c-8da7-96da7c0cd6c0,SPOTIFY_ID_CORRECTION,DB SP_ID: 3ksu00d3upBmtytFqdBpeD | Correct SP_ID: 11vrQj1I2XWt7ul8O2WTw2,2026-02-15T00:05:04.929378
19337,Lose It,7ec2571d-46d0-4ab1-abd0-7850a7217851,SPOTIFY_ID_CORRECTION,DB SP_ID: 2QgNcjwEn0vGmTommfszQd | Correct SP_ID: 6ceK78tdXAyBiVZylnhs4J,2026-02-15T00:05:08.624924
19401,Young God,4c330eda-2dbd-40a7-8eef-49d864d7f514,SPOTIFY_ID_CORRECTION,DB SP_ID: 0L9XOBm0fS13CgeF3HZg30 | Correct SP_ID: 5x2XIAdvFxWCwIOMNkbWUj,2026-02-15T00:05:46.245365
19640,Six Feet Under The Stars,10296244-4b61-4d0d-9210-f1aef6c57147,SPOTIFY_ID_CORRECTION,DB SP_ID: 2eEg89zVBgDDQbm4omamd7 | Correct SP_ID: 3MfRql0HwuxEZzGpoIC832,2026-02-15T00:05:50.006506
19059,It's the Most Wonderful Time of the Year,c23e6045-09d3-4936-a3ed-3c122e02d76e,SPOTIFY_ID_CORRECTION,DB SP_ID: 5RPVSzZW6R0pUza8Hs2sC7 | Correct SP_ID: 4UBdJOMMNJ7NCULON4uZM4,2026-02-15T00:05:55.716668
19858,Photograph,7dcbc1be-4257-4d64-b915-045dfb23ae88,SPOTIFY_ID_CORRECTION,DB SP_ID: 1HNkqx9Ahdgi1Ixy2xkKkL | Correct SP_ID: 6fxVffaTuwjgEk5h9QyRjy,2026-02-15T00:06:47.517097
19046,Jingle Bell Rock,762554a5-f2f3-4438-91eb-4bcb0c810e03,SPOTIFY_ID_CORRECTION,DB SP_ID: 5r1RRIizK2WACdbjQTDSss | Correct SP_ID: 0MKnGJzNdEqOscI6xu9R3m,2026-02-15T00:06:58.805133
19637,Backseat Serenade,afccd217-c0cc-41aa-9fae-5b261d970fb0,SPOTIFY_ID_CORRECTION,DB SP_ID: 7dv7zzot4FkA9ovZ51yWyE | Correct SP_ID: 47eL0bckn5g3k5VBwgu969,2026-02-15T00:07:06.234936
19539,I Wanna Get Better,041c52cd-272a-4f69-bbad-ac02b4c02b18,SPOTIFY_ID_CORRECTION,DB SP_ID: 4SlXMs0sNjviAcYPx9hR83 | Correct SP_ID: 1BwhFXqoIsePt21WyWIttb,2026-02-15T00:07:39.480117
19410,New Americana,865787a4-74df-4981-82dc-225e92213634,SPOTIFY_ID_CORRECTION,DB SP_ID: 3UhxppZQkfk9WniMtjpESF | Correct SP_ID: 6Xs7OKt6i0Ddq8B4M5Dgvr,2026-02-15T00:07:43.366351
19577,Out of Time,26c28f47-5084-42a3-9ce8-1147312ab2ff,SPOTIFY_ID_CORRECTION,DB SP_ID: 1tYQlLQVzw9LchdhyKpapE | Correct SP_ID: 79PrPZu9zWyc1qwUwXchVl,2026-02-15T00:07:47.014532
19881,Tenerife Sea,2ec68f9f-e687-47ed-b867-e9b575f482d6,SPOTIFY_ID_CORRECTION,DB SP_ID: 1HbcclMpw0q2WDWpdGCKdS | Correct SP_ID: 6vSwxzO2Qf4BinHSXRwZJe,2026-02-15T00:08:01.895460
19841,Never Gonna Change - Live From Spotify London,4b91f47c-71ab-47a2-a96b-5523fc6fcd9e,SPOTIFY_ID_CORRECTION,DB SP_ID: 1zkfXws7QWAlqf1aq8oE4P | Correct SP_ID: 6U8VHaQxzECez4TSt0nmiP,2026-02-15T00:08:40.900632
19964,White Christmas - Live,b5a1cf6e-7959-46e9-89c8-50112346225f,SPOTIFY_ID_CORRECTION,DB SP_ID: 55H487szLjUo5X1acjOjLo | Correct SP_ID: 3IR1fBALVyyQ2eylCFsACM,2026-02-15T00:08:51.434440
20045,Searchlights,7edff652-61cd-48ac-a233-7e86b9586db4,SPOTIFY_ID_CORRECTION,DB SP_ID: 3wEC0Aqn87MdJiocJrNrvA | Correct SP_ID: 5fsclSzzCP3xUZLg5QYFnK,2026-02-15T00:08:55.172602
20054,Awkward - EP Version,cbb1ab02-eadc-4bc7-a883-d5d6f6e73879,SPOTIFY_ID_CORRECTION,DB SP_ID: 3qjF2EzZ7Kx0VD1AooRFjy | Correct SP_ID: 6HjQ1DZDI3HmtedNcjxxJJ,2026-02-15T00:08:58.971455
20000,People Help the People,7bf95a3e-34bc-4e22-ae6e-d11432c694d8,SPOTIFY_ID_CORRECTION,DB SP_ID: 6XRNCAnxJIB1p4RPdFVSq0 | Correct SP_ID: 0YywjDvFudcaHG74NuWISy,2026-02-15T00:09:10.375943
19835,Everything I Didn't Say - Live,f1befaf4-2025-4ebc-968e-50733840b49f,SPOTIFY_ID_CORRECTION,DB SP_ID: 6AHGpQ8RWENHlOvNVIROQh | Correct SP_ID: 6s74UWM63X9K3koAfU9KUl,2026-02-15T00:09:52.283980
3031,Halloween,636674b0-b096-4d9a-a813-0810a20887ae,SPOTIFY_ID_CORRECTION,DB SP_ID: 2jnnxxjgrlFnaeoL4EyKr5 | Correct SP_ID: 3sJhGM4YEVB9ESNEYkHAW2,2026-02-15T00:10:01.714633
20018,Trumpets,51f21966-5d55-4525-a179-1bdd24f7ab63,SPOTIFY_ID_CORRECTION,DB SP_ID: 5KONnBIQ9LqCxyeSPin26k | Correct SP_ID: 68F81NcEqizFrTXJRFqKqw,2026-02-15T00:10:06.518618
17087,Trinidad,7a9541ad-9d11-4464-a3b5-be589342ebdf,SPOTIFY_ID_CORRECTION,DB SP_ID: 6KDzJXOkvGadyExihzxEMQ | Correct SP_ID: 1GXaRduGK4YvYvPDSOo4jY,2026-02-15T00:10:19.385292
20235,Without a Word,0a7d5ee9-ea5e-4a45-829f-d449e747ffe3,SPOTIFY_ID_CORRECTION,DB SP_ID: 66p38eJ5BjCBjjM61fidvH | Correct SP_ID: 4wUr3CC6567Z0cF8KfkAUQ,2026-02-15T00:10:38.358664
20416,Female Robbery,a0e3f404-3d7e-449e-81e8-ea2e15ae58a8,SPOTIFY_ID_CORRECTION,DB SP_ID: 4BDnfINTlfJPmLp1UV6CXt | Correct SP_ID: 7e8bQb1csn5WvpOc4b5PJg,2026-02-15T00:10:57.414930
20094,"One Day You'll Dance For Me, New York City",d5427455-85ff-48ae-864f-499df767e4e8,SPOTIFY_ID_CORRECTION,DB SP_ID: 0KvqgkcjdfFNcdSmsfqPiR | Correct SP_ID: 4T9x6eGgl7vuu1yYVKPzNU,2026-02-15T00:12:08.829553
20174,Itchin' on a Photograph,1d6b349d-62bb-43c9-b786-d1042370a9da,SPOTIFY_ID_CORRECTION,DB SP_ID: 1YpckeDv9TlLEcLl9R9kra | Correct SP_ID: 01nkjRsgpYwtbH94l7y4cg,2026-02-15T00:13:16.124937
20292,Memories (feat. Kid Cudi),cf7caec1-880b-4256-990f-430d47d3c154,SPOTIFY_ID_CORRECTION,DB SP_ID: 7fLzbEOBOae9lUnOwr7Tse | Correct SP_ID: 4dTaAiV9xFFCxnPur9c9yL,2026-02-15T00:13:19.843450
20066,Problem,051da081-084d-448d-aa84-8bfdfd2e3c27,SPOTIFY_ID_CORRECTION,DB SP_ID: 1f9MXvV39Mrx2TAEx5M2TB | Correct SP_ID: 7vS3Y0IKjde7Xg85LWIEdP,2026-02-15T00:13:38.278302
20239,I Knew You Were Trouble.,6c449b4b-4aa3-4a5f-b1e6-354d949d794a,SPOTIFY_ID_CORRECTION,DB SP_ID: 72jCZdH0Lhg93z6Z4hBjgj | Correct SP_ID: 6FB3v4YcR57y4tXFcdxI1E,2026-02-15T00:13:45.526164
20006,Pretty Hurts,c036f796-95e4-474f-998e-8bd7955636bf,SPOTIFY_ID_CORRECTION,DB SP_ID: 5L28Ji31tIWYMPHL9jxVZC | Correct SP_ID: 7lUA4P03AhwAw40JHkdyGr,2026-02-15T00:14:29.386015
14200,Digital Love,e76a9d91-498f-4c3d-ab5e-ff9c62f22ab8,SPOTIFY_ID_CORRECTION,DB SP_ID: 2g3f7VYFeceaDgjyj1dDF3 | Correct SP_ID: 5D06AhoBSkwDbgkuALoIot,2026-02-15T00:14:36.666366
20208,Lucky,f68a7497-91aa-4d8a-88c8-abc0ba5b49f7,SPOTIFY_ID_CORRECTION,DB SP_ID: 0IktbUcnAGrvD03AWnz3Q8 | Correct SP_ID: 2Mn7denMphSCH3wIyOEcbR,2026-02-15T00:14:55.396042
20442,Mr Polite,c57d404e-de50-4c18-a653-7b8aea30b267,SPOTIFY_ID_CORRECTION,DB SP_ID: 2F3JdJbBhREjyiAU9nXwMP | Correct SP_ID: 3r6BBu5hc0OiIUvYm7B42w,2026-02-15T00:16:02.038525
2952,"Shoot to kill, kill your darlings",78dcdf37-bce8-481b-ad71-fbd718884f8d,SPOTIFY_ID_CORRECTION,DB SP_ID: 49jZ7brj34fVrIdDBfRAMp | Correct SP_ID: 0WncF4YJaLcFIFAuBB4Hjn,2026-02-15T00:16:05.864225
2937,Cops and robbers,aabb1219-715b-40ed-8a93-4681d842b4ce,SPOTIFY_ID_CORRECTION,DB SP_ID: 08AznbP5RLxjaFOZTqOI9w | Correct SP_ID: 4xmN2kN5mO7GexEr7Yo6d5,2026-02-15T00:16:23.853896
20446,All The Wrong Places,f1a71ed1-ec87-473d-986c-bb3b2ffd99bf,SPOTIFY_ID_CORRECTION,DB SP_ID: 6bRAZyFnI77HRjqV4wjv3X | Correct SP_ID: 0iYf6WJ7wDC0zaQUpyxns3,2026-02-15T00:16:38.308376
20502,The John Wayne,3efe8fd2-b924-4c1f-9400-76e2d5bf1765,SPOTIFY_ID_CORRECTION,DB SP_ID: 7fh7Pky2X8SkVau4WGnJZn | Correct SP_ID: 42x3iVsFFg2j6Q7eXFvR6g,2026-02-15T00:16:49.264564
6627,STARRCADE 97,3b197906-e482-45b5-9edd-0cbf93dd28e5,SPOTIFY_ID_CORRECTION,DB SP_ID: 7lAOY0B8IddW2vXZfd2Xi0 | Correct SP_ID: 1k3ijIplOaExpmBOjCt914,2026-02-15T00:17:04.111284
489,About You,cdd282c5-bbb7-4f9f-92b4-8f137f480b1c,SPOTIFY_ID_CORRECTION,DB SP_ID: 1fDFHXcykq4iw8Gg7s5hG9 | Correct SP_ID: 3hEfpBHxgieRLz4t3kLNEg,2026-02-15T00:17:48.403351
17258,One Two Step,f2141646-53a6-4d72-8e54-3453aa417bb6,SPOTIFY_ID_CORRECTION,DB SP_ID: 5VryWdKuEhPTEzgLpIdgKD | Correct SP_ID: 0sMgOLtghGxZaNJkr5gjev,2026-02-15T00:18:39.812268
19735,Famous Last Words,234cdfbd-4d58-417d-ab85-590e4aab1f9c,SPOTIFY_ID_CORRECTION,DB SP_ID: 51D32A7guJQTmjM5is9UMp | Correct SP_ID: 2d6m2F4I7wCuAKtSsdhh83,2026-02-15T00:18:43.423769
1193,My sputnik sweetheart,4232f273-1876-405c-aafd-d32f64fae3b8,SPOTIFY_ID_CORRECTION,DB SP_ID: 2LVZKJQbZm8P9d5kcegDGt | Correct SP_ID: 4uPCEUCDH4hsZLzVFLKfSf,2026-02-15T00:20:05.379985
4320,Girls just want to have fun,b1673ff1-513a-45c8-9044-9179a078c095,SPOTIFY_ID_CORRECTION,DB SP_ID: 7hvwgwbZCCGZaNRQSf8bin | Correct SP_ID: 2coUZAS0CLkWCtB0uxupnJ,2026-02-15T00:20:16.076651
19891,I'm Not Okay (I Promise),7f2c0c19-3238-4f12-b66a-caed83dcbe31,SPOTIFY_ID_CORRECTION,DB SP_ID: 14mqKOS4dHMf48spDuzfYv | Correct SP_ID: 7lRlq939cDG4SzWOF4VAnd,2026-02-15T00:20:34.564753
19507,Kill All Your Friends,6f13f0c8-407d-4070-8a2e-86cd5418dd35,SPOTIFY_ID_CORRECTION,DB SP_ID: 0RyTgZoC7eBla31CvRC1i8 | Correct SP_ID: 65wICNTM2s1PwXSgKt8f0a,2026-02-15T00:20:38.223681
7692,IN THE FLIGHT,f715e923-bb69-4c42-9974-83c1f27047f9,SPOTIFY_ID_CORRECTION,DB SP_ID: 0msOgZw6XpjSXTyNr6Jkd8 | Correct SP_ID: 3ykfL5ryFFWOzqgIE8XsBS,2026-02-15T00:20:41.879714
1349,You Can Have It All,bfc2267e-48ba-46cc-9124-b3936aa14b47,SPOTIFY_ID_CORRECTION,DB SP_ID: 5s91S8hSrJXqYdhwHOEioV | Correct SP_ID: 09S8bsZTa9XitWLteWcSOQ,2026-02-15T00:24:46.000183
1908,no questions asked,5e147c1f-901f-4622-bf07-6dcf6a81910f,SPOTIFY_ID_CORRECTION,DB SP_ID: 1OzmA3aBR7QK94L2tReAeD | Correct SP_ID: 2pXYDcWBarGyMAnb5lzKkK,2026-02-15T00:25:04.081612
1903,that's why,59a13fdb-03d8-443a-bd34-a348f66d95cf,SPOTIFY_ID_CORRECTION,DB SP_ID: 35CL23NpSaz8lM9CVvg8Oq | Correct SP_ID: 0FzjG80gTUfhwLIZJS9s4e,2026-02-15T00:25:07.775687
8878,Spaceway 70,d53cdc56-2e67-43c7-8a43-542c7832a1d6,SPOTIFY_ID_CORRECTION,DB SP_ID: 0vRUvWSK8Hey5k5i45De3W | Correct SP_ID: 1yegOuJrLOG85tNnjR6UD3,2026-02-15T00:25:54.658813
8873,Ya Ya Breathe,fb57a29a-e2f6-4ad3-991a-f22c61e5641c,SPOTIFY_ID_CORRECTION,DB SP_ID: 4hN29dORpHBq0Y24mBWdQC | Correct SP_ID: 2KtHIfQw7Fmvyldw2uJkv4,2026-02-15T00:26:13.110768
17774,The Way It Was,3a95511b-ea1f-4886-939f-989558bf94c7,SPOTIFY_ID_CORRECTION,DB SP_ID: 0fDCmSbcX0EJ7XXP0D54PC | Correct SP_ID: 0x4rW5jv6fkKweBgjE5O8F,2026-02-15T00:27:34.039343
20320,Deadlines And Commitments,fff2fe42-f90b-4eea-a18f-157e887931a0,SPOTIFY_ID_CORRECTION,DB SP_ID: 3NBw1gQZrhxZnN7bTR2Xdg | Correct SP_ID: 5qvMfYPAXfxQWDTcSS1YZe,2026-02-15T00:27:37.652748
20319,Runaways,f9d72e64-fa3f-462b-ba75-9ea1c8c366e8,SPOTIFY_ID_CORRECTION,DB SP_ID: 3FPwXqT9lU28OuJEDApM3O | Correct SP_ID: 62BxlOvQCjLNQA5ARA4Dug,2026-02-15T00:27:56.370898
10938,7lane,7cd6a1d5-6c3c-4078-bde1-3f2c7549b758,SPOTIFY_ID_CORRECTION,DB SP_ID: 3lrlRIoZyAMWmdSpX9Nigu | Correct SP_ID: 53U7y0qvOj83HHMhAqv6GX,2026-02-15T00:30:49.574866
9169,Video Games,91ad7099-573d-48ac-a32c-060f9b4e5696,SPOTIFY_ID_CORRECTION,DB SP_ID: 4jAZKVcEUrwefIGIn9353Z | Correct SP_ID: 3nM37x9en9lYAjwk3IiSzw,2026-02-15T00:31:44.343747
13854,Loretta,a830a5a2-2eeb-4058-a20e-d5725f654dd5,SPOTIFY_ID_CORRECTION,DB SP_ID: 3eZqBNHlNA4lUsbAB6UmvD | Correct SP_ID: 4v3icU8NQfjM8uwIz9Ug1h,2026-02-15T00:32:10.089333
11818,Ungodly Hour,9ee4a7de-4d6b-49a8-b7e9-42e3d88c14be,SPOTIFY_ID_CORRECTION,DB SP_ID: 0JLcFGzhW8cs2H6AwQFSzC | Correct SP_ID: 4SJRgLsuBKTEBEl9n6JsNu,2026-02-15T00:32:26.544283
10440,HPZ,bbb5f0df-dba8-4b82-92ad-f67892a8d467,SPOTIFY_ID_CORRECTION,DB SP_ID: 5xhSy7HsvQgnJ9BWCzTMoh | Correct SP_ID: 3u46YUHZ5EZOnI0A1SpRlT,2026-02-15T00:32:41.709656
19226,Shut Up And Drive,627693f3-776d-4646-9ade-2c8bc8e83316,SPOTIFY_ID_CORRECTION,DB SP_ID: 4Tn2llBm1g0UlWctmgPL8Z | Correct SP_ID: 4QdX6pmNnJ5cleufWQIr5D,2026-02-15T00:33:36.481783
18166,We're Going To Be Friends,0dcd21fc-fbd6-415f-a2f3-69c1bad432ab,SPOTIFY_ID_CORRECTION,DB SP_ID: 0PEhW18xo3U8hHWgH4Fc17 | Correct SP_ID: 13lZDbwonGhOflQLQIfdtZ,2026-02-15T00:33:40.081530
12750,light,6bcbd192-5d66-49bd-b97c-f24f83cf35a1,SPOTIFY_ID_CORRECTION,DB SP_ID: 1MNHqDjKxhtn7YwLCpm7Nt | Correct SP_ID: 4jW4IURFIhRDqUwpMgjOAf,2026-02-15T00:34:31.614463
17056,time will tell,0656ea32-8989-4d92-8053-368e66a4160e,SPOTIFY_ID_CORRECTION,DB SP_ID: 3NzHhRO7GhrRnyjBMpfGYI | Correct SP_ID: 5KBbWsk7orfU8MNIsbM3lw,2026-02-15T00:34:57.695169
12449,CYBERKISS 2 U*,1b99b958-2d64-4fc3-bc13-6ecbf250b60e,SPOTIFY_ID_CORRECTION,DB SP_ID: 6OtZmfVTQgUnsAw128KpHh | Correct SP_ID: 5qQdnjzgJjTHBjZxO1nWbf,2026-02-15T00:38:38.173385
1085,Killing in the Name,5f64bf87-a18e-4ac0-8a49-dc1d500a8ba5,SPOTIFY_ID_CORRECTION,DB SP_ID: 3FUS56gKr9mVBmzvlnodlh | Correct SP_ID: 59WN2psjkt1tyaxjspN8fp,2026-02-15T00:38:45.600595
3170,Settle for Nothing,6565fadc-a76a-4891-9a3b-ee84e67cba05,SPOTIFY_ID_CORRECTION,DB SP_ID: 2vuDdXqekkDCSdawJyUpT6 | Correct SP_ID: 1CbG6oKKrYEw3W1DnddDFv,2026-02-15T00:38:49.214038
19354,To The Rescue,0f3ead85-0582-455e-a5ff-9813dc5ed865,SPOTIFY_ID_CORRECTION,DB SP_ID: 2oqloXqXERiZf5EF0GlrOh | Correct SP_ID: 0qNdr8Py8Out4wrVII6otn,2026-02-15T00:41:38.132210
20228,Somewhere Only We Know,b89531ad-2ef0-4ced-8552-7465b57a1c34,SPOTIFY_ID_CORRECTION,DB SP_ID: 3DDGhkxq3FeUorZppSgeLE | Correct SP_ID: 1mvfvDZOybiEgS1ecJxt9W,2026-02-15T00:43:29.163659
13153,"This Ain't A Scene, It's An Arms Race",08239d61-762e-44ac-8f68-aed6760c3caf,SPOTIFY_ID_CORRECTION,DB SP_ID: 5ybUdN3DmQL8T3eqg4XjmQ | Correct SP_ID: 1oagRT7LfpVlNJN6FSZDGp,2026-02-15T00:44:09.036362
17115,Get Down,8339aa2d-4e8e-4c7e-9867-d22153babcfe,SPOTIFY_ID_CORRECTION,DB SP_ID: 1bTyMxf3SU6hHhYbU3FI7A | Correct SP_ID: 6S8iCXlOGzSdSUPEmY9Iah,2026-02-15T00:44:38.485043
2661,Ending Time,f0045460-1219-407f-9fb6-4302c4128af9,SPOTIFY_ID_CORRECTION,DB SP_ID: 64tYxXZyoislcUWVA25gxG | Correct SP_ID: 03dPg4FLKxVIWl0vjBqe27,2026-02-15T00:48:27.697529
19503,Fell On Black Days,68e9c8da-df16-4d36-a296-fc6e9457dc1d,SPOTIFY_ID_CORRECTION,DB SP_ID: 21HWc9gFZKNdkGzGqHLq3A | Correct SP_ID: 1wlKw9NAWVWpx7OIAyg9EA,2026-02-15T00:49:15.495572
2413,Midnight in a Perfect World,3f02f615-80d3-48cb-9a8f-4f892c9a1f1c,SPOTIFY_ID_CORRECTION,DB SP_ID: 6LZArABvSKR8gISKj9VF0w | Correct SP_ID: 1a9maLxqpx3cxjY1lTj62B,2026-02-15T00:49:22.660268
3574,BMF,ed76cd3e-1204-4f72-a179-6ac931cf6020,SPOTIFY_ID_CORRECTION,DB SP_ID: 6uhsCywVYs0A9wWf0IE81N | Correct SP_ID: 3U3hFkMr0Q90pD24EkE3Pr,2026-02-15T00:49:28.278383
2141,Track of the Cat,e914a105-1225-408d-941d-a930e969db0f,SPOTIFY_ID_CORRECTION,DB SP_ID: 26Z4ZAQqjy2B3d1WrTVbiL | Correct SP_ID: 1b5DZZlFi3Qn36FHt8GMPj,2026-02-15T00:50:15.809856
184,Is It a Crime,f1d8179d-8a63-4079-a7cb-2c1d5ab74a1b,SPOTIFY_ID_CORRECTION,DB SP_ID: 1XR1X1VTyTOVdPgH18RdME | Correct SP_ID: 22ciZPW9sugBzMdD97YE2G,2026-02-15T00:50:41.067363
3569,Crybaby,819442af-767d-41a3-8cfd-1abbff94d92d,SPOTIFY_ID_CORRECTION,DB SP_ID: 0lYhn8BHyws0nEVMu7xejq | Correct SP_ID: 1g7pFO1WtclKCuIQiS8sNM,2026-02-15T00:51:10.904425
3566,Drive,d3703583-6f47-4c2b-96e0-31560d68e6b0,SPOTIFY_ID_CORRECTION,DB SP_ID: 2xCb1jIzhLMm8DYcAVK6UY | Correct SP_ID: 2qYbtIf8dRkBkKIcZVGFDq,2026-02-15T00:51:14.532964
3565,Another Life,09d0e72b-350c-4859-9d8f-bc7e996e7441,SPOTIFY_ID_CORRECTION,DB SP_ID: 6YDeZ8E4Sq63omeicaKbgS | Correct SP_ID: 4tfOoCcYPtb08J5HWlSo3r,2026-02-15T00:51:18.400523
1860,Dinosaur Act,48457edb-7b59-47b3-be2e-1f0b732920cd,SPOTIFY_ID_CORRECTION,DB SP_ID: 36UJuhXTcXeYLEb2UrdrMC | Correct SP_ID: 2WIbRYwd9pu45IHaQuWVnN,2026-02-15T00:51:25.788986
1043,Naki Kyoku,ad36a901-8ea9-4f18-8211-33c7b2c2ea49,SPOTIFY_ID_CORRECTION,DB SP_ID: 3PacIW7kPc1Q18k0UwSIwQ | Correct SP_ID: 2gfqWKLZSiegYQ0u8RKlpb,2026-02-15T00:52:31.376078
1119,"Feedbacker, Pt. 5",dc9e3aa1-d85f-4e66-acc8-3013a4a52752,SPOTIFY_ID_CORRECTION,DB SP_ID: 0tPWlqJIphzdEYQnhDAl8j | Correct SP_ID: 60jx5g0ZgCLcuhaxzzwzfA,2026-02-15T00:52:35.002495
4891,48 - Remastered,8eb45d98-d014-460c-8007-8360b529c09a,SPOTIFY_ID_CORRECTION,DB SP_ID: 1nVnBNlWizDMeKpxR6uEIW | Correct SP_ID: 6qr4A6fhvro6RDbKGALq1E,2026-02-15T00:53:10.131521
4893,Pheurton Skeurto - Remastered,47f19398-4e3e-493a-a46f-2d10cad91624,SPOTIFY_ID_CORRECTION,DB SP_ID: 2SzI1KJ7pIPoeZBu3zGumU | Correct SP_ID: 5ZukxyFHCFiuUcbjy3wxLg,2026-02-15T00:53:13.749089
4501,Silently Leaving the Room,56ee1825-0345-46a7-832b-b98dc8a5128b,SPOTIFY_ID_CORRECTION,DB SP_ID: 5ZtuED7S8xZd6NE7JbwJ3O | Correct SP_ID: 3xBz6IE2EyXMdjzYhm32hS,2026-02-15T00:54:07.659131
1519,So You Wanna Be a Superhero,eba16503-0cf0-4659-a6ac-8ac465ecb3e0,SPOTIFY_ID_CORRECTION,DB SP_ID: 1m8BbvwAnub1GHOTRiglRx | Correct SP_ID: 5CgqLtqawTUzRjnppGjNjU,2026-02-15T00:54:11.666982
4493,(March 19th 1983) It Was Probably Green,c25d8a9b-94a5-4d09-8af6-4290935eaee9,SPOTIFY_ID_CORRECTION,DB SP_ID: 6e7oObDahu70V9bd1zsqON | Correct SP_ID: 52kapcgLqq3GnEaMbWhqOj,2026-02-15T00:54:15.296223
1479,Bullet Proof Soul,90b03395-e2a0-4fd3-a59b-9c1bb47e2f32,SPOTIFY_ID_CORRECTION,DB SP_ID: 6unbYrzh7coxp0WFnleFyD | Correct SP_ID: 1QFnjRWdwT7TQM6Y2d8hR6,2026-02-15T00:54:48.173238
6984,"What Does Your Soul Look Like, Pt. 1 - Blue Sky Revisit",3f8b6711-1a1f-46be-bcf9-ffb768d1bf7f,SPOTIFY_ID_CORRECTION,DB SP_ID: 3A6myWbbBOnvPjR70MXi6p | Correct SP_ID: 3ovDEvVK2hbNEfvxvEnYiM,2026-02-15T00:55:54.553438
8597,Surround Sound (feat. 21 Savage & Baby Tate),1a54b085-09d9-4242-80bc-5a60bd73fd0a,SPOTIFY_ID_CORRECTION,DB SP_ID: 1udwFobQ1JoOdWPQrp2b6u | Correct SP_ID: 18fkL3urFy3ECZVMB89dAw,2026-02-15T00:56:01.876610
7810,Warm Blood,ab5d4d0d-df63-4aa2-871f-58422d7a1ef5,SPOTIFY_ID_CORRECTION,DB SP_ID: 5zGMEvhByJ4cNTpbXqonCN | Correct SP_ID: 2udKAiJYivJI12mrUGGDpA,2026-02-15T00:56:29.395854
6749,Teqkilla,e329c98b-a79b-49d6-b74e-d98ffd31d377,SPOTIFY_ID_CORRECTION,DB SP_ID: 4UFrurM4uvaNh9Mf52Qqcy | Correct SP_ID: 3d2pmfqGjRWlavpGgyiM0P,2026-02-15T00:56:36.747009
6994,Building Steam With a Grain of Salt,a07d406f-d430-46a1-b233-6eb457f51f76,SPOTIFY_ID_CORRECTION,DB SP_ID: 42AnU1rsmzdl19BapH3Ey3 | Correct SP_ID: 4Ms0GKHCtr5Lpg4dKOhO2I,2026-02-15T00:57:05.779500
7348,Beautiful Goodbye,e06670fc-cb1c-46cd-b382-6e4cd5be795b,SPOTIFY_ID_CORRECTION,DB SP_ID: 7HtX5ZAdaij0TsGbEzVJhG | Correct SP_ID: 0AwJvKR6es9MtzOEyO5i7h,2026-02-15T00:57:35.142967
7342,Lollipop,8de18b34-a34f-4dc0-85b4-acaded4ca38e,SPOTIFY_ID_CORRECTION,DB SP_ID: 1qUyN0NcgiVsQZjPJ239vJ | Correct SP_ID: 3sUejXN7SKY6gdwCRF8tSU,2026-02-15T00:57:38.860892
7813,Making the Most of the Night,8c65d920-4958-4185-b913-b0441f61828d,SPOTIFY_ID_CORRECTION,DB SP_ID: 1vFOE1q5JiEbBNW1HBuL76 | Correct SP_ID: 2J8jaVl5KkWW9wVa7CC3Gi,2026-02-15T00:57:42.486651
6716,do-re-mi-fa-so-la-ti-do,df1732c9-ac71-464d-8169-927c01c47f98,SPOTIFY_ID_CORRECTION,DB SP_ID: 6MDBkIEBEodrBPG5CPb8IG | Correct SP_ID: 51Yt4rDTST2A5GZQR0QCX8,2026-02-15T00:57:49.757568
12119,Cardboard Box,20626449-12d6-44bb-b3a2-c0376bc6c8d3,SPOTIFY_ID_CORRECTION,DB SP_ID: 0iClrNEsrlZ6HoXw6MMNR2 | Correct SP_ID: 7F8iANOG9vDpq66XHdRlZ2,2026-02-15T00:58:32.124018
11751,Everybody has secrets (feat. GAIN),ddf9e0d0-16b9-4d93-a8e8-0401d3280e9f,SPOTIFY_ID_CORRECTION,DB SP_ID: 77G9qV8GyL4tX1KQCBWV7d | Correct SP_ID: 1FiINgIS5S8e429YUSmqgS,2026-02-15T00:59:12.214539
13050,Permission to Dance,25470481-3b01-4375-874e-1c6202cf4300,SPOTIFY_ID_CORRECTION,DB SP_ID: 43Y0lr2rcWirZysfT26JY5 | Correct SP_ID: 3XYRV7ZSHqIRDG87DKTtry,2026-02-15T01:02:35.992455
16326,Telephone,fa8fb8c8-c3a8-4978-ae7c-c121c57c7f8f,SPOTIFY_ID_CORRECTION,DB SP_ID: 4TCL0qqKyqsMZml0G3M9IM | Correct SP_ID: 7rl7ao5pb9BhvAzPdWStxi,2026-02-15T01:03:41.787415
13030,FAKE LOVE (Rocking Vibe Mix),4375337a-5ffb-47ef-a4be-f34a16a26a86,SPOTIFY_ID_CORRECTION,DB SP_ID: 7tpnGo2FeV8WTWTboXAAg7 | Correct SP_ID: 1WjGvMbHE23jEipydV80Mu,2026-02-15T01:03:56.353510
12957,Life Goes On,7e36230c-fc8b-44f7-ad0b-6924bf34dde0,SPOTIFY_ID_CORRECTION,DB SP_ID: 1VjqXwHU3isibdXLEtXc4q | Correct SP_ID: 5FVbvttjEvQ8r2BgUcJgNg,2026-02-15T01:04:21.833250
12263,Blossom Samurai,3cc71915-c826-4ac4-a10a-4ef9b1b44058,SPOTIFY_ID_CORRECTION,DB SP_ID: 0JhtlAxMpn7SGOEDmuVKtF | Correct SP_ID: 0hVT1YquzzkEDNweXjhzPn,2026-02-15T01:04:32.835026
15827,Dusty,c49c8c52-7ee4-4f1b-b5e3-d8d452081436,SPOTIFY_ID_CORRECTION,DB SP_ID: 5QaLRL7LYZR3g45N8Zp5dM | Correct SP_ID: 466yL9fRFTu8X5cgRKeKes,2026-02-15T01:05:03.962858
17249,DNA - Japanese ver.,3bd822a2-2559-41ed-8fdf-d6271d205ee4,SPOTIFY_ID_CORRECTION,DB SP_ID: 1Z2uN2puf5Gd2PlVRbM2Yu | Correct SP_ID: 4Bkh5uDlP14vneIoRG0umC,2026-02-15T01:05:28.518179
17234,The Last Of The Real Ones,7cfa3a92-1ce6-45a1-89de-a4f240ca19ee,SPOTIFY_ID_CORRECTION,DB SP_ID: 7KjooZftTHMOu8sqMhr3lQ | Correct SP_ID: 6e13443Ve7RGcAUScTgYtl,2026-02-15T01:06:03.149400
15287,Make It Right (feat. Lauv) [EDM Remix],e5dbb03e-3f0e-4346-a87c-58c47e429cdf,SPOTIFY_ID_CORRECTION,DB SP_ID: 4aQooO4mUMX1l457bgYR6a | Correct SP_ID: 57PBRXsXl2rEAR85Gh4Qac,2026-02-15T01:06:17.553866
16361,Unfaithful,8bccfce9-34d6-4c9c-a342-3f382fbbd5b5,SPOTIFY_ID_CORRECTION,DB SP_ID: 4l9S9NFztZ0nrMZyakENh2 | Correct SP_ID: 2Oakol1CYQEP2A0ziQRmU3,2026-02-15T01:07:19.476963
17834,Glasses,ed41e27d-12a5-45cd-9b61-fa39f6d5d165,SPOTIFY_ID_CORRECTION,DB SP_ID: 4ogMtogPGtC1VwKRNiHymx | Correct SP_ID: 0eEgsRW2BoE9Bw9LoBkXou,2026-02-15T01:08:01.731548
20080,Beware the Dog,346fe804-a865-4197-9f57-337cbbf3890d,SPOTIFY_ID_CORRECTION,DB SP_ID: 3wo9MTWV4LC3GNAP1T6ATN | Correct SP_ID: 3KIIwkf6lNwJqLcx6GUIzr,2026-02-15T01:08:33.748529
19397,Toxic (Britney Spears Cover),5baeb789-042f-4b69-81c7-81055dfc9dbd,SPOTIFY_ID_CORRECTION,DB SP_ID: 34ccBqL3xNaCzPxr0UqoEw | Correct SP_ID: 7aSame7dVxBGbcZeNMdrBA,2026-02-15T01:08:37.400602
7928,Suicidal Thoughts - 2005 Remaster,94cb28fc-5ca9-47c4-bbbe-05ff7477f219,SPOTIFY_ID_CORRECTION,DB SP_ID: 2HcJe4f7yuzszcWtaDPOXk | Correct SP_ID: 00t7QTffOR3SA3L1BvSQVq,2026-02-15T01:08:48.014187
19918,Hark! The Herald Angels Sing,d75a9742-d493-4d02-ab59-189b8789c186,SPOTIFY_ID_CORRECTION,DB SP_ID: 4ntNHvhaLEsjU0AbsHEBxf | Correct SP_ID: 7DG0w4DhCctrvlXIai22yg,2026-02-15T01:08:51.656337
19933,Underneath the Tree,1e62185e-2731-4da4-930a-a5817962ff19,SPOTIFY_ID_CORRECTION,DB SP_ID: 2mQeI6pqrBgBvBvqyOgXcN | Correct SP_ID: 3YZE5qDV7u1ZD1gZc47ZeR,2026-02-15T01:08:55.296643
19917,It's the Most Wonderful Time of the Year,7970c88c-d62b-462a-a315-382b7aa3fb12,SPOTIFY_ID_CORRECTION,DB SP_ID: 1zb4APtq2xcpmDpvpeEA0c | Correct SP_ID: 4DXJt41B9ZPh3UmxiPkBT0,2026-02-15T01:09:09.621498
18276,Forever Yours (feat. Stacy Epps & Toby from Inverse),0bef3205-2877-401b-9e5a-da11026c57ee,SPOTIFY_ID_CORRECTION,DB SP_ID: 00f4fTgwMRRBYdMh2aJxG3 | Correct SP_ID: 662wJjG12uUiIUPK14aaTW,2026-02-15T01:09:38.803455
19963,Every Christmas,f98318f7-ba51-4e2c-a1d6-4a3d0b80e41f,SPOTIFY_ID_CORRECTION,DB SP_ID: 552L8lUSNUATDAs2Ub7PTu | Correct SP_ID: 3ZWs7ECdC7fR0oNhZkkVZ2,2026-02-15T01:09:45.939698
20471,Hold On When You Get Love And Let Go When You Give It,a9316d7a-b0fa-41e5-908b-33626115b896,SPOTIFY_ID_CORRECTION,DB SP_ID: 0TGTRSZXy0M413wLSh52xT | Correct SP_ID: 3QF9b4PhQnTChD08dJruWN,2026-02-15T01:09:49.590816
19912,Santa Claus is Coming to Town,948075c9-be23-43d3-8b4f-ae7c5a33c1ba,SPOTIFY_ID_CORRECTION,DB SP_ID: 5lToId2YkbOWQUFodvWeBW | Correct SP_ID: 4CjzPBRBwyP0kgR1gjaDjo,2026-02-15T01:09:56.934334
17583,All I Wanna Do (feat. Hoody & 로꼬 Loco) [Korean Version],cc67b5ea-e2b4-45b6-87c4-553fe1c968d7,SPOTIFY_ID_CORRECTION,DB SP_ID: 2FWquqPNxte8iqZ3ATQG0p | Correct SP_ID: 2PcJoVkfjcbvoqBxV1Nj7y,2026-02-15T01:10:00.561632
17750,Spring Day - Japanese ver.,aec719f1-1e34-4f74-96bd-58e0a7508cb2,SPOTIFY_ID_CORRECTION,DB SP_ID: 0I08kzlwHEkBNCioRjODFc | Correct SP_ID: 4a8guR4owPEdDyLsPIC6HP,2026-02-15T01:10:22.251870
7345,Stand Up!,79be6859-b6fb-48db-803e-921cf775335a,SPOTIFY_ID_CORRECTION,DB SP_ID: 3HjeWcniuFpFet9scXxD5d | Correct SP_ID: 6CUV1GZd6lveCyWw2Y0SnE,2026-02-15T01:12:26.199293
7343,So Into U,1062a2ad-e561-49e7-bb21-2ae4d730b69e,SPOTIFY_ID_CORRECTION,DB SP_ID: 2AV1L0MNhQBgYzGTs49Ofo | Correct SP_ID: 183rP1cwTfACvHVl2pxy5L,2026-02-15T01:12:30.040642
5784,The Bell Tower Of A Sign,e6b63100-d4a2-4c4f-a08a-e8ee5aeb2207,SPOTIFY_ID_CORRECTION,DB SP_ID: 57UHVvxFs3nvjH5rZc7xHs | Correct SP_ID: 7rRBLQVsjxoghn3wZgMNFn,2026-02-15T01:13:02.994838
6467,Symphony No. 5: I. Trauermarsch - Live,c98be924-ad13-4555-95be-cd69c679b16a,SPOTIFY_ID_CORRECTION,DB SP_ID: 34EKhryXrXm16lHt5bKELt | Correct SP_ID: 1lGGQVbnp5DNc2ebB1Grhn,2026-02-15T01:13:10.238439
16012,Don't Be Shy - Instrumental,15dd8812-23c5-409f-8532-4f1f4fb60ef3,SPOTIFY_ID_CORRECTION,DB SP_ID: 070mC98mnQnWQAk36mH7Mc | Correct SP_ID: 22XXd3dkNoRWYGkr7gwcA6,2026-02-15T01:13:13.869478
5601,Every Little Counts - 2015 Remaster,ca197de7-a57f-4b37-8f18-895f50f4fc89,SPOTIFY_ID_CORRECTION,DB SP_ID: 7LZZgDDf8ijUq02b6AJOjO | Correct SP_ID: 3uJmmY9zBGV3ONk3KiMfWY,2026-02-15T01:13:58.601404
12462,키스는 다음에,aa2d7777-e5b1-4a5e-b616-d38f194826b4,SPOTIFY_ID_CORRECTION,DB SP_ID: 0oiVMsDM40biyMxhF1ooI0 | Correct SP_ID: 3DGKXLtVjawKFweymvHn84,2026-02-15T01:14:11.416036
18854,유리어항 One and Only,916c1fb2-b65c-4008-a012-5f00bc03f8db,SPOTIFY_ID_CORRECTION,DB SP_ID: 1sPlp5kf3DMFfwOUBO7v8p | Correct SP_ID: 79oJOB7JcIxdP2wlV959wB,2026-02-15T01:14:15.058797
6957,Head Over Heels / Broken,222845c1-3054-4381-9dd1-c09d0a3769f4,SPOTIFY_ID_CORRECTION,DB SP_ID: 2zMZktCS0HT1GHIgEsf6kx | Correct SP_ID: 0aF9m87P8Tja3NUMv4DfHt,2026-02-15T01:14:18.676167
15685,polished,1d4d5c34-c22e-4053-be82-4064949b3250,SPOTIFY_ID_CORRECTION,DB SP_ID: 2NUBegjL1eACWqvVQ8G1NI | Correct SP_ID: 2jBLyzpke3vycyTatte9Ug,2026-02-15T01:14:22.563492
15862,At Peace,5f003230-36e8-4090-a80d-d81f9569f43f,SPOTIFY_ID_CORRECTION,DB SP_ID: 030bXxMhpHej1iUPS1Djb8 | Correct SP_ID: 0GUWL4THhsDi1pqECkZbco,2026-02-15T01:14:26.220908
13694,ふたりの夏物語 NEVER ENDING SUMMER,5ca35a0d-d265-4fda-acd1-a90f084f84e9,SPOTIFY_ID_CORRECTION,DB SP_ID: 1HDqBV6gWeqFStJHLmPjh4 | Correct SP_ID: 2pzmWqLgCSQDYzGZs0jGsN,2026-02-15T01:14:29.917352
18532,View,866d407d-7641-42fd-8b9b-83fa835dde54,SPOTIFY_ID_CORRECTION,DB SP_ID: 77ELTT8ryPFmFdyvuSYfmW | Correct SP_ID: 46E1ic6n099e76t5J1TbHn,2026-02-15T01:14:44.311810
13435,FAKE LOVE - Japanese ver.,487bae19-a35c-4e15-8be8-e0c902708233,SPOTIFY_ID_CORRECTION,DB SP_ID: 0xa8vyNSdXOKku1Jkr74OA | Correct SP_ID: 4jTEbIwCMcHSwlSEiR4NlQ,2026-02-15T01:14:47.963899
16518,You are not alone,4c8ff6b8-fe82-4265-89be-f19a4045fb5a,SPOTIFY_ID_CORRECTION,DB SP_ID: 1CSLSt0dP5CJqADXsJbVcx | Correct SP_ID: 1S9MTzrLVvQLDUmA1S9B3Q,2026-02-15T01:14:58.910439
18030,3 2 1 (Korean Version) [Studio Version],7b6fdf08-a002-4d09-9b33-3c9a87990057,SPOTIFY_ID_CORRECTION,DB SP_ID: 6cu9IxF6VvtMqqGVzUksat | Correct SP_ID: 2vM0apeJrWLA64oc56kDl6,2026-02-15T01:15:06.020413
16728,Spirited Away - One Summer's Day,ef678ecc-819f-4d91-9d85-3f4fa9f5bbac,SPOTIFY_ID_CORRECTION,DB SP_ID: 5LQqc2rfmxKJY1kuCDM2ml | Correct SP_ID: 6GsQf5eEIiNsnMW6CRGkm6,2026-02-15T01:15:13.282721
13063,mumumumuch,c30fec65-6f21-48a5-9456-23bd8d6bba8d,SPOTIFY_ID_CORRECTION,DB SP_ID: 15djITIu5osnO9yIT29r0Z | Correct SP_ID: 7IfVQuJdISactOezwsfAvc,2026-02-15T01:15:32.952311
19995,Nearly Witches (Ever Since We Met...),38f368d3-3fe5-4742-8007-151c1075d5db,SPOTIFY_ID_CORRECTION,DB SP_ID: 3aLgevGkEl2YWf7KDAVvMf | Correct SP_ID: 2KA3lvDwQQiyvuJJvzifGL,2026-02-15T01:16:05.462254
11382,Cupid - Twin Ver.,c51b0db6-7709-4347-a44a-297adeca0afa,SPOTIFY_ID_CORRECTION,DB SP_ID: 5pMPNxZz50iup8cXchRHxm | Correct SP_ID: 53DDMPqgMWNrEeE3NjThKE,2026-02-15T01:16:42.272148
20003,Let's Kill Tonight,732e85c9-fa51-476b-b45a-0c9ff1e08b05,SPOTIFY_ID_CORRECTION,DB SP_ID: 3VC7DGc4YYt6qv5o7u85HN | Correct SP_ID: 14uvyd51Ha7FihKHlOtUig,2026-02-15T01:16:46.027805
11780,Sarah Smiles,2ab28f1d-cd62-4afb-ae2e-9c96c73801ec,SPOTIFY_ID_CORRECTION,DB SP_ID: 4big3ULe5bCOLwPv0Ai53o | Correct SP_ID: 00h6syYCxPKVsInPHXhdZ1,2026-02-15T01:16:49.679633
6996,clairbourne practice,93a3ebf3-2e7f-4a7d-9917-1f0f4be3f8ba,SPOTIFY_ID_CORRECTION,DB SP_ID: 0WOkDmX7J2SGm8MDe2rWBc | Correct SP_ID: 2FkaJLh6XOW89prNsJvsdq,2026-02-15T01:17:47.877912
18253,I love too,a3a6f79b-7c9c-4f80-8bd4-6e4c5e1a53e7,SPOTIFY_ID_CORRECTION,DB SP_ID: 4yKJ3bw9BIHgBF2iVLljBs | Correct SP_ID: 4YFrXFRg1LGIk4nRnEDICO,2026-02-15T01:18:06.179514
18681,SOBER,5c7c37b0-78f6-4b85-917b-81161c5c2d6b,SPOTIFY_ID_CORRECTION,DB SP_ID: 1Me50eXOFCm8pjPJqcsLmq | Correct SP_ID: 4bJXr7Cfyhxfo63rWfBQpq,2026-02-15T01:18:11.821147
276,Venus as a Boy,9ef4eceb-ec2e-4059-a199-1ec081138a28,SPOTIFY_ID_CORRECTION,DB SP_ID: 5G9LvzXcBoIBXOd2jzdJTs | Correct SP_ID: 3BL5z5yGXTnZZ8heHJH7OS,2026-02-15T01:20:01.880825
18831,CALL ME BABY,9354b3fc-b3d3-4f4b-a3be-3d82d9c77b1c,SPOTIFY_ID_CORRECTION,DB SP_ID: 3nFQs7s6hDUG9hjaJZvBwr | Correct SP_ID: 6Rx0ORYPP3GH9rTvGS5Vy8,2026-02-15T01:21:04.513596
15841,I'm Feeling Better,5b3c50aa-cda3-45ed-a4b3-4b93183fe1c0,SPOTIFY_ID_CORRECTION,DB SP_ID: 2h9SLb9VD7FlCx4aU8A1Xj | Correct SP_ID: 19M5HYX5hlDrBBiepuojAJ,2026-02-15T01:21:15.204838
7982,Pagan Poetry,66dd332c-d163-4dd6-8b3d-7f5900112e99,SPOTIFY_ID_CORRECTION,DB SP_ID: 0mc51xomEC6CZUZdB8xgQU | Correct SP_ID: 531rVac77IZLmrQX9jiJqJ,2026-02-15T01:21:42.083223
7328,It's Not Up to You,537893ef-12b5-4e53-9fda-e23bb0504184,SPOTIFY_ID_CORRECTION,DB SP_ID: 4bZnIdaGBf162pZEkxXSgQ | Correct SP_ID: 3AOUFOa7mYbAiE85gIpN6T,2026-02-15T01:23:54.137480
11064,Oh Yeah Baby!,28e402c9-c790-48d6-8f5f-9f090dbfacdd,SPOTIFY_ID_CORRECTION,DB SP_ID: 4QF1a5pUChM6bh48K8YCkS | Correct SP_ID: 6AajOG11MEh1tXxDc3hyau,2026-02-15T01:24:15.675266
8070,Dayflower,4efe3db7-b93b-4b21-86bc-0320e9c3f7d5,SPOTIFY_ID_CORRECTION,DB SP_ID: 3Y3uR7Fd2yVBLHmgsqmZnS | Correct SP_ID: 7xYQZUWkPOlo7yYqQLdjPc,2026-02-15T01:25:13.561871
11466,Goodnight Dad I Love You,9f635a64-8856-488d-a2a8-26633439dd20,SPOTIFY_ID_CORRECTION,DB SP_ID: 65L3ijRBHax2woM5PafKFw | Correct SP_ID: 013L1ZodWo9Ax2g9LejC9O,2026-02-15T01:25:31.609262
8250,ODD Front,ec48fd1b-2cae-46e5-a7ff-410db82a4871,SPOTIFY_ID_CORRECTION,DB SP_ID: 7cSbCH6UlmdTTYqtb92MlH | Correct SP_ID: 0ZsRFf3jsn4MvGHUoIcKLy,2026-02-15T01:26:14.618176
12402,Tell Me,fadf7112-3e06-4f5a-860c-7deff1354654,SPOTIFY_ID_CORRECTION,DB SP_ID: 7gBA8Rv00YzWOc1hiPAvMi | Correct SP_ID: 7Laseg0WUtMJEHRv5A10T3,2026-02-15T01:26:46.954926
13138,Pink Venom,dbd3264b-c3a6-4709-b3ba-f059e20ecdda,SPOTIFY_ID_CORRECTION,DB SP_ID: 0skYUMpS0AcbpjcGsAbRGj | Correct SP_ID: 5zwwW9Oq7ubSxoCGyW1nbY,2026-02-15T01:27:15.558858
18685,Somebody To Love,d2250768-62ef-4443-a669-8780b4d7bee4,SPOTIFY_ID_CORRECTION,DB SP_ID: 67VOOEwGxPt6SeTGSvWqgG | Correct SP_ID: 4UIKBrkH4ZKI2glKwQFDSV,2026-02-15T01:30:08.756043
11932,attachment 2,b1e97841-1c59-493c-a7e7-2c2383569966,SPOTIFY_ID_CORRECTION,DB SP_ID: 0WOhyb1t4DDvQ7W74WCYT2 | Correct SP_ID: 3dgXfblQeSYmphw5lEsGSJ,2026-02-15T01:30:19.689894
19177,I Don't Dance,e287b255-8981-4102-bfa8-5be8be8abe16,SPOTIFY_ID_CORRECTION,DB SP_ID: 6p6TjiJHc1kJQt5dXzkdrs | Correct SP_ID: 6TRp2628QKH3kY6KrCnjqp,2026-02-15T01:30:51.725927
5893,Chess,f83592a3-4a3b-415f-ae0b-27f8abc9e43b,SPOTIFY_ID_CORRECTION,DB SP_ID: 3KkTFvBKZ0N9Mbx48OOC50 | Correct SP_ID: 0Vowxgt3vti8MyY3mioQAw,2026-02-15T01:31:17.782227
8329,Here Today,12ae2947-0f29-474d-a7c2-cfa4c1f8201a,SPOTIFY_ID_CORRECTION,DB SP_ID: 2QHf2UijcOOpLgEsA3YOjm | Correct SP_ID: 1VfPrd23LqHwKvIhtL7rXu,2026-02-15T01:31:32.046477
7897,I Just Wasn't Made for These Times,9d6e07a6-424e-49a7-a53d-2f59277cf87e,SPOTIFY_ID_CORRECTION,DB SP_ID: 7Jljbi0t6TIusvUm3HnCAb | Correct SP_ID: 2YcPBBa0K32C429HT77RT0,2026-02-15T01:31:43.057037
12701,Always,2967c60b-6048-4aad-ab2e-f5e2b544268a,SPOTIFY_ID_CORRECTION,DB SP_ID: 0ut9aR9VNqcwfFnrblfo8w | Correct SP_ID: 5VL7pScLlKe4MbB8EAivgA,2026-02-15T01:31:50.360806
8,"Caroline, No",12069769-765e-4804-ad4f-be8f4933fc38,SPOTIFY_ID_CORRECTION,DB SP_ID: 78OmsgtUu4qsSvo6I7J2SN | Correct SP_ID: 6f1Vke61xFftdtfxRQFTwK,2026-02-15T01:32:22.971954
8331,Sloop John B,0f4aaf3b-1321-45f4-b6a4-6b3662e599db,SPOTIFY_ID_CORRECTION,DB SP_ID: 72fAewq2UVWSf3RjtqICdS | Correct SP_ID: 3r4PpdFahpC94psMvKgZrl,2026-02-15T01:32:30.316978
19571,Bloom (Jamie XX Rework),0ff9a99a-8316-4ae9-abcb-18719b593d23,SPOTIFY_ID_CORRECTION,DB SP_ID: 0gy2Eqkf9dPtlkoCC3y7YA | Correct SP_ID: 43GxjTyWkpyZFGfh6d1MPj,2026-02-15T01:34:09.743246
8201,goldfish,0537f91e-346e-4714-8860-546eb2f275d6,SPOTIFY_ID_CORRECTION,DB SP_ID: 3w0lYKnjUpUx4SkAYo3sLh | Correct SP_ID: 7A8YnjMhMrTfVqMRRfayv7,2026-02-15T01:34:51.625462
7917,search party,ecf07ce0-4176-4787-98ef-ab3187d03d48,SPOTIFY_ID_CORRECTION,DB SP_ID: 2VJjlfxfWkWh0O2WDoC9yt | Correct SP_ID: 490NAHwXWtwve0t4J2Q0D0,2026-02-15T01:36:52.119501
1605,movies for guys,4ca81e84-05bd-44b7-8ef7-73ed90bc6369,SPOTIFY_ID_CORRECTION,DB SP_ID: 30YaPM8Aba7TVcyaiZFbWC | Correct SP_ID: 1urgZoAjz91vFqPEokA1OR,2026-02-15T01:36:55.907256
8197,can you tell?,194e4414-35aa-4929-8136-928eee87141a,SPOTIFY_ID_CORRECTION,DB SP_ID: 38Y1BydPpwCEtW7LppLVTl | Correct SP_ID: 2ODOdaX4ZqhqvnigNY3nSB,2026-02-15T01:36:59.599025
8689,Metronomic Underground,d7b3850c-c470-43a0-a50d-9cac79f08d2e,SPOTIFY_ID_CORRECTION,DB SP_ID: 1VYoRIkm4yC4OwGcfq9Tjm | Correct SP_ID: 1amzNQ3yrMvLOzl8mulSaj,2026-02-15T01:37:10.469450
7936,The What - 2005 Remaster,0edbf1f6-b562-42d8-9515-7da7b84f8bbd,SPOTIFY_ID_CORRECTION,DB SP_ID: 348bhxVSN8fGmzsSnpSlQy | Correct SP_ID: 4dTtYVQzlwBMpVyQ4h3wy2,2026-02-15T01:39:31.805422
3653,Like This,26463899-c468-4f23-b45f-a0979a8735fa,SPOTIFY_ID_CORRECTION,DB SP_ID: 3UwT4o8nRA02QdOqP8nhVG | Correct SP_ID: 2kTtJMSbOJOEMpfXVy3PRX,2026-02-15T01:40:44.704665
4348,The Big Gloom,775fcb50-43e9-49a2-b4a2-a3a9ef9b01b5,SPOTIFY_ID_CORRECTION,DB SP_ID: 0ccjSNatxuRThb0FTz1T4l | Correct SP_ID: 6r4Ux7Szu6ncGMjVh0tmCB,2026-02-15T01:41:01.082266
4341,The Future,60e63542-f712-47f6-b4fe-a3d44c93573e,SPOTIFY_ID_CORRECTION,DB SP_ID: 6QUkc1TPt91TxNSVBjSOI3 | Correct SP_ID: 36hfuJ6XOZdOuToo4SgLVv,2026-02-15T01:41:04.815709
6434,Thank You for the Venom,bd7e5efd-efb0-463e-bdad-38b003ec3baa,SPOTIFY_ID_CORRECTION,DB SP_ID: 0BpKPyXhWsTaWkgXeOd1Sn | Correct SP_ID: 3h57gwlzoFjVmSME40VujR,2026-02-15T01:42:25.857151
516,Ain't Sayin' Nothin' New,7e525b8d-c005-486e-8127-137a2d50a640,SPOTIFY_ID_CORRECTION,DB SP_ID: 2CQ7Fbi3p9MwHhEryIKzBp | Correct SP_ID: 1m2W1pl5KcpAvUZtpG4JXc,2026-02-15T01:42:55.152344
4283,Act Too (The Love Of My Life),0d4ea887-b3a9-47cc-9e67-03236eb7edc2,SPOTIFY_ID_CORRECTION,DB SP_ID: 0Hb6yz1h7YQ5Z53dmQlGgR | Correct SP_ID: 0WFS2dD69nOF7UQOlC0uyE,2026-02-15T01:42:59.027198
4279,3rd Acts: ? Vs. Scratch 2 ... Electric Boogaloo,4beef0a2-bf45-4356-87de-78de3ac8863f,SPOTIFY_ID_CORRECTION,DB SP_ID: 4Ug6PqLWW8Wy4gtiUwYPGd | Correct SP_ID: 10Fa2VwlWcufyI5BKFdz6f,2026-02-15T01:43:02.688749
4278,Don't See Us,58728040-774f-450e-b3eb-cce08ad59224,SPOTIFY_ID_CORRECTION,DB SP_ID: 3IayZKgtRYChACIIxr6eKY | Correct SP_ID: 4X0iT8P3jzZObc2YPeFYFZ,2026-02-15T01:43:06.706475
3247,Splattitorium,5a0dd5f9-411e-4ccf-8987-4f871a9601b7,SPOTIFY_ID_CORRECTION,DB SP_ID: 3smjcQgJ8oEIZWiQ38jpeD | Correct SP_ID: 6Y9qIPBqv8H0mpiSfx8rk4,2026-02-15T01:44:08.453384
3246,Somethin' That Means Somethin',fedc8725-a437-4ef0-b8ae-6db96ae5c1f0,SPOTIFY_ID_CORRECTION,DB SP_ID: 0CSxUV0UjjP8OnGAjK9Gxq | Correct SP_ID: 0zDQvPKS56nrUSa4QNGBe3,2026-02-15T01:44:26.915236
3238,Devil Music,301e3f57-9c45-4947-b32d-c180344e468c,SPOTIFY_ID_CORRECTION,DB SP_ID: 7dSlbdgg3Ty5np4I3BJ1nW | Correct SP_ID: 3Ei6iWAEadj65qaAI1hOPL,2026-02-15T01:44:30.536444
3237,The E.N.D.,89a9d00f-2837-4d2e-901a-8157b9d93ff8,SPOTIFY_ID_CORRECTION,DB SP_ID: 1mvk9NqJbnkeqg9uTErEq4 | Correct SP_ID: 5mCmKXmp5g7NN4IiyufzXC,2026-02-15T01:44:34.265625
907,Alison,71463af2-2a9f-4cdb-a0bf-3ca454f58d56,SPOTIFY_ID_CORRECTION,DB SP_ID: 2W70vgf87uyNB2XRpRDEES | Correct SP_ID: 33HRECrmuelZxOpid6XTNX,2026-02-15T01:45:29.360657
8607,40 Days,93a09000-4ee8-49ef-aa07-8ebe651e2f66,SPOTIFY_ID_CORRECTION,DB SP_ID: 3jQBAyQVJSl9fc6l4tsWWP | Correct SP_ID: 4qyJE4D584f7qJCRSy7HOE,2026-02-15T01:45:32.969448
6662,Here Comes Your Man,cbec6fa8-a950-471d-b92e-f0c39255f488,SPOTIFY_ID_CORRECTION,DB SP_ID: 4IvZLDtwBHmBmwgDIUbuwa | Correct SP_ID: 462205IUmh1mgnt5iwQtqS,2026-02-15T01:45:40.304776
6486,To the End,e9e99b51-78d7-4582-b148-69681020bb7c,SPOTIFY_ID_CORRECTION,DB SP_ID: 1GErReAT0swX36x3O8GyQn | Correct SP_ID: 0KxcWpybGnJEnACq2YyrMM,2026-02-15T01:46:09.554926
7418,Terminator X to the Edge of Panic,0eb3d3da-6a66-4572-8ea4-082d6dffc6b8,SPOTIFY_ID_CORRECTION,DB SP_ID: 1d1xvHb75TOZ705LwbrkFJ | Correct SP_ID: 14uhhAByvx2F0y6kRkKJ0i,2026-02-15T01:47:08.575006
7416,Louder Than a Bomb,22abc74b-9a7f-429f-a4c8-ddb831b75f45,SPOTIFY_ID_CORRECTION,DB SP_ID: 6yD8nzhuBrE1kIv9TIyjk6 | Correct SP_ID: 5vPGvj5TkSehKPmwJysA4L,2026-02-15T01:47:12.259671
6986,Why Hip-Hop Sucks In '96,8c1d0a1c-0fe2-4c04-b54c-3313238d0aaa,SPOTIFY_ID_CORRECTION,DB SP_ID: 1AVzEdwunYQanSxEBj0qVi | Correct SP_ID: 2SslQLSjCncA2F42WIo03w,2026-02-15T01:47:53.026814
6985,Napalm Brain / Scatter Brain - Medley,196a7be7-b237-4c71-bb26-421f55d78a8a,SPOTIFY_ID_CORRECTION,DB SP_ID: 73KjX7MMmHoIhcWwiN4H9i | Correct SP_ID: 4BZOkAttqGJAXC1KVGQ89y,2026-02-15T01:48:40.731476
7320,Mothers Talk,648e6d54-7b85-45dc-a271-485d10c6b035,SPOTIFY_ID_CORRECTION,DB SP_ID: 1Za0PPza4gKN02sD1Su9s1 | Correct SP_ID: 2p87CAEgL7eJzVgNZt2M0J,2026-02-15T01:48:47.869693
7319,I Believe,fffd934b-4ffa-4677-87b5-4ae9dceb9671,SPOTIFY_ID_CORRECTION,DB SP_ID: 7qEartdb2w748Vxs38E9qc | Correct SP_ID: 2iwXxZD87p1Q3ISveQteiJ,2026-02-15T01:48:51.478388
3134,Planet Caravan,1d3cff06-69f4-485d-ae1d-7a073d2cc867,SPOTIFY_ID_CORRECTION,DB SP_ID: 78YknDXAOrz0E9ves11vnK | Correct SP_ID: 3QN0ZuJhUJrhbRsmXeCQHa,2026-02-15T01:51:09.140084
7927,Who Shot Ya? - 2005 Remaster,e49b80b9-56a9-4b90-814c-7f349617a6cd,SPOTIFY_ID_CORRECTION,DB SP_ID: 6tdl7wRfPx8jZlJFhEKBm8 | Correct SP_ID: 2KFg8kjYy0rYjWsXGhEQHN,2026-02-15T01:51:34.823034
2639,The Walk,2330cbd3-0153-45f4-bb8f-955aea3d981a,SPOTIFY_ID_CORRECTION,DB SP_ID: 1FK9sM0HPOJUTr04oWSqcy | Correct SP_ID: 1okLoud70RU0RegYAPn5Ek,2026-02-15T01:51:42.197022
2544,Para Machuchar Meu Coracao,1b0aea85-d91e-4b87-a3ef-18d4e5da7e4b,SPOTIFY_ID_CORRECTION,DB SP_ID: 17wYzKGJtaBWclYbkw1pEU | Correct SP_ID: 5UaJ4zxtCIi5WZomhoZIeq,2026-02-15T01:51:49.717305
2643,Loose Ends,54c790e5-4d4c-4cd0-bff3-efed41f864b3,SPOTIFY_ID_CORRECTION,DB SP_ID: 4agtIFjNohRic0LyrcwHhw | Correct SP_ID: 74adZiYGOorQ4kcWBCRnZi,2026-02-15T01:52:18.882607
19479,Serve The Servants,9ee8b21f-9cdf-468b-b29f-d02ee0022121,SPOTIFY_ID_CORRECTION,DB SP_ID: 3w5Ekq9O8g0gGFEsT77Ydi | Correct SP_ID: 10m87Pq1TqZPpAofU9qBKi,2026-02-15T01:53:33.450685
12110,Sticker,50101b87-4d0c-4aac-994c-d0d04c064347,SPOTIFY_ID_CORRECTION,DB SP_ID: 48CZ9AqqrDIGHDdCyGrZ39 | Correct SP_ID: 6ut4c7MJg7cimVPNCmEEds,2026-02-15T01:54:31.988554
6545,Everything Will Be Alright,10129849-607d-4650-8edc-74839252ab23,SPOTIFY_ID_CORRECTION,DB SP_ID: 3nFhiJReGYBDoqArWW3p5e | Correct SP_ID: 2w0es1mwiSI1NYgpikR4WB,2026-02-15T01:54:39.286618
8278,Heart-Shaped Box,51f55eaf-e1b0-4de3-b9e4-346f4d0f4169,SPOTIFY_ID_CORRECTION,DB SP_ID: 66w5OYw2ja8lnmaA3Ns0PU | Correct SP_ID: 1hbrWgBsUV2SZcWNzdSCkD,2026-02-15T01:55:04.900760
15903,CHEER UP,fe230bce-8b6d-4df0-b244-e7d6aa5cc47c,SPOTIFY_ID_CORRECTION,DB SP_ID: 0QngtucRGPxyaTQ9u47UnN | Correct SP_ID: 7lB4rxNVc7vm33ZSZXVRAQ,2026-02-15T01:55:23.192558
18535,Ordinary,178db860-bf45-4822-9d66-d5b3a11ce361,SPOTIFY_ID_CORRECTION,DB SP_ID: 5IBn77DRJNyf7ip4aKyObO | Correct SP_ID: 3LUpVb2d6JxHUtswKzo9RK,2026-02-15T01:55:45.398958
18133,Woof Woof,e130ce88-57da-44fc-9e5e-f6aae83d73fa,SPOTIFY_ID_CORRECTION,DB SP_ID: 5Pg5eLFPDcAaX2moyUyrb4 | Correct SP_ID: 3ZBieMYzrxKPr5uDFrlVUS,2026-02-15T01:56:11.218992
9921,Flowers,6672a49c-c83b-45cf-bad0-9cdeeaa27580,SPOTIFY_ID_CORRECTION,DB SP_ID: 3SkXogdDdL4e3h2IbJF9Kt | Correct SP_ID: 3T69JnlOcSPPoMB8xuW67o,2026-02-15T01:56:38.955754
9115,Moonchild,0668a32a-710f-4536-8937-ff555099d84f,SPOTIFY_ID_CORRECTION,DB SP_ID: 4XalmoFLB7dtAEVomgCL0X | Correct SP_ID: 121INhBqF3phM8T98ReCx8,2026-02-15T01:56:42.621495
9538,White Winter Hymnal,c835a61b-dcdb-41be-82d8-e52b4a1c8d0b,SPOTIFY_ID_CORRECTION,DB SP_ID: 0GegHVxeozw3rdjte45Bfx | Correct SP_ID: 6wGnqLAQHOFU5cm0I7UX4p,2026-02-15T01:56:57.029977
13224,Everything I Know About Love,6587f3e0-2eaa-4b9e-bf49-948cc323029a,SPOTIFY_ID_CORRECTION,DB SP_ID: 51cjQr8glahRLwf5KKYewL | Correct SP_ID: 0AwmMHWOVftwCi5hkcNQ5z,2026-02-15T01:57:14.961105
10018,nouvelle vague,bb72b647-254e-4830-81a1-c7c7f300e4bb,SPOTIFY_ID_CORRECTION,DB SP_ID: 6AjBYdnigpUohH3z0l8hxi | Correct SP_ID: 3pUBfXGCqH0imhTQ02wBLr,2026-02-15T01:58:19.045060
12546,Romantic Homicide,18247ec2-f952-42ac-b7af-bb6b10c7000d,SPOTIFY_ID_CORRECTION,DB SP_ID: 3CIYQ9KXg1xhHJPbU7DSlP | Correct SP_ID: 1xK59OXxi2TAAAbmZK0kBL,2026-02-15T01:58:51.575806
8946,Spoon,05436498-578f-417f-a681-d641e63ce7dc,SPOTIFY_ID_CORRECTION,DB SP_ID: 7hss86n8lHu2Cy5Znv26Aw | Correct SP_ID: 1U0bSblWDayeutgR735HSr,2026-02-15T01:58:58.842265
11418,Part of Your World,55189d79-1c46-405f-8db9-3da3e48ee763,SPOTIFY_ID_CORRECTION,DB SP_ID: 2HRhVQ0yo1jIvXoRTCIdEz | Correct SP_ID: 7tUSJY4nsDBJTjd1UXKRsT,2026-02-15T01:59:49.077431
16457,Monday Loop,8d0f637c-43ed-417d-92aa-e8383d942841,SPOTIFY_ID_CORRECTION,DB SP_ID: 5AIKwGeFoauI8ckPJVhihk | Correct SP_ID: 6PpTjHkwJj9LxMsqj05xGl,2026-02-15T02:00:14.086350
19373,That's What You Get,d7d648e6-0b85-47bb-a580-3eef7bdd5541,SPOTIFY_ID_CORRECTION,DB SP_ID: 0UY4FvG4f9JI6kBR1BlWrZ | Correct SP_ID: 1JdKrFyoU05abww0Zv0ayQ,2026-02-15T02:00:42.922498
16982,백색소음 White Noise,ffbbf690-2277-46af-96db-86821bb0101e,SPOTIFY_ID_CORRECTION,DB SP_ID: 14qerbicABEUVh3nlyHHgi | Correct SP_ID: 28tQ2OPkGddGmlk3z1gBzq,2026-02-15T02:01:08.887301
13367,闇夜,b3f491ec-f9c2-4873-bb07-f38c01b606d7,SPOTIFY_ID_CORRECTION,DB SP_ID: 6aW8fq5lGlhoZxhLyC7JuL | Correct SP_ID: 2xL6YS9TucCVbIpLXawfFC,2026-02-15T02:01:34.896906
20453,Baby Came Home,87196939-d3d5-4286-b5c4-d9c418dc5887,SPOTIFY_ID_CORRECTION,DB SP_ID: 2Ww3E6lvG1zmWlWnMRak76 | Correct SP_ID: 5bpQAHexN985BjIuHfIHug,2026-02-15T02:01:56.577234
20017,You & Me - Flume Remix,96c178bf-886b-4223-a5e9-da1d57136566,SPOTIFY_ID_CORRECTION,DB SP_ID: 1snNAXmmPXCn0dkF9DaPWw | Correct SP_ID: 3W2ZcrRsInZbjWylOi6KhZ,2026-02-15T02:02:36.509880
15331,Sleigh Ride,9abaaa73-fa68-4e03-9edc-d1992d9825d4,SPOTIFY_ID_CORRECTION,DB SP_ID: 5ASM6Qjiav2xPe7gRkQMsQ | Correct SP_ID: 76BKEctt3WFnHBLHSpi0Tu,2026-02-15T02:02:40.434944
15762,Last Autumn,fa56c960-213c-4e35-ab74-a7681a91f01c,SPOTIFY_ID_CORRECTION,DB SP_ID: 0QzXchAcWshXyqzYHLf9yJ | Correct SP_ID: 6jaw59BJt3ed5zUmYPNpdo,2026-02-15T02:02:51.596462
14665,Untitled6,7a9e1f52-4485-4c54-aafd-515f1bffcf30,SPOTIFY_ID_CORRECTION,DB SP_ID: 2CPLU8pz47IkMKKJnYTyVE | Correct SP_ID: 0eHsZf7CKXFuzQh37Oj61b,2026-02-15T02:02:55.196318
16033,Distance,fc41949a-284e-4910-b3d6-c9065f2db1d1,SPOTIFY_ID_CORRECTION,DB SP_ID: 76JBOXuRMdCbukuKrnE4Jd | Correct SP_ID: 72dCtSXJnPiDx7wyLwCCkQ,2026-02-15T02:02:59.174309
11642,Won't Leave You,9a359c91-2051-4d02-94f1-c80910e4c469,SPOTIFY_ID_CORRECTION,DB SP_ID: 6a25DdFKCWfSKrpTWUMSzD | Correct SP_ID: 1Z6DMY9ccO5HmyqxyUvU6N,2026-02-15T02:03:39.060910
17932,I Live All Alone,01c0114a-d675-4156-8681-f3dd46388d68,SPOTIFY_ID_CORRECTION,DB SP_ID: 0bI4ZDliy0V9XitZeXJC6C | Correct SP_ID: 1EdAVRknZLVlFjt1TGraxF,2026-02-15T02:03:42.801627
17963,And You Disappeared,a5dcc857-39e4-4368-9e61-0586bb900e2e,SPOTIFY_ID_CORRECTION,DB SP_ID: 4PcI6ypzm0H7ygg8wAFHrX | Correct SP_ID: 3hoDUfqWfaemwsQJJj7vhC,2026-02-15T02:03:46.563615
17967,You're on My Mind,0e01c12b-196e-4992-9afe-30ffac3c5994,SPOTIFY_ID_CORRECTION,DB SP_ID: 1KIc4H1ZhctIrPi9ACqtiP | Correct SP_ID: 0EW9HvaVZIJ7FGsVBbjgXH,2026-02-15T02:03:50.329942
17080,Emotional Crank,bf756df3-16ee-460f-a1ac-63545ae74471,SPOTIFY_ID_CORRECTION,DB SP_ID: 5uN7ual5Zu09h2mnW6vcSD | Correct SP_ID: 1SMysvUmVXOjuQiw3vn3o8,2026-02-15T02:03:54.011674
14645,Herewego,3e82bfb2-0238-4a63-86d1-68499742a695,SPOTIFY_ID_CORRECTION,DB SP_ID: 3bHpkZ3pPreRBGFxSMb1Ac | Correct SP_ID: 2Rpq2EqWgryXSUYGpXld5m,2026-02-15T02:04:01.281210
16956,California Dreamin',0d03f94c-ea55-4b77-b4b4-7b42d993d473,SPOTIFY_ID_CORRECTION,DB SP_ID: 1ZEOIhSn6BKErV59bIgn76 | Correct SP_ID: 4s6LhHAV5SEsOV0lC2tjvJ,2026-02-15T02:04:33.948516
19056,All I Want for Christmas Is You,47fad166-40aa-490d-8b16-c753982f50a0,SPOTIFY_ID_CORRECTION,DB SP_ID: 2368r2D53RhpfIlLBHAXLl | Correct SP_ID: 0xPaZrF25ltzvz1a2Pm5DQ,2026-02-15T02:04:44.929008
15833,Stay Forever,4d20ef25-9fe7-4f92-a765-939b9b8140fd,SPOTIFY_ID_CORRECTION,DB SP_ID: 34y1ZZ4FbvQxm4VPWHySTM | Correct SP_ID: 5JgLpWt85BaPJnvNUrAZ6a,2026-02-15T02:06:00.618781
19910,Let It Go,3b89746b-a8ec-4c4d-9aec-536bbb2b5c4f,SPOTIFY_ID_CORRECTION,DB SP_ID: 2ln9kXRr9JkA3yvRqWuCDU | Correct SP_ID: 2G7K3Op9y3HhqrF2TdHP95,2026-02-15T02:06:40.588286
19432,Drive,a6586505-909e-4d39-8259-513cf7f004db,SPOTIFY_ID_CORRECTION,DB SP_ID: 5F5hhx63QBhlTpM71bvRvY | Correct SP_ID: 3ek4HgBlmvkTWgfT5sTSe9,2026-02-15T02:06:44.198491
20307,First Love,6930062f-489c-4b0f-899a-9ec2f663d4d7,SPOTIFY_ID_CORRECTION,DB SP_ID: 1PuC9MYD9goa9IaO0QoQCB | Correct SP_ID: 5P16LUPtZ1I5t3EqwELD53,2026-02-15T02:06:55.237549
15220,Love The Way You Lie,7711a076-03f4-4679-99f6-be5b79e2dff4,SPOTIFY_ID_CORRECTION,DB SP_ID: 15JINEqzVMv3SvJTAXAKED | Correct SP_ID: 4k5Rb51qsUSMFg6oFdVC48,2026-02-15T02:07:27.966707
20087,White Room,d15ba2bd-f227-415f-9c8a-4245a51a6d8f,SPOTIFY_ID_CORRECTION,DB SP_ID: 0mA8YVcK3fYTot54K1abTq | Correct SP_ID: 3Xls4cNOwy01dtrNXb1inG,2026-02-15T02:07:56.426707
19303,Habits (Stay High),1d8b14d9-0398-4128-a1b9-9dfc79ac24d8,SPOTIFY_ID_CORRECTION,DB SP_ID: 5XJ1lUHJJdOTj0PGUXZMOf | Correct SP_ID: 14OxJlLdcHNpgsm4DRwDOB,2026-02-15T02:09:43.617819
17454,This Is How We Do It,e0f654d8-be58-4bcc-8489-1f8e7713915a,SPOTIFY_ID_CORRECTION,DB SP_ID: 1Pbs5CPSUVbwmtv6U620os | Correct SP_ID: 6uQKuonTU8VKBz5SHZuQXD,2026-02-15T02:10:28.056710
15772,Octula,ae58a83d-6929-4447-bd79-c51253711e67,SPOTIFY_ID_CORRECTION,DB SP_ID: 1jCag62EsAWTpF9VKjZSPM | Correct SP_ID: 0h1s6kLc481i8QHulgVk7g,2026-02-15T02:10:45.815884
20229,Clown,8e202b27-6a54-4e7a-94a9-58cb782a9ce5,SPOTIFY_ID_CORRECTION,DB SP_ID: 04paYSQzxJM0Pc9n256KR4 | Correct SP_ID: 0EGVOnw876hry5JOK0ZaeV,2026-02-15T02:11:54.528586
6463,Let's Get Lost,1e3abf6b-f9dd-4ac8-ac16-98fa8de6595c,SPOTIFY_ID_CORRECTION,DB SP_ID: 29Ub20yhGGgGc7UGCIxPI2 | Correct SP_ID: 0aMef34VBtMunRhdPExNcX,2026-02-15T02:12:59.831924
7938,One More Chance - 2005 Remaster,1141016d-20e8-439b-8e16-c2bfd7621229,SPOTIFY_ID_CORRECTION,DB SP_ID: 56jjEVbNu5stDjgHakZ7Zw | Correct SP_ID: 5onGESUxi3P9xLt311oS59,2026-02-15T02:15:27.291607
8071,The Art of Peer Pressure,fd83178d-c064-4689-9c09-bef8f1c4cad9,SPOTIFY_ID_CORRECTION,DB SP_ID: 2PieESXphabz5AkALFS08X | Correct SP_ID: 0d0jsoba88SpOoFxCxA2rZ,2026-02-15T02:16:39.161089
7937,Fuck Me (Interlude) - Interlude; 2005 Remaster,83f2708d-3c33-4b71-a972-dd0b5c2b5b7f,SPOTIFY_ID_CORRECTION,DB SP_ID: 6HSQviVJ70BV13Iyk4qv5q | Correct SP_ID: 1JEXG96amOfvR18sW1OXoI,2026-02-15T02:17:01.201083
7933,Me and My Bitch - 2005 Remaster,57e3ec3e-4edf-4eeb-86c4-44a5e8bb7dde,SPOTIFY_ID_CORRECTION,DB SP_ID: 4uGLs7SLR8aZEJaWRMdkz0 | Correct SP_ID: 0C5IKY0sXz4sg0hpx7HOz0,2026-02-15T02:17:08.735142
7930,Friend of Mine - 2005 Remaster,fca30760-7e5f-4c0c-9563-81cd4eaa799e,SPOTIFY_ID_CORRECTION,DB SP_ID: 2Tomq29ZEORibvczcyPpJl | Correct SP_ID: 0TibDQQ58jAlr6jnl5AORf,2026-02-15T02:17:12.325947
7929,Unbelievable - 2005 Remaster,306c705e-d3f7-46e2-aa43-6105bc0e82d7,SPOTIFY_ID_CORRECTION,DB SP_ID: 5710wBrSe5QqJRKKVpCS8l | Correct SP_ID: 4heC6SnTBxTZZDef4AIBOk,2026-02-15T02:17:15.955493
7926,Just Playing (Dreams) - 2005 Remaster,845c279d-a17b-4ab2-910b-fb0ff1e35531,SPOTIFY_ID_CORRECTION,DB SP_ID: 6hQ5tRX2G7ciCt3g1tBDAO | Correct SP_ID: 61fT12l0R16DiB9dd4zkfy,2026-02-15T02:17:19.661941
371,Swingin Party - 2008 Remaster,a7be5526-a2a2-4a20-83e3-e620a5901819,SPOTIFY_ID_CORRECTION,DB SP_ID: 14g6foD6sxO1qgkDKuPgWv | Correct SP_ID: 789VjU3oh8sxOfBN4fupqH,2026-02-15T02:17:33.987274
3348,Taste - 2001 Remaster,a89c45c0-edef-4efb-ae65-c0d94ef56146,SPOTIFY_ID_CORRECTION,DB SP_ID: 0GPmmIuXTWyLlwdFGlsLfU | Correct SP_ID: 5Bz1hcdRglRdExrXNT1CzI,2026-02-15T02:18:32.471972
8216,Break,555c0555-cf8d-4cef-a0a9-3ebdebca52ff,SPOTIFY_ID_CORRECTION,DB SP_ID: 0dCk0tKHei4PtsMZDrq01K | Correct SP_ID: 0OX8uJsznfXCtwoOiO0iNb,2026-02-15T02:20:03.692082
2197,The Underdog,0201b1b1-82d5-472d-8fa7-5b84c42b20cb,SPOTIFY_ID_CORRECTION,DB SP_ID: 7cDbqFvw45zdLHGltdb1g9 | Correct SP_ID: 6tjngDwQFnGEefm88oRxu1,2026-02-15T02:21:02.061830
6226,Everythings Gone Green,68445748-1d87-4f02-95e4-257ab32d9b04,SPOTIFY_ID_CORRECTION,DB SP_ID: 1VZFmtsZuuqm0EV6KQihE8 | Correct SP_ID: 0booELQwvdiZhJ8gBJlJD1,2026-02-15T02:21:12.873718
2836,Mother,c6b7c783-7547-460f-bd3c-1fb621835378,SPOTIFY_ID_CORRECTION,DB SP_ID: 1VaUIU5YQhheEETQmV4Nlr | Correct SP_ID: 33kesTmBYjdWJ3OuIFFx2S,2026-02-15T02:21:23.784055
19547,Primadonna,b50823a0-216f-4557-bd53-0579d256eb2d,SPOTIFY_ID_CORRECTION,DB SP_ID: 0CrNPzb5jc2W7UbhYxZj8x | Correct SP_ID: 4sOX1nhpKwFWPvoMMExi3q,2026-02-15T02:21:49.485482
16053,Miss America,44a592eb-b91e-4665-92f8-7865059285c3,SPOTIFY_ID_CORRECTION,DB SP_ID: 3tOGeIOarxfaTZiZZO4blZ | Correct SP_ID: 4bqdv0hhhmTWFDYavtYpA1,2026-02-15T02:21:57.370983
7944,Intro - 2005 Remaster,1f0248a2-a264-465c-916a-b1691def86f6,SPOTIFY_ID_CORRECTION,DB SP_ID: 7w4gcX8ZmJ2eo2EmhRJEgW | Correct SP_ID: 7oYlZ3vB5yxiKMrbHeFV9v,2026-02-15T02:23:29.671985
2056,Living for the City,6009d911-9c18-4e73-a1c5-ed3b6c230d2e,SPOTIFY_ID_CORRECTION,DB SP_ID: 3qvuhGBr6BSdGPQsdf2gLr | Correct SP_ID: 3wCMCEs35Fl2cmb0IpZdcJ,2026-02-15T02:23:48.011511
5904,Days of Candy,68ba0021-5ecf-4bff-9db4-b7ddbafa8ef1,SPOTIFY_ID_CORRECTION,DB SP_ID: 6Jzr32geft80FJxOPGr4uw | Correct SP_ID: 52cdcYy5tgFW2XiMnqeIsk,2026-02-15T02:24:53.808841
861,Run Away with Me,7121c3e9-a122-4347-9780-041ae1fd14c4,SPOTIFY_ID_CORRECTION,DB SP_ID: 3rLLDjCJ9JllYvwUKfd3vW | Correct SP_ID: 0Jirkb7LGNWyVhKOsKFdZ2,2026-02-15T02:24:57.572039
7812,Let’s Get Lost,ae430872-fce2-42f0-a812-4aaa78e8b331,SPOTIFY_ID_CORRECTION,DB SP_ID: 3vdW5iFswfPkjvRYj60gyQ | Correct SP_ID: 7mc4liEp2BJl9yj5qYUMdc,2026-02-15T02:25:01.213069
10805,Break for Lovers,3988840d-820c-4e85-98ce-032b0573dc69,SPOTIFY_ID_CORRECTION,DB SP_ID: 13TryBWhlKhLtzivqudzbn | Correct SP_ID: 4nzyKo4ogO25S38Yaw3lvQ,2026-02-15T02:25:29.445009
17915,Thursday,51534cc5-8d49-421b-bad4-52585beb7f97,SPOTIFY_ID_CORRECTION,DB SP_ID: 2APwltY8gbsHfCk8jLkIDe | Correct SP_ID: 0wn87jeKKhdVTDxUzAmGz7,2026-02-15T02:25:51.767837
2471,Constant Nothing,9ea97d95-68a8-48b7-bd91-2a2514c1e191,SPOTIFY_ID_CORRECTION,DB SP_ID: 3dVDhDi2wthAlRfUolFBXj | Correct SP_ID: 135lnZNYwSut2NIQ6CPnjR,2026-02-15T02:27:04.191497
2506,Kindred,381fad02-de8c-4580-be30-6d49d5d37f67,SPOTIFY_ID_CORRECTION,DB SP_ID: 5plecTJUE7zSLvOtP4G0yj | Correct SP_ID: 65R9KWmA7s24a79Hctpdmj,2026-02-15T02:27:37.132287
1000,Ashtray Wasp,f55f6b8b-0de3-446b-8894-dd53845eccfb,SPOTIFY_ID_CORRECTION,DB SP_ID: 0fwQ9fadr2bfcvK4Icq0Yz | Correct SP_ID: 6po3snJaGM1Rd7juRFTBIp,2026-02-15T02:27:40.751462
11116,I Hope to Be Around (Live),41f452cd-a221-4a11-8dad-7b5fa716796f,SPOTIFY_ID_CORRECTION,DB SP_ID: 7hCEHTZfzb40SAcjwwmfqZ | Correct SP_ID: 7JBBe4f13miV2aut7fqLOD,2026-02-15T02:28:10.141952
1056,Dance Hall,9143bbf9-46b6-476f-89fe-37cecaf1a7b6,SPOTIFY_ID_CORRECTION,DB SP_ID: 1UnB75lnUCGkgru3tEsQYY | Correct SP_ID: 72zsr1jSMnaMPtl713jXeJ,2026-02-15T02:29:27.814048
7940,Warning - 2005 Remaster,c08b8fd6-9149-48fd-a64d-0e24aba959ff,SPOTIFY_ID_CORRECTION,DB SP_ID: 7pgfvCW6zO0BZAc9189iT6 | Correct SP_ID: 33rsCCLHklTQav9klbpnAi,2026-02-15T02:29:57.391094
3521,Everybody's Got Something To Hide Except Me And My Monkey - 2018 Mix,b4f96ea4-2ddc-40aa-9072-48efbb11b91c,SPOTIFY_ID_CORRECTION,DB SP_ID: 4pBM26oKtRWYK2UbYD4OlJ | Correct SP_ID: 64P3zpRsDHIk7YTpRtaKYL,2026-02-15T02:30:01.138724
5782,Lightness,60d3363b-7cc4-4675-a85b-692683054ff2,SPOTIFY_ID_CORRECTION,DB SP_ID: 2Sqly6V28vcAmZj4HYEdny | Correct SP_ID: 29fRShT0DyevAlgQuS8qnz,2026-02-15T02:32:03.496617
5781,Expo '86,143b3d2e-82d6-4fbc-afd4-5ac8b8e2ffe6,SPOTIFY_ID_CORRECTION,DB SP_ID: 1dzmxk0ULPrLGsrutoRQye | Correct SP_ID: 3ao94eFGJKdAGjNcrGLyx5,2026-02-15T02:32:29.121096
17875,I Got Love,fbd88acf-d96b-40f5-9f21-281e51366cfa,SPOTIFY_ID_CORRECTION,DB SP_ID: 3ym1uqIEdPorxt9jM7txYb | Correct SP_ID: 1IgRQvTqj7BKjNWRzjFEE0,2026-02-15T02:32:40.227567
12881,My Favourite Things,f613a2f6-f0ba-4fbc-a6d0-9aead3a3895f,SPOTIFY_ID_CORRECTION,DB SP_ID: 7qLTpTd1Txpo8Vd84yci7u | Correct SP_ID: 2F56C7kzML7qEMSKnqKBH5,2026-02-15T02:33:28.374756
7942,Gimme the Loot - 2005 Remaster,e86ee6e1-ccd4-46fe-9781-cea01aa5db92,SPOTIFY_ID_CORRECTION,DB SP_ID: 348bhxVSN8fGmzsSnpSlQy | Correct SP_ID: 1xIxMz1sNQ4b6svH1GuTtF,2026-02-15T02:33:46.305623
15298,Green Leaves,a7b5649c-9429-4986-8ad7-05840ff71911,SPOTIFY_ID_CORRECTION,DB SP_ID: 70rZ4P4F32a0AXzSY93e0l | Correct SP_ID: 1Ke6ommT7YmUJl9T8McLGn,2026-02-15T02:34:05.150613
5619,We Looked Like Giants,70cf7264-1053-4afc-ace8-81cd24cc6391,SPOTIFY_ID_CORRECTION,DB SP_ID: 3YQRelZYOiGPJGttno6G1L | Correct SP_ID: 6sPvtP5DzYDlNOynZS3aAu,2026-02-15T02:34:16.403408
7939,Ready to Die - 2005 Remaster,ad93b7ff-25c2-48bd-8535-50c3f1ca3773,SPOTIFY_ID_CORRECTION,DB SP_ID: 0D0dQqLHXcVC4DpQJJGj6j | Correct SP_ID: 3UQAKY0SUEonxneROvv4jy,2026-02-15T02:34:19.984787
13396,ブルーバード,6a044a6c-1e0c-48ee-960c-67ff361c90f6,SPOTIFY_ID_CORRECTION,DB SP_ID: 2aWtTHMBKdd6NfKT2GMfiK | Correct SP_ID: 2XpV9sHBexcNrz0Gyf3l18,2026-02-15T02:34:23.776469
7941,Machine Gun Funk - 2005 Remaster,64b25c2b-005b-463f-87ad-d20d78ba1d83,SPOTIFY_ID_CORRECTION,DB SP_ID: 41IAeqShbxSJrkEoGotKx0 | Correct SP_ID: 2bXI4Rbw1D7aVeHWLjn1Lb,2026-02-15T02:34:44.063252
19128,My Dear Acquaintance (A Happy New Year) - Live,b1254d79-92f4-4871-b9dd-2e7f1ca11737,SPOTIFY_ID_CORRECTION,DB SP_ID: 1hkMlPt0yEruUxSf5bNiJz | Correct SP_ID: 0Pbzf17wfZQyX8JL0PDcxa,2026-02-15T02:34:58.682287
20252,Wildfire,1a325657-73bd-4ab9-8660-3bf302e84d42,SPOTIFY_ID_CORRECTION,DB SP_ID: 06U3tIapsJ0X6dZx5nhLtt | Correct SP_ID: 0fiTN2N5HEIefAHtm00vYG,2026-02-15T02:35:24.013506
10115,My Head Hurts,3a176e4d-a290-46f6-8f8f-615ebabab31c,SPOTIFY_ID_CORRECTION,DB SP_ID: 63SFOkZwzcPa38wyq8abSF | Correct SP_ID: 2F7si8PwyiZjw0IHrz9h8h,2026-02-15T02:36:26.835663
20218,Somebody That I Used to Know,af3a4af1-8ad9-4c3b-a31e-5aa144eba24a,SPOTIFY_ID_CORRECTION,DB SP_ID: 0VVMuMXtkASPWfAWyW2KPH | Correct SP_ID: 6mLufFjkRHCHaV1KJAOcte,2026-02-15T02:36:52.364307
5312,Something I Can Never Have,e070a087-3c57-4164-97d0-60accc458ca1,SPOTIFY_ID_CORRECTION,DB SP_ID: 6azwgyc7oNJvcsYyzqkiA5 | Correct SP_ID: 2jSlyYZOxCmdL8KeXnJyqH,2026-02-15T02:36:56.141234
728,March of the Pigs,787cf6d0-a44b-4562-aa5c-5c4b244576c6,SPOTIFY_ID_CORRECTION,DB SP_ID: 4iBgmqQ0cPGyRPGMyySiaB | Correct SP_ID: 56NATwQKP7m64hFLFlKzXe,2026-02-15T02:37:14.519277
13853,Hey Lover!,34d0baec-ec9c-4752-a5ec-30a6cc96fd07,SPOTIFY_ID_CORRECTION,DB SP_ID: 1E5bfMPGyHlMLljzF1FWU6 | Correct SP_ID: 7rC3P7tpWriaC4hYWKwGQd,2026-02-15T02:38:06.176955
19899,Too Insistent - Trentemøller Remix,f6482e59-3b3a-4804-abaf-d10ed923f431,SPOTIFY_ID_CORRECTION,DB SP_ID: 3U2GaqJT63VPxMnQYJbKGa | Correct SP_ID: 41D3C8PNtiwegiXxyiIo5a,2026-02-15T02:38:24.637999
4494,Low Budget Slow Motion Soundtrack Song for the Leaving Scene,084219b9-4c6e-4ecf-8f8d-c192d45648fe,SPOTIFY_ID_CORRECTION,DB SP_ID: 3WVNGFet0UMYBFp7h0TnLX | Correct SP_ID: 5BQ36yPZBSQXL9JVGjJOGJ,2026-02-15T02:38:35.551885
17752,Not Today - Japanese ver.,83941658-a095-4f2f-ab8c-21a7088d398a,SPOTIFY_ID_CORRECTION,DB SP_ID: 7tHMnD6UuU9sNR1zlSJ6Lp | Correct SP_ID: 6aJj9OlLiZVagW8fd8ZtK3,2026-02-15T02:40:22.327954
14088,soul gem,f3695aac-a0d5-40ce-a70b-65a94d5f14b7,SPOTIFY_ID_CORRECTION,DB SP_ID: 6P1AurHK63LYZkuh2vW5CR | Correct SP_ID: 3py5j73XAo3riadurDA9UG,2026-02-15T02:41:02.218010
13963,Tear,b0be226a-e4f6-47bd-b328-135d17472b09,SPOTIFY_ID_CORRECTION,DB SP_ID: 3smbno1dKL410vC27M5KOS | Correct SP_ID: 27yKZtF7WLdmlLoW8qMssq,2026-02-15T02:41:38.617174
10159,センチメンタルクライシス,75ac954c-e556-44ef-be21-6a9b021eefd3,SPOTIFY_ID_CORRECTION,DB SP_ID: 48gbPVwayrBnpyrjaQxP2q | Correct SP_ID: 31fN64zoCHnWmFmPVmiVJT,2026-02-15T02:41:46.081213
19149,FOOLS,fe6b9327-95c5-4e54-8553-4e783a4bf199,SPOTIFY_ID_CORRECTION,DB SP_ID: 6qZ17ddjdfmpb61IxiUHlU | Correct SP_ID: 0tjfognbowyFM3RHTdxjPK,2026-02-15T02:42:41.200903
16023,Don't Worry,fc1f288c-9dd7-4b7a-8377-59cbc9d73d9a,SPOTIFY_ID_CORRECTION,DB SP_ID: 1JleMfSpubcbXheeRN7QRM | Correct SP_ID: 6zElYvJefW6ELiAbwrtAYw,2026-02-15T02:42:55.802642
14499,It's You,a3127015-7604-4ff3-b9bf-64143e62a2a7,SPOTIFY_ID_CORRECTION,DB SP_ID: 3hm4axDodp2jFEDohQfXxV | Correct SP_ID: 61OtYav1fiUCr73JwZD2Sb,2026-02-15T02:43:21.234979
15684,Corn,b36644f4-d296-498f-b8e9-f67edacad1f1,SPOTIFY_ID_CORRECTION,DB SP_ID: 62lfv7Mu5cVaXOCEW6zqUJ | Correct SP_ID: 0UkOdQL5aE6KEsb2a7rtbt,2026-02-15T02:43:32.111158
17547,XO TOUR Llif3,d2c4c05c-acfe-46c2-a46c-7950dca19d93,SPOTIFY_ID_CORRECTION,DB SP_ID: 0q1iweKeEOzuxrWL7cOckw | Correct SP_ID: 709X6Y2sk0DzL1RLdaBOL2,2026-02-15T02:43:46.820758
11733,紅蓮華 -TV ver.-,8b824188-e75f-49ef-93d5-d5bd1f3b9135,SPOTIFY_ID_CORRECTION,DB SP_ID: 41XX3SoZEsamlIGhC35sMg | Correct SP_ID: 5Xs2wcsqZwZ6bfLSpAs08G,2026-02-15T02:44:23.692191
15784,Peas,ebc8664c-b8a9-4360-9319-3f5aee16e07d,SPOTIFY_ID_CORRECTION,DB SP_ID: 2CmdLKXAMimlnHptWJavgP | Correct SP_ID: 6K1ZoUgGp9VQQ8JzQey7T8,2026-02-15T02:44:31.224803
15904,Breakthrough,4161fb4d-a62c-4248-a82e-a1e466ad8d78,SPOTIFY_ID_CORRECTION,DB SP_ID: 6rNkITjuW2Jadr3Bv0DbHb | Correct SP_ID: 5COO2JgOmHIJ2jsXFwflz8,2026-02-15T02:44:38.384612
17297,Reggaetón Lento (Remix),e6841cf3-71e1-4aed-8fe7-bf19aa054053,SPOTIFY_ID_CORRECTION,DB SP_ID: 5PB8zB1MOZASboLquvinMF | Correct SP_ID: 58gqyeFXhOttZW3yetJGPN,2026-02-15T02:44:42.131377
13430,Darl+ing,38de1208-4b73-43cd-bcad-1b054a6b88ab,SPOTIFY_ID_CORRECTION,DB SP_ID: 6vo0dV9t7PCQZKsLFwVwZ5 | Correct SP_ID: 2j1Es5qEl4pD8GEe2WsYgP,2026-02-15T02:44:53.303752
20077,Lovin' Start,34c6f116-3ef3-4de4-b1da-2d41d2ae09ef,SPOTIFY_ID_CORRECTION,DB SP_ID: 1zeeDAyf0nsgHdVL0YZlK4 | Correct SP_ID: 4D8KUxGtGk4GyLzLJeFU8A,2026-02-15T02:44:56.942686
1926,IM NOT GOD BUT I WISH I WAS (feat. Joeyy),86d43fd8-90e9-4457-8ba7-4bc468196f08,SPOTIFY_ID_CORRECTION,DB SP_ID: 6tqgWsn8X6toxh1zZpcbor | Correct SP_ID: 1DumrLl1vul7cpednU0E8w,2026-02-15T02:45:04.366926
16722,BOOMBOOM,b84fbd70-400f-460a-9d1b-aca5f7be7b4d,SPOTIFY_ID_CORRECTION,DB SP_ID: 0pWxUlYb3EM2WkcTJfwBdP | Correct SP_ID: 5qnBT6fE5Sb1MRibpBHjnv,2026-02-15T02:45:40.219510
17374,Smile Flower,bf93a028-e9af-4047-aa43-40cf74aa7138,SPOTIFY_ID_CORRECTION,DB SP_ID: 054sQZ2qmw0Ya7N0XSxl3j | Correct SP_ID: 6KPfmnzbWC8Lr7A7Rh5P2P,2026-02-15T02:45:43.826772
1120,"Feedbacker, Pt. 4",114355bf-131d-4124-b031-35d6e96bb519,SPOTIFY_ID_CORRECTION,DB SP_ID: 1TlQeVEObEjfys0Eip5Dg9 | Correct SP_ID: 1ff03Y6n1NGStca4sWnfSF,2026-02-15T02:46:12.058451
2551,Lost Somebody (feat. Katia Cadet),8cc3eaec-0789-450c-990c-3b29b976bfb1,SPOTIFY_ID_CORRECTION,DB SP_ID: 2J8MwNEqmnhwbVQoqG7tnh | Correct SP_ID: 7AbJeHNfLe34pUxaajz1TV,2026-02-15T02:46:47.212286
12422,MOONLIGHT SUNRISE,ac7a8b91-7996-42d7-a33f-09a9f8568d65,SPOTIFY_ID_CORRECTION,DB SP_ID: 2foowdvesE4yiiuxH25D6q | Correct SP_ID: 5NcLyVjUgG0yfwHgr5t81w,2026-02-15T02:46:50.854216
13204,You Lie All The Time - Bedroom Session,022573df-000a-41d0-96e9-2b0fcafd7e8a,SPOTIFY_ID_CORRECTION,DB SP_ID: 5lSWzMGwYLURMkYKSaplvR | Correct SP_ID: 2nXZih9RtDvbICsw2QfRGO,2026-02-15T02:47:21.076175
465,CASPER (with Maruja),a0adc1d3-7045-4b05-ab1d-4fb42bb2e1e3,SPOTIFY_ID_CORRECTION,DB SP_ID: 40bqzt6BEkLetWWRWPl8kU | Correct SP_ID: 5GV3XzTMQftMmRjbxhhPqM,2026-02-15T02:47:24.715665
770,Insomnia,dcdb8349-2a1a-4925-b314-8640da8a6d7a,SPOTIFY_ID_CORRECTION,DB SP_ID: 2j4L3kOxgxTSGBkHl524lY | Correct SP_ID: 5vn0niIskzTDMMF54ek52S,2026-02-15T02:47:50.453987
16692,Dance To This (feat. Ariana Grande),98d74edb-45a9-4859-aee2-0ff0b355f0cf,SPOTIFY_ID_CORRECTION,DB SP_ID: 1NbGcdgwRHZ5rbPIT9hdR3 | Correct SP_ID: 2NjO87HyT80fsgejd3PLYW,2026-02-15T02:48:05.040263
12762,踊り子,bd09a525-86d8-46dc-85a5-4b305170c789,SPOTIFY_ID_CORRECTION,DB SP_ID: 4xk70Qur2QeRmWIzWPC63V | Correct SP_ID: 1YXot2MLAG9sttepCtBRM7,2026-02-15T02:48:08.686713
5815,Dronevil2,04535ef9-5127-443f-871e-85e6bbabb4a3,SPOTIFY_ID_CORRECTION,DB SP_ID: 6vJ1NQY6V7CFm3n45fwE9i | Correct SP_ID: 40oCDCFOVtuDpkRyugiXnC,2026-02-15T02:48:23.782333
4000,Without A Song - Remastered,5f4b2d8d-fa9b-4664-850a-d3fea1bdca11,SPOTIFY_ID_CORRECTION,DB SP_ID: 5OitmwoHq2qXhaYCh15DJo | Correct SP_ID: 70Ujwdj5jSJ0Km6eZ5lXh1,2026-02-15T02:49:21.139519
5883,You Know I Should Be Leaving Soon,eea38e7d-5bbb-4f0d-94b4-975a23427c95,SPOTIFY_ID_CORRECTION,DB SP_ID: 6h1pjtwblyz9pRd7mH80vb | Correct SP_ID: 3pQhCNi98XrnEMIRKoXvxG,2026-02-15T02:50:13.124854
8664,Aki No Hachiouji,b89a47ab-5e82-4f2c-94af-6a3814ed3613,SPOTIFY_ID_CORRECTION,DB SP_ID: 5NyGrU6ANiX4t1P37dEQvc | Correct SP_ID: 7pvSYCA4GGrXksdIc0fPpL,2026-02-15T02:50:23.714147
548,Stupid (Can’t run from the urge),404bd1ba-e91a-401c-b4b3-1626cebae07c,SPOTIFY_ID_CORRECTION,DB SP_ID: 51vRYl0OqozBFkhBzAPzKI | Correct SP_ID: 73ZxuaUd2twB5r8ZRUzgUY,2026-02-15T02:50:56.614030
6651,Toi Tabiji,7db9ef16-009e-4f21-bc4e-8df8bc70ef4e,SPOTIFY_ID_CORRECTION,DB SP_ID: 29yAhqVWeo63aptjXWdeig | Correct SP_ID: 5D1GLQRvdb5SXBAo2rcYeC,2026-02-15T02:51:14.721586
9139,The Darkness That Lurks in Our Mind,ce4fa184-9e4d-4bf4-83fe-17416df28158,SPOTIFY_ID_CORRECTION,DB SP_ID: 0M6zodNKRridCO8GR44R9G | Correct SP_ID: 2rehYp8Fmr4TtJuqDfCcrC,2026-02-15T02:53:05.765449
9127,Terror in the Depths of the Fog,336db6c8-78e6-4a8e-a29d-c0bbcb533080,SPOTIFY_ID_CORRECTION,DB SP_ID: 0tTYmAq1ckgsYDJfoKym6k | Correct SP_ID: 3gGeRomg4Q1JWET5BqcNwV,2026-02-15T02:53:24.333718
7402,Spring Is Coming With A Strawberry In The Mouth,837cb457-0038-42ae-a04d-634a5628ba9e,SPOTIFY_ID_CORRECTION,DB SP_ID: 6kZmkCEqlDT1Mf694iPJBe | Correct SP_ID: 0I49aN2b9qfw1UWtctmNtr,2026-02-15T02:53:28.037247
7773,Positive Contact - Bonus Track - Charlie Clouser Remix,ed527d1f-d25d-428d-9df6-6dbb4a9343ba,SPOTIFY_ID_CORRECTION,DB SP_ID: 6mKai3TB6wtorWTX47wHUt | Correct SP_ID: 0nNFD6VHH0ZJKYuRc3tyak,2026-02-15T02:53:42.484917
10848,"My Soul Your Beats! (From ""Angel Beats!"")",7b49e833-b09d-4524-a268-02d66f1a2531,SPOTIFY_ID_CORRECTION,DB SP_ID: 1S0UQ0aUXETSNGTJ2G7pXE | Correct SP_ID: 7MZLqteD1lSyffiRrLaHjQ,2026-02-15T02:54:39.080837
11376,drop pop candy (feat. ギガ),f7da9e06-43f8-4315-b373-e6d1604fa99a,SPOTIFY_ID_CORRECTION,DB SP_ID: 3fao1RoZVQPtkHY8upjezr | Correct SP_ID: 1kllk3JcIjAajDKSHdak4w,2026-02-15T02:55:04.108463
11496,Shine,8e63ce5d-0e3d-4e6f-a137-c70d1de85b99,SPOTIFY_ID_CORRECTION,DB SP_ID: 7nkp1uuSbKkoxMvEs8cSw0 | Correct SP_ID: 6CLVoOp29D2UzSEFGcGhrs,2026-02-15T02:55:21.787432
11627,ETHERIC,983171bd-8e69-4699-b3c0-a9ae02a5d0db,SPOTIFY_ID_CORRECTION,DB SP_ID: 6o3AF5SiP9QtSyQ1Z8GtbF | Correct SP_ID: 02LCzkGKc6XJmCD1KthfQb,2026-02-15T02:55:32.380122
11816,JERK!,334e9bd4-240a-46bf-9d7c-d2d614f1457a,SPOTIFY_ID_CORRECTION,DB SP_ID: 6FRiFD0r9Mnv9VFnW4A7wB | Correct SP_ID: 5ov0tRybJnWOAl3xZfcY4w,2026-02-15T02:55:46.369822
12000,Song 2 - 2012 Remaster,26d9d08e-0668-4970-b0f6-c389f117696a,SPOTIFY_ID_CORRECTION,DB SP_ID: 1FTSo4v6BOZH9QxKc3MbVM | Correct SP_ID: 2MFYdi5qCvamOfvdpEdWqU,2026-02-15T02:55:57.289079
7932,Big Poppa - 2005 Remaster,8154704f-cedf-4b1e-95b1-5ad7b5a24052,SPOTIFY_ID_CORRECTION,DB SP_ID: 5QKN4oxf5BB94Tsu1TO79X | Correct SP_ID: 2g8HN35AnVGIk7B8yMucww,2026-02-15T02:56:22.231109
12330,Go (Xtayalive 2),a2479f8c-9c10-4106-bc66-45d559b24447,SPOTIFY_ID_CORRECTION,DB SP_ID: 4RhQtQ2jSEfthFQWtgmgTb | Correct SP_ID: 1slDsIJxew9AOOA3v0xFzn,2026-02-15T02:56:29.595284
12400,ナイフ、ナイフ、ナイフ (feat. 初音ミク),2f670305-9ef5-456e-8fc9-708859ae5939,SPOTIFY_ID_CORRECTION,DB SP_ID: 4HwiyW9d8fyoKWZ8fPsnqX | Correct SP_ID: 0MSxrvzDGl3Qf2giOKMUQQ,2026-02-15T02:56:33.231517
12442,it feels so great,ef3dbbd4-8ee8-4cfe-ba3e-339314e5d008,SPOTIFY_ID_CORRECTION,DB SP_ID: 0hsy7GqLnYXv3LTZAjlrEg | Correct SP_ID: 3cqv3HkQYMeEsl9GeAUcWr,2026-02-15T02:56:36.891174
12789,Groove Back (Feat. Gaeko),8a6b2af1-b343-424d-8eef-f043907c6a92,SPOTIFY_ID_CORRECTION,DB SP_ID: 5OuhiUCyrrLNmRV2CfaVp8 | Correct SP_ID: 14Yq7FXwnF4rsWJQrLFJjY,2026-02-15T02:56:50.973362
13274,Juban District,8896c1c9-f9a7-4f63-84ed-0db14f3fd19f,SPOTIFY_ID_CORRECTION,DB SP_ID: 0MTxfrDnNX0cIQkWhCm58d | Correct SP_ID: 11WTDjjWR31OIl4iNW0zjk,2026-02-15T02:57:35.283426
14866,Ajiva,63698e03-8af7-4870-8c5c-b4e7a41999f8,SPOTIFY_ID_CORRECTION,DB SP_ID: 6u01GHEqNKkWWomyxqj6bC | Correct SP_ID: 2agIAbFOPREFxhpUuc7m4p,2026-02-15T02:58:35.304485
15659,True Meanings (Of a Ghost Viber),413e9698-3056-4f75-9822-b1d0f7a7cb0b,SPOTIFY_ID_CORRECTION,DB SP_ID: 0qkWfGzuyZMxzz1SWGWkYo | Correct SP_ID: 1gsc4sdFXgBRBjgZublBUt,2026-02-15T02:59:46.396225
15711,Bed Rain,0bc58bad-6c39-49fc-949e-fcde4fc6ab6d,SPOTIFY_ID_CORRECTION,DB SP_ID: 1eiK4oAGQ1uRZvKz4vEwgF | Correct SP_ID: 3FG2BE9ipXf6M6h5GrEuPy,2026-02-15T02:59:50.028661
15796,Grace,68e1efd9-3f45-4870-98aa-edcbc8153d06,SPOTIFY_ID_CORRECTION,DB SP_ID: 3tG3JitYn7tpZE1pUm1Koa | Correct SP_ID: 792FvPezDGMVkiDmunCa7l,2026-02-15T02:59:53.796796
15849,Doors,23a0d97d-c3dc-4eb8-8d66-d3483cbf6580,SPOTIFY_ID_CORRECTION,DB SP_ID: 2tRqteaBWNFJUJX9zVUnEJ | Correct SP_ID: 64UempD1knRK4tAwKFUjq1,2026-02-15T03:00:01.083627
15902,Secret Garden,9f1c89c3-a8fc-4c82-ad25-5a55aa7ab40d,SPOTIFY_ID_CORRECTION,DB SP_ID: 1xB3DS43HzAz7YKhjSFSwl | Correct SP_ID: 0bEMt4sXo6XeoGFpqrL5FY,2026-02-15T03:00:04.865477
9132,Love Psalm,36b5216c-1710-4660-80f7-4d793e9313ce,SPOTIFY_ID_CORRECTION,DB SP_ID: 50bpT53yH6utPi1ZMhopi3 | Correct SP_ID: 3pc3in3zwTN5ojA7CxzBJZ,2026-02-15T03:01:07.654195
18092,Still Alive,f4105dde-8144-424b-ae77-8bdc7219a178,SPOTIFY_ID_CORRECTION,DB SP_ID: 0ZHfjGYU26P7B0j1MmHeG8 | Correct SP_ID: 7DUl32UdrwpCXgs7vVXJF2,2026-02-15T03:02:00.537154
18238,1979 - Remastered 2012,b4486e7a-2688-4b1d-a1fb-32244a6ab902,SPOTIFY_ID_CORRECTION,DB SP_ID: 3Y8Ff1nH44jFywAtpgmleZ | Correct SP_ID: 5QLHGv0DfpeXLNFo7SFEy1,2026-02-15T03:02:12.272293
16460,I wonder if we're dead,82f003fd-c4fc-4913-b8f6-ae4a3fea2e80,SPOTIFY_ID_CORRECTION,DB SP_ID: 1eCLpP3OsLjYBWU76baxGw | Correct SP_ID: 02jGRrcLD2F2xA2SKqcC6C,2026-02-15T03:02:54.171491
18157,Wi-Fi (From Monthly Project 2017 February Yoon Jong Shin),09f9d638-662b-4809-b8b1-1d2354bcdc25,SPOTIFY_ID_CORRECTION,DB SP_ID: 2mOO8wqmZVHgxCGF2xtGJp | Correct SP_ID: 2t1qyIrIeg5F4Am5yMRjyX,2026-02-15T03:02:57.981493
19398,Sugar (feat. Francesco Yates),f7d5b8ba-f031-40c9-bf8a-42476976cf97,SPOTIFY_ID_CORRECTION,DB SP_ID: 3NFuE3uDOr6QUw9UZ9HzKo | Correct SP_ID: 5tf1VVWniHgryyumXyJM7w,2026-02-15T03:03:48.690791
18817,3.6.5 (Chinese Version),5ada0965-7fca-4623-aa48-cf2e8e1ad044,SPOTIFY_ID_CORRECTION,DB SP_ID: 3E29VjkpQlzslDyCqYewDm | Correct SP_ID: 4YLOcmfKP0VpwUvxZakCJG,2026-02-15T03:04:37.872473
9086,スクールフィクション,887da454-78a9-4eb6-a36e-0f7fd3ce90bd,SPOTIFY_ID_CORRECTION,DB SP_ID: 42doN0g9UaMBHqnv6ojjnw | Correct SP_ID: 002yGizGkM8EohXu2noJSy,2026-02-15T03:06:34.970562
9711,One Summer's Day (The Name of Life) - Japanese Version / from 'Spirited Away',28d1ae57-18b5-4d1a-bb69-c48999bd106d,SPOTIFY_ID_CORRECTION,DB SP_ID: 5tnSl9QmQLvlaQE482DWZh | Correct SP_ID: 4VHHv01n0madqFhVWf4vjE,2026-02-15T03:06:42.169968
9148,White Noiz,7dcfda8e-06c2-4fca-9d3c-b60c10ff7dba,SPOTIFY_ID_CORRECTION,DB SP_ID: 1CRJxkP6kPinaAVA2OpWcZ | Correct SP_ID: 3JjXYP1XVbcrFYwgbFsPCZ,2026-02-15T03:07:28.482688
1243,Locals (Girls like us) [with gabby start],db0e0bf9-6af5-4c5b-80de-d162a4e8c701,SPOTIFY_ID_CORRECTION,DB SP_ID: 0MK6lVnmhVulpP62vkZBWV | Correct SP_ID: 42FM6tM3n06euZCvpJn3dn,2026-02-15T03:07:39.590074
20261,Set The Fire To The Third Bar,0d8e4a55-bcb7-4695-a884-bc78f3cddcc7,SPOTIFY_ID_CORRECTION,DB SP_ID: 2PQb0GbjqxVobQPaPuBg8x | Correct SP_ID: 5g0afUZsh5hiXBOT3eXuwd,2026-02-15T03:07:50.463643
12984,As You Wish,6b62b51d-160e-480a-9cda-69041e99b2e7,SPOTIFY_ID_CORRECTION,DB SP_ID: 42zMiF3EFBg5CsYbgKdhj1 | Correct SP_ID: 7AeQDxe2ITcIndWBkEPBxy,2026-02-15T03:08:51.252850
14920,Merry Go Round of Life (From Howl's Moving Castle Original Motion Picture Soundtrack),5a048849-228b-442e-a28d-95ad83187396,SPOTIFY_ID_CORRECTION,DB SP_ID: 4Ijwesioa4wOJMiZIbxqNz | Correct SP_ID: 1t6aGUzk6gStBPKM9xmGVG,2026-02-15T03:09:12.430916
15540,heart beat,b3ea30ae-2fc0-494f-b826-7f9cedb0c887,SPOTIFY_ID_CORRECTION,DB SP_ID: 0P8QLbpPwbkxiVpN1cX58B | Correct SP_ID: 0RRJTdlglhXNWOjo3i2QJN,2026-02-15T03:09:20.043634
15595,Enchant,5620abd5-a516-4780-90b4-b9119be98243,SPOTIFY_ID_CORRECTION,DB SP_ID: 0sMfigk2Kj6UHSTCdzSAda | Correct SP_ID: 3c0sVvD6QGcPtw1TiOKvVe,2026-02-15T03:09:23.715072
13959,Bông Hoa Chẳng Thuộc Về Ta (Wind Remix),92ede433-502c-46d5-a8df-89deb88e1937,SPOTIFY_ID_CORRECTION,DB SP_ID: 0ZjQJ25xxAwp1Jn36RJotr | Correct SP_ID: 7bn8ckDTI4EQIKZ6jRL4K0,2026-02-15T03:09:34.497033
15900,Feel Special,39bdfa1d-b92d-40d0-ba04-8297e63d77a2,SPOTIFY_ID_CORRECTION,DB SP_ID: 0u7aRGM7YmvtsmG5NSrNsO | Correct SP_ID: 3Hz3tTQwOdM6XkA0ALB2G9,2026-02-15T03:10:15.276614
11853,enchanted night ~ white night,83856186-c82e-422a-8c24-e45699bf7a07,SPOTIFY_ID_CORRECTION,DB SP_ID: 1Vrng0PZTXCEq9MiaUj1rd | Correct SP_ID: 3kmsW5AEsHED30D7W3EcLQ,2026-02-15T03:11:15.645258
18719,Your Name - Live,b3c0e2f2-0ad2-4c6b-ac06-78149f94614c,SPOTIFY_ID_CORRECTION,DB SP_ID: 2P5YaMkDdkeugYERZIKnDg | Correct SP_ID: 05qgi1Fwl16IcPglsl7AGm,2026-02-15T03:11:26.408978
719,"Flamenco Sketches (feat. John Coltrane, Cannonball Adderley & Bill Evans)",bc80349a-c5d6-4d35-8d29-87d5b10e5d5d,SPOTIFY_ID_CORRECTION,DB SP_ID: 6dRx7OUXfvosnXG3g9lWGi | Correct SP_ID: 4QrQ1zC1UJW2i3GKbDeNTT,2026-02-15T03:11:47.676069
1986,"Schubert: String Quintet in C Major, Op. 163, D. 956: I. Allegro ma non troppo",9885d085-bdb9-4f79-9c74-498d2a377e24,SPOTIFY_ID_CORRECTION,DB SP_ID: 2AesgBx79cpMT3f4mQsnOS | Correct SP_ID: 0NcdrSrPlwE5iPhhsrjarl,2026-02-15T03:11:51.497943
1195,"Schubert: String Quintet in C Major, Op. 163, D. 956: IV. Allegretto - Più allegro",1c2b788b-bcca-4f49-ae7e-7837078baaf8,SPOTIFY_ID_CORRECTION,DB SP_ID: 2z5zGUPCk9jYMkNzym1ucp | Correct SP_ID: 10kKXZByOJskMsl9UQhjsa,2026-02-15T03:11:55.388826
9638,Petite suite: I. En bateau (arr. H. Busser for orchestra): I. En bateau,d0176535-1624-41da-a1c0-abbd96186206,SPOTIFY_ID_CORRECTION,DB SP_ID: 4M8c7X7ZnIvsH8dtJw5aW6 | Correct SP_ID: 742O6EGisWeMNDlVKeRJHB,2026-02-15T03:11:59.101075
5170,"Schubert: String Quintet in C Major, Op. 163, D. 956: III. Scherzo. Presto - Trio. Andante sostenuto",40d11638-cc59-4a81-bd38-b8ae1ef34fda,SPOTIFY_ID_CORRECTION,DB SP_ID: 5YCTkuj260pdlWngqMFgQ7 | Correct SP_ID: 5spnlybDH0bx4YwikqmOpJ,2026-02-15T03:12:22.681341
18709,BANG BANG BANG,bdab31a6-44c0-4cbd-bfc5-866fadc041c2,SPOTIFY_ID_CORRECTION,DB SP_ID: 36tSJjMdDZeQFFIZIHYtd8 | Correct SP_ID: 4Dku5HwdwweHyc9LrOL4AB,2026-02-15T03:13:24.613062
343,Atmosphere - 2020 Digital Remaster,7b744b0b-06ea-4140-bf38-59f74d2c5a8c,SPOTIFY_ID_CORRECTION,DB SP_ID: 7k42ztYdHyKWrKrENxwjkV | Correct SP_ID: 0NBgmP6Yg5xZYsnIZ0pGdo,2026-02-15T03:13:28.234845
16729,Porco Rosso - Madness,415f88be-3c36-4f9e-8e0d-e2ba4b704d3f,SPOTIFY_ID_CORRECTION,DB SP_ID: 1w4HzMJUqcbtoemQwv8iMx | Correct SP_ID: 3mWTIU8nuFokLd8Sn3V283,2026-02-15T03:13:47.967925
14520,ok on your own (feat. Carly Rae Jepsen),155dbf97-2ec2-446b-a5aa-8a844cfafff1,SPOTIFY_ID_CORRECTION,DB SP_ID: 0NQVgHBvMgOLGn3uLrdibq | Correct SP_ID: 3B3AzChR44z7JxsiWB47Xw,2026-02-15T03:14:15.167303
13554,Wash,0128dc16-4bf6-4f9b-82d3-a696f764c467,SPOTIFY_ID_CORRECTION,DB SP_ID: 0M9q4H3pQaoNUgBXZj34U1 | Correct SP_ID: 5E47kQeJgQkSZJuKSRbqOg,2026-02-15T03:14:29.708430
13466,Beyond Love (Feat. 10CM),f44040f3-c4eb-42be-9698-7b1e8229a7e5,SPOTIFY_ID_CORRECTION,DB SP_ID: 0HsRZwZzHoZ5AM5W2ZYI5c | Correct SP_ID: 7xpJzQpPbsacW6Cdxzb7JA,2026-02-15T03:15:35.487400
738,The Perfect Kiss - 2015 Remaster,ec0da94e-fbfe-4eb0-968e-024d4c32d1d0,SPOTIFY_ID_CORRECTION,DB SP_ID: 265mb9od3km5tI78X3WrUn | Correct SP_ID: 0T4X2GccMCUlsjrTV1L9jw,2026-02-15T03:16:00.696462
18690,Oh Yeah (feat. Park Bom of 2NE1),d8d8208f-9fa9-4279-8da2-362947131ef4,SPOTIFY_ID_CORRECTION,DB SP_ID: 2rPldM3LvVScZkI7drfLuI | Correct SP_ID: 2hn0s9jTuO4GqVAZboT7w8,2026-02-15T03:16:04.440182
750,untitled #3 - Samskeyti,81902f55-cba5-45e9-ae3d-8cc4b4a5eb27,SPOTIFY_ID_CORRECTION,DB SP_ID: 1QUiA9aecDOOnf32A9ZrtW | Correct SP_ID: 2zkZGzzWOzGwi1rtWv7mhZ,2026-02-15T03:16:44.622227
658,Paradise - 2015 Remaster,36518a59-ed2d-4486-8fba-37267622f30d,SPOTIFY_ID_CORRECTION,DB SP_ID: 6Kl4KyWGRrj2rjkyzWTRbQ | Correct SP_ID: 0vNeV6bl2TyXjKKJRwnVrG,2026-02-15T03:17:10.169841
756,Twenty Four Hours - 2020 Digital Master,68bbef4b-5cdb-44b0-be36-2fe3f43d4087,SPOTIFY_ID_CORRECTION,DB SP_ID: 5RaquHTS3o2qz44TVyLzKg | Correct SP_ID: 36HznXQNGoen7dwq4Vv6nP,2026-02-15T03:17:13.843137
845,Blackbird - 2018 Mix,17416564-fb6e-471c-a4ad-0bfc45292cd9,SPOTIFY_ID_CORRECTION,DB SP_ID: 2oMVSmJx1l2FVXjVbx5DTc | Correct SP_ID: 5jgFfDIR6FR0gvlA56Nakr,2026-02-15T03:17:21.133959
919,Sign O' The Times - 2020 Remaster,656a7f88-a561-4243-854a-3e6a774c1871,SPOTIFY_ID_CORRECTION,DB SP_ID: 7CqFMR3yj95Yuwagq5XsLR | Correct SP_ID: 6HPdVX2TjOAzV1BJCn9Jbr,2026-02-15T03:17:28.264702
3333,Thunder,ed487b3a-f7fc-44ba-ab30-d2166316aed7,SPOTIFY_ID_CORRECTION,DB SP_ID: 1QicwTdJnnAk4LGJwXr9FE | Correct SP_ID: 59aiyxy7bm2wNyz5JYAOeb,2026-02-15T03:18:00.807526
265,Disorder - 2019 Digital Master,00951422-0351-4b13-ad52-77233ac375eb,SPOTIFY_ID_CORRECTION,DB SP_ID: 2OPmhk5vO4qiYE4LEAC9hs | Correct SP_ID: 5fbQCQt91LsVgXusFS0CCD,2026-02-15T03:18:12.021776
1938,Wealth - 1997 Remaster,4bc8dd9d-f149-4590-b538-1b31e324f51d,SPOTIFY_ID_CORRECTION,DB SP_ID: 3zxgN1ON3BkHSK8OIoTxr2 | Correct SP_ID: 2xx2dPs4NbdeWqRu3wtbqC,2026-02-15T03:18:19.540537
4721,Kokoro No Sekai,05026c9b-a46c-4394-b996-3fba6830601a,SPOTIFY_ID_CORRECTION,DB SP_ID: 0xvqGKx1DpnDBrDPsG6ysq | Correct SP_ID: 1Lu6XoAbnngrTMhO4PXLU0,2026-02-15T03:18:47.451737
3530,Piggies - 2018 Mix,9506a3df-d210-43ba-9d50-30bf45e650ae,SPOTIFY_ID_CORRECTION,DB SP_ID: 1koFbbNy8BJvG63B0ExZEQ | Correct SP_ID: 4ZmjfLdJXbqjAENqk7eWSE,2026-02-15T03:18:51.101524
3525,Julia - 2018 Mix,dda183c0-8697-49fa-a971-6632e6a8c31c,SPOTIFY_ID_CORRECTION,DB SP_ID: 2fS3WRUilBxRoFMk3HVaoW | Correct SP_ID: 5FnpXVgDOk2sLT58qM22Of,2026-02-15T03:19:02.403559
3524,Birthday - 2018 Mix,2438d03e-c7a9-4876-be5b-ad260bc5c027,SPOTIFY_ID_CORRECTION,DB SP_ID: 1LT1LaG2hOR8VB2zzMcDjL | Correct SP_ID: 1ABegtCPBMMJaMpfDyATjE,2026-02-15T03:19:06.096903
3520,Sexy Sadie - 2018 Mix,838af2bf-4775-4585-bf03-ccde4be50860,SPOTIFY_ID_CORRECTION,DB SP_ID: 6jQYMZNNNFOljhzo65MBL3 | Correct SP_ID: 2tBv9tAdqEbLNDi5smSjbg,2026-02-15T03:19:09.714004
3516,Honey Pie - 2018 Mix,79eaa087-edbe-43af-b7d2-de06ecf8cd90,SPOTIFY_ID_CORRECTION,DB SP_ID: 4zLY4SsBmfFo3gsk6GCjUM | Correct SP_ID: 1TPcNcmuKlq0PKpYOBgP1U,2026-02-15T03:19:13.403978
3512,Good Night - 2018 Mix,27f19d5f-a9dc-4b04-b7ff-54d045c1487c,SPOTIFY_ID_CORRECTION,DB SP_ID: 2PWnAe9C52xvJYhBFNuIqm | Correct SP_ID: 3T4Kt51PV4k8tx6YCtBgcl,2026-02-15T03:19:17.071225
2123,Electric Guitar - 2005 Remaster,3ad98f8d-2ccf-4c38-a031-ec3a49984d39,SPOTIFY_ID_CORRECTION,DB SP_ID: 04xgGiUefNOWhtcQQx5Kzg | Correct SP_ID: 6MbNpfq2PhDtyD0PwlTWew,2026-02-15T03:19:31.410092
3866,Don't Stop - 2004 Remaster,1c0a78be-b883-4c5d-93f2-4f48405dbcb2,SPOTIFY_ID_CORRECTION,DB SP_ID: 4bEb3KE4mSKlTFjtWJQBqO | Correct SP_ID: 0JWqhXZWac03JFnt6qafGG,2026-02-15T03:19:35.185938
1256,Decades - 2020 Digital Master,5b89687d-f8bd-40be-9e65-e69c9e2b6a66,SPOTIFY_ID_CORRECTION,DB SP_ID: 4tX1L7YYwkXeQAuQJ4Yhl2 | Correct SP_ID: 1nht40JT9sTCtXxrpPi5Gm,2026-02-15T03:19:39.064091
1656,Fuwarin,96f23c5c-ccef-4b85-884b-1161f866dc5e,SPOTIFY_ID_CORRECTION,DB SP_ID: 3rrnySg869TQvhEPfg3mMR | Correct SP_ID: 3B7wgtlmTXGfAiMRnq1NmS,2026-02-15T03:19:42.736114
3922,Hold My Life - 2008 Remaster,33cf6090-01c9-473b-a1e3-89dfa1e17e9b,SPOTIFY_ID_CORRECTION,DB SP_ID: 6jH3MYroFrPD1pTGAHOI6p | Correct SP_ID: 6dgu706REjc2gXB3NGAgD3,2026-02-15T03:19:53.809759
3919,Dose of Thunder - 2008 Remaster,5be15b00-f232-45f7-8f0b-f926d2df9e48,SPOTIFY_ID_CORRECTION,DB SP_ID: 2QmkOSQs5hXx4q6UUCBHUe | Correct SP_ID: 68SK5qaAwri56lFpg1iMdj,2026-02-15T03:19:57.435677
2069,Heaven - 2005 Remaster,69c13a2e-80bd-455a-a02e-09d05bab4f23,SPOTIFY_ID_CORRECTION,DB SP_ID: 5IpKduzyTWSCebGXkfJ2Mm | Correct SP_ID: 5P5ThE0vm8kwEUF6hlJ6dx,2026-02-15T03:20:22.550606
1033,Candidate - 2019 Digital Master,d7d7ac38-1fd1-4bfc-b593-f9b6158ba546,SPOTIFY_ID_CORRECTION,DB SP_ID: 4dYME2vEklDwBIYYxZ1tRx | Correct SP_ID: 7fFTRgP7x9rsGPIvnfkthJ,2026-02-15T03:20:59.372626
1032,Insight - 2019 Digital Master,c67abe29-533f-4354-b818-c20168d215d0,SPOTIFY_ID_CORRECTION,DB SP_ID: 0ETHMWVurMZA72k2uUESfq | Correct SP_ID: 7oNu4gShXbbM1GBJtfJucq,2026-02-15T03:21:03.191941
1031,New Dawn Fades - 2019 Digital Master,fc425fc4-e883-4c10-9345-63c99a0126b9,SPOTIFY_ID_CORRECTION,DB SP_ID: 6Ox9HWLHipsG6RH2a3eB8h | Correct SP_ID: 5EabbLQZbdhCqG6aK9PFLU,2026-02-15T03:21:06.841752
1028,Wilderness - 2019 Digital Master,7401ad55-395d-40a1-a463-a5468711023c,SPOTIFY_ID_CORRECTION,DB SP_ID: 5YCjJwmUKpUQRzgPDm3iFm | Correct SP_ID: 69uyiCMqXdr7qVYGHL4I8t,2026-02-15T03:21:10.441699
1027,Interzone - 2019 Digital Master,f2bbc062-2387-41fd-b079-2ecd7e5b3ca6,SPOTIFY_ID_CORRECTION,DB SP_ID: 4yvgL1k1WkuSEHkMPhDF5X | Correct SP_ID: 3iMq9V0Ece9ubjWAYVcMwj,2026-02-15T03:21:14.235871
4435,Waltz #2 - Radio Edit,3cb2cb82-d3c7-4d5a-929b-38dcb9d08d96,SPOTIFY_ID_CORRECTION,DB SP_ID: 0RLflnayEwYhKrxbPO49IU | Correct SP_ID: 4SD4ri0Msp6DxgoXKcf6ug,2026-02-15T03:21:39.925493
5606,Weirdo - 2015 Remaster,85510098-e2d7-4999-b983-a40e985c29b7,SPOTIFY_ID_CORRECTION,DB SP_ID: 7F2CwxOBxKnvxVDVHaWxiN | Correct SP_ID: 2iurA3nSsyC52aowfjY28S,2026-02-15T03:22:14.407214
5604,Broken Promise - 2015 Remaster,a33c8f42-fb27-42f3-bdf3-a713865ad88d,SPOTIFY_ID_CORRECTION,DB SP_ID: 57dWRNgtgWpSxz1oDG1si4 | Correct SP_ID: 5qzOqGo27cXSkDzTGgZaAY,2026-02-15T03:22:18.097987
5451,All Day Long - 2015 Remaster,c7156ed3-8557-4421-8230-f2955a737b41,SPOTIFY_ID_CORRECTION,DB SP_ID: 0tENLjmPZlhQ8mZHaOAhub | Correct SP_ID: 3fpPXbov1Tfv4gNWn7iGeF,2026-02-15T03:22:21.715812
5602,Angel Dust - 2015 Remaster,c8156782-e39d-49da-9b2f-42917fd0549c,SPOTIFY_ID_CORRECTION,DB SP_ID: 2q64FIm2fRJKeu9bYE4hg4 | Correct SP_ID: 6eOSSJTrIDi0WAmLOFr4wh,2026-02-15T03:22:25.396803
4233,Paperback Writer - 2022 Stereo Mix,36e67942-9168-438a-aa95-edf49bfa7b99,SPOTIFY_ID_CORRECTION,DB SP_ID: 08Yu7UpXDrghKeUNa9Gnux | Correct SP_ID: 0oBM6Tjg1yyJkFonrYsqys,2026-02-15T03:23:41.855253
4810,360 featuring robyn & yung lean,7540279d-24e7-457c-9857-12f0dc896fff,SPOTIFY_ID_CORRECTION,DB SP_ID: 3NjQ6afQ34QwfE5tCSIVFm | Correct SP_ID: 4gzzKqbaLeOIWTPG80UfXb,2026-02-15T03:23:53.109632
4809,Club classics featuring bb trickz,de639325-6009-412f-8ef1-306f3d0f865c,SPOTIFY_ID_CORRECTION,DB SP_ID: 4c252FOXsYUwrSRv8g9aei | Correct SP_ID: 2zbtUOuh8lREqhg8JCRrhs,2026-02-15T03:23:56.776244
4808,Sympathy is a knife featuring ariana grande,1978242d-fb2f-4be9-85f2-4ffaa8530275,SPOTIFY_ID_CORRECTION,DB SP_ID: 0il9ELJDirmF299OiChNHi | Correct SP_ID: 3nQ24dxqvxZEVwlHTeuLz0,2026-02-15T03:24:00.460769
4806,Talk talk featuring troye sivan,8ab2862b-8227-4856-8a7c-f8319191d912,SPOTIFY_ID_CORRECTION,DB SP_ID: 6KGf8ituOmgiC44qe1TrHm | Correct SP_ID: 7CwWhMGWICOl2ICwbk3QTE,2026-02-15T03:24:04.387756
4803,Rewind featuring bladee,13e55560-dd59-4155-9d86-76f5c0bf3067,SPOTIFY_ID_CORRECTION,DB SP_ID: 671CE4Sd2GNd46cyjNOHsO | Correct SP_ID: 0aezkNKaZGeJKMPKBSezlP,2026-02-15T03:24:08.126506
4801,B2b featuring tinashe,26a2d474-fa54-4d9e-9c77-5ee94b7b5204,SPOTIFY_ID_CORRECTION,DB SP_ID: 2EeLbvX0fJuS2Rix9l93xK | Correct SP_ID: 2xsvVV9DXvYtqXId9Uf2ra,2026-02-15T03:24:11.898141
4798,365 featuring shygirl,45cfecd7-fd43-45d5-a530-94ef921617b8,SPOTIFY_ID_CORRECTION,DB SP_ID: 5t4xArxems9xV4SJFJjNQB | Correct SP_ID: 5xyaPwLmgoyGlDDu2H0Uix,2026-02-15T03:24:15.705244
3118,Guess featuring billie eilish,8a1aba5a-c84b-4499-8d8b-5a8dd19fe863,SPOTIFY_ID_CORRECTION,DB SP_ID: 0Do1AZJJ03M0g8MmzUXLYf | Correct SP_ID: 0IsIY8pfu1yaGkPUD7pkDx,2026-02-15T03:24:19.377710
3966,Starman - 2012 Remaster,308bc940-c25c-4847-ab55-4c4cf22683bc,SPOTIFY_ID_CORRECTION,DB SP_ID: 0pQskrTITgmCMyr85tb9qq | Correct SP_ID: 747knUhXoUsA6J0v2woVh6,2026-02-15T03:24:23.065575
9157,Untitled #9 - Smáskifa 1,8eeca930-6677-44d5-ae1c-d209c4809af5,SPOTIFY_ID_CORRECTION,DB SP_ID: 2HwjsEb0xaxURY5gN8X6q5 | Correct SP_ID: 4v71ynYgccYJjHvqrusW6u,2026-02-15T03:24:56.246240
7106,The Overload - 2005 Remaster,bb08a876-e88a-470e-8472-351ac82534c6,SPOTIFY_ID_CORRECTION,DB SP_ID: 4627xzFkr4qymUx03um6FX | Correct SP_ID: 3HBpOyKIvfSKysKZyXlaVY,2026-02-15T03:25:07.728381
6266,Heart and Soul - 2020 Digital Master,3a41df18-4b6d-4aff-8151-31817ff9a265,SPOTIFY_ID_CORRECTION,DB SP_ID: 0CB8UyGmMO0G7nLEmjmCyn | Correct SP_ID: 4SDscXJTjdF2YgSkYADyU0,2026-02-15T03:25:33.743641
6827,These Days - 2020 Digital Remaster,0d250fda-2e8e-4ca0-910a-015acdf51131,SPOTIFY_ID_CORRECTION,DB SP_ID: 00n7hqvg3U8OE5tqlKUaqm | Correct SP_ID: 1zHGxRrFtetIYRmUoO1pxR,2026-02-15T03:25:51.874070
6829,Colony - 2020 Digital Master,d92fcf81-9d88-43f7-9267-6c071daf7fe7,SPOTIFY_ID_CORRECTION,DB SP_ID: 2xdVantHk5zayugYswViOh | Correct SP_ID: 7CSrmKCRz7g9Z4GdKg3Asn,2026-02-15T03:26:21.192084
6828,A Means to an End - 2020 Digital Master,5e5df4d1-a825-4df3-b43f-60d9a4bf8566,SPOTIFY_ID_CORRECTION,DB SP_ID: 3sAsM39lExnrDY9R3NCNh2 | Correct SP_ID: 4HgxCQLqNcd8s6lyoR4aag,2026-02-15T03:26:24.781990
11744,Woo (Sped up),009f6c61-2d99-4082-8484-a363f87d104a,SPOTIFY_ID_CORRECTION,DB SP_ID: 4nbSTYGVj7WMD3gAxTLaR5 | Correct SP_ID: 3HfeMRyslQQb5Ysc4RzNIS,2026-02-15T03:27:53.339462
11151,"if i diseappear, who cares? (interlinked)",8b5d7726-b8d3-4d1b-a6f4-2b39bf7cd0ca,SPOTIFY_ID_CORRECTION,DB SP_ID: 2vUuaK1WUOt692EJhSoiWm | Correct SP_ID: 1yIXJBi65M2CDk2nCEcDjj,2026-02-15T03:27:56.951881
6830,Passover - 2020 Digital Master,c6b5d334-d175-4c0b-9dae-a91eaf1d0f44,SPOTIFY_ID_CORRECTION,DB SP_ID: 1HEHQ6UgRvbJ4byX7JIuF9 | Correct SP_ID: 6SnD5dJk06mhNQvvF270cw,2026-02-15T03:28:14.937192
9373,Crazy For You - Alternative Version (Demo Version),4c62b2f6-e4b6-48c6-ad90-13b071644641,SPOTIFY_ID_CORRECTION,DB SP_ID: 5154t1ROIfmVpNkIshh7Co | Correct SP_ID: 3fkGBlccVkaMmILxBB06nK,2026-02-15T03:28:37.541946
10572,ЛЮБОВНИК_*2222*LOVESS,ab92b603-81f3-4424-ae47-92459d000a25,SPOTIFY_ID_CORRECTION,DB SP_ID: 0t8EUFWprIElEXKin6nR9Y | Correct SP_ID: 2ts1E7d38ORy4uiHTW4SSv,2026-02-15T03:28:48.587970
7346,Love,613d09f3-5cbd-4d45-800b-d2cb65d9ef89,SPOTIFY_ID_CORRECTION,DB SP_ID: 1gcsu3uOvqhKkDUJAfARkw | Correct SP_ID: 0g6jJxuHv9p5VD0OvsnaJQ,2026-02-15T03:29:13.787342
11948,2022 Tanging Ain't Dead Cypher,98d11f79-5dc2-474f-97cd-e6b1cb2dd17d,SPOTIFY_ID_CORRECTION,DB SP_ID: 45sv69N1tMsztMhOj6yhfz | Correct SP_ID: 3JugpMez8fv0UXUsEDVdIo,2026-02-15T03:29:17.448708
10934,I Will Survive - Single Version,c4714305-2da5-4592-97b4-6239ef900584,SPOTIFY_ID_CORRECTION,DB SP_ID: 5xdlnf7VOBlgoO6ckL4qSC | Correct SP_ID: 009pAdYS6e8pHTA1J80xeO,2026-02-15T03:29:30.534337
14739,Dynamite - Retro Remix,584e97a1-5efc-4aaf-a179-2c6e7a0c74bd,SPOTIFY_ID_CORRECTION,DB SP_ID: 71g5YNZv9ysuAZVPuxOmiC | Correct SP_ID: 46cgcwt80u5CaiqHu361UH,2026-02-15T03:30:15.746855
13784,Trouble - 1 Mic 1 Take,27318645-1bad-494b-bed1-9686760a40f5,SPOTIFY_ID_CORRECTION,DB SP_ID: 0lpmSHJZTVSp6vY22rlyGL | Correct SP_ID: 6qe89XcfF5Na4l1X2ypMoN,2026-02-15T03:30:23.070028
11841,motivation jersey club,cd0af7eb-818a-46ac-98c8-e8e8749c6946,SPOTIFY_ID_CORRECTION,DB SP_ID: 1yFSa82nKDGRsqQxWXJQRb | Correct SP_ID: 4YT7YVfWJQ8qkceElNuhCg,2026-02-15T03:30:51.601606
13605,Why,c0bb339b-215c-45b6-967d-cd44dc1e93ac,SPOTIFY_ID_CORRECTION,DB SP_ID: 30k7Gq4J2fEdsP7xO3n5Oz | Correct SP_ID: 6Xb4JiAmne14qC4l0N9Gaz,2026-02-15T03:31:02.226587
15891,sunny,c84f3cbc-9a04-438d-8fa7-01b60cecdc21,SPOTIFY_ID_CORRECTION,DB SP_ID: 55lbyYwgGo6gwwYjyki8iP | Correct SP_ID: 5ilNkGeVY3Vot1dFgMMA9U,2026-02-15T03:31:05.816493
13115,In a room alone,85ef14f6-f780-43ec-815d-df275708b828,SPOTIFY_ID_CORRECTION,DB SP_ID: 4I7QHqHq3luA1ygpWZqqBV | Correct SP_ID: 3cpAmQzv0eMvNyFUe2HF3T,2026-02-15T03:31:13.144236
13358,Grand Escape (Movie Edit) [feat. Toko Miura],aa47b854-f240-4af5-a20e-712a497a20ee,SPOTIFY_ID_CORRECTION,DB SP_ID: 2cE5PbW9PhPmnyETXqH3VE | Correct SP_ID: 2AmRjWxvLxJK3DjCYNruLI,2026-02-15T03:31:31.393615
14674,Y by Moby,7fdd377d-69b7-4aea-a2ad-2c5f34282724,SPOTIFY_ID_CORRECTION,DB SP_ID: 1OR98gOiHww6naJhJv5TKn | Correct SP_ID: 2ympB2m4INhQgbNxGA9Dda,2026-02-15T03:31:42.247237
12716,JOTTO,d4191def-ca00-419c-9492-1ff54faa5294,SPOTIFY_ID_CORRECTION,DB SP_ID: 0PlbX9HNxArITGmiSAkNoD | Correct SP_ID: 4SSBLkeqhiaVqW03Oc8xJD,2026-02-15T03:31:49.473506
11348,Sky Pretty,b9d0ed3c-9cc2-4f80-a320-728eab90814f,SPOTIFY_ID_CORRECTION,DB SP_ID: 6u9X5MP7xEkfLAfgtvxrNh | Correct SP_ID: 6jz9B7aTfHso9yR2aN94nW,2026-02-15T03:31:53.255073
14118,Maria,32c758c4-b672-4057-a672-093efca9baaf,SPOTIFY_ID_CORRECTION,DB SP_ID: 0ZeGfEAL5Rl4pd5LZBGuEK | Correct SP_ID: 26trB6Rbmg4S2HCf1Cdfyg,2026-02-15T03:32:09.410498
11319,i n n e r t o r m e n t,fd61c199-f2a6-4665-b817-08c2c6ea9f2a,SPOTIFY_ID_CORRECTION,DB SP_ID: 4PDiCztH9Fy1Q7hgOZVy4D | Correct SP_ID: 3ViEhfgPwDKva54pvEQFTO,2026-02-15T03:32:13.090472
14682,Dynamite - EDM Remix,3484c848-d605-44ea-9b54-a90aaebd3f6b,SPOTIFY_ID_CORRECTION,DB SP_ID: 71g5YNZv9ysuAZVPuxOmiC | Correct SP_ID: 0GIfKnZxlWAtX7P3b8PYyP,2026-02-15T03:32:23.726302
10431,Slow,9d2314fc-2475-4175-90db-a0d615e531ef,SPOTIFY_ID_CORRECTION,DB SP_ID: 0u3DGb2t4otuM2z1YECUhh | Correct SP_ID: 5IznL77WZYvUMkNNfQa9lu,2026-02-15T03:32:43.766670
12996,Pong Dang,a1471d10-376a-4c46-a2ad-433b99a2cf4d,SPOTIFY_ID_CORRECTION,DB SP_ID: 1z4RuGHHajj2eRK8IMbxMw | Correct SP_ID: 1Cl5kNfTxIGNLuNa0LdjMH,2026-02-15T03:32:47.377969
18816,EXODUS (逃脱) - Chinese Version,bdc9a897-38cd-4392-b27f-f3e65e5f1f59,SPOTIFY_ID_CORRECTION,DB SP_ID: 7cimmlf4JWgvzwIebA3TqC | Correct SP_ID: 4x3H2q5pCdz1X8gPz6lLda,2026-02-15T03:33:00.752791
13093,A Gloomy Clock (feat. Jong-hyun),63ca6851-e3d3-41d8-b5e9-5a50eaedc083,SPOTIFY_ID_CORRECTION,DB SP_ID: 5Dz93wmNgtDbNb5YyQxmsb | Correct SP_ID: 5mqINYGiOhoHXdc5nCeR4d,2026-02-15T03:33:04.448750
12602,BREATHE,646a9e33-abf5-4f9c-a0ab-59fbc1d8471b,SPOTIFY_ID_CORRECTION,DB SP_ID: 2qmn3UsrMtbt3orqjZSDVh | Correct SP_ID: 1EQlI5tpFKQYQ0VjC3lpG5,2026-02-15T03:33:19.121693
14688,Hypnotize - 2007 Remaster,2c1d093a-ad4e-4f96-b27c-15a63210ec6f,SPOTIFY_ID_CORRECTION,DB SP_ID: 6Tsu3OsuMz4KEGKbOYd6A0 | Correct SP_ID: 7KwZNVEaqikRSBSpyhXK2j,2026-02-15T03:33:40.737209
19298,Ghost - 1 Mic 1 Take,10986d0f-b4f8-4d22-a786-58cae2484e97,SPOTIFY_ID_CORRECTION,DB SP_ID: 650mjtdi9JVBMq2YdEPjv8 | Correct SP_ID: 2DF23tuRZQbgYsDsfwe1Ry,2026-02-15T03:34:23.624076
16641,With You,c797936b-d486-42dd-9cd8-a474b8ce6674,SPOTIFY_ID_CORRECTION,DB SP_ID: 4UNkRwQUd2KTpiWPjyTqSc | Correct SP_ID: 1gyhtYG9OWOZvhZzDVF6lq,2026-02-15T03:34:34.565875
17376,LOONATIC - Eng. Ver.,194b77ec-8065-4a4b-87f4-152032015eec,SPOTIFY_ID_CORRECTION,DB SP_ID: 1Fh66I6X7Me2HWqSXwYvZh | Correct SP_ID: 7xkpUBffveGC99B2UYIuFy,2026-02-15T03:34:55.964426
12711,Animal Crossing (The Roost),6fc89973-8934-4f2a-a898-8ab708b0abdf,SPOTIFY_ID_CORRECTION,DB SP_ID: 0omWDSXW6B9qruZwleSJQ6 | Correct SP_ID: 0jk4DzJjcM9Nlih5GUsAC9,2026-02-15T03:35:10.716253
14142,Nắng Ấm Xa Dần - Onionn Remix,fefcb4df-7b94-4c42-a2c0-06223323f56b,SPOTIFY_ID_CORRECTION,DB SP_ID: 2ShQq13oxO44pXA4WBfwjU | Correct SP_ID: 3IIvAUPtTqcvB4YnEbYGVX,2026-02-15T03:35:14.375948
16704,Oh My!,547c50ba-edcb-4197-b73a-e44e6baf67aa,SPOTIFY_ID_CORRECTION,DB SP_ID: 06pQBEBRpmMv9JlxbpLp0E | Correct SP_ID: 65QDnqGpWrHhnViAM1D4Sd,2026-02-15T03:35:51.266306
20115,"Derezzed - From ""TRON: Legacy""/Score",66f340f5-ccaa-4b63-a6ec-dcf67c6982df,SPOTIFY_ID_CORRECTION,DB SP_ID: 5X4ojuZG2mZ68EcLyBQ1D3 | Correct SP_ID: 7hqlHZIXhwAzpWQxm9KzBd,2026-02-15T03:36:04.934763
10237,luka luka night fever,648bcde3-b426-467d-83c6-ef05e98bbcdc,SPOTIFY_ID_CORRECTION,DB SP_ID: 1WHXFDYit9ZtzC90gqqe7q | Correct SP_ID: 5yMXAaSvxo12QkYU75Ixv0,2026-02-15T03:36:08.567668
18989,"True Love Waits - Live at Oslo Spektrum, Oslo, Norway, 9/9/2001",9f722456-566c-46ec-868f-c890dd54de5b,SPOTIFY_ID_CORRECTION,DB SP_ID: 2kRFrWaLWiKq48YYVdGcm8 | Correct SP_ID: 62SvkbQm1wMS6KZtbtls1V,2026-02-15T03:36:16.103906
17448,Milkshake - Radio Mix,d30afdee-6014-480f-884c-8ff8259cb27c,SPOTIFY_ID_CORRECTION,DB SP_ID: 2s0ouHqJebHfiQ6C1GUFJd | Correct SP_ID: 6HT9EAOAimaz1Iqes5U3sA,2026-02-15T03:36:26.931272
18909,白色噪音 White Noise - Chinese Version,7c68bfb7-adea-456d-aa40-568ed321523d,SPOTIFY_ID_CORRECTION,DB SP_ID: 5WYKQEE9vOsfKYPXd2XvOM | Correct SP_ID: 65v7fFhtmPVR37vMPwLZLV,2026-02-15T03:37:21.063311
17764,Merry Christmas ahead (feat.Chundung),bf06a816-4a92-42d5-a98e-e4a21be0cb95,SPOTIFY_ID_CORRECTION,DB SP_ID: 4I7QHqHq3luA1ygpWZqqBV | Correct SP_ID: 6I9Y6PHTWv72fgQV3tIHt0,2026-02-15T03:37:24.756479
17372,Ah Yeah - Instrumental,e96250b4-c445-4f66-a1cf-642df9b152ec,SPOTIFY_ID_CORRECTION,DB SP_ID: 4Kp1fENLnZaektHio7OyYD | Correct SP_ID: 68daw5D7jgDf55BJmaiQIf,2026-02-15T03:37:32.003771
18243,Very Good - Japanese Version,c801d749-6c90-48d6-87af-28d55f83bd92,SPOTIFY_ID_CORRECTION,DB SP_ID: 0DvJniGWp68o0nLJmcvpEH | Correct SP_ID: 5aK29GfoXkRM6Uf5c5SA0n,2026-02-15T03:37:46.543165
18739,기다려 Wait For Me,79d22d30-4a7c-4c85-b2d2-8153cffa62fb,SPOTIFY_ID_CORRECTION,DB SP_ID: 5RIzf1K6ZesdvlcdSagNlB | Correct SP_ID: 7mShnUh0qbiJK2gVbbmVX7,2026-02-15T03:37:57.490103
18342,e c s t a s y,47b73c02-e0e7-4ef8-8bd4-58d50b53500b,SPOTIFY_ID_CORRECTION,DB SP_ID: 3b9U6CMrXlRFOPNOnQALKJ | Correct SP_ID: 2jAjisi8iUOsFvA5TCnVa2,2026-02-15T03:38:48.276455
1749,Luv N' Haight - Single Version,9c8362a8-a27a-46c6-9fdb-e135459fa943,SPOTIFY_ID_CORRECTION,DB SP_ID: 2SNjUokqJifysK3qsjyK4F | Correct SP_ID: 2a7SgleZSamx6U2lG81XtP,2026-02-15T03:39:08.848936
19040,y by joe goddard,064dc3fc-0fba-4b4e-8f58-835f406809f7,SPOTIFY_ID_CORRECTION,DB SP_ID: 1OR98gOiHww6naJhJv5TKn | Correct SP_ID: 1GHiJROYsjQwRrSPrKoJOY,2026-02-15T03:39:23.305000
2124,Animals - 2005 Remaster,87391630-8fb8-4da5-bb68-2245f918afc7,SPOTIFY_ID_CORRECTION,DB SP_ID: 15l2kEwhZSsj01tZnNzyZ2 | Correct SP_ID: 1HgzFXodDkTxATcCu6ZxDq,2026-02-15T03:39:27.001789
1705,The Great Curve - 2005 Remaster,15f6840a-655d-4863-a34b-7a22c82092c8,SPOTIFY_ID_CORRECTION,DB SP_ID: 35ljOibZSLEjOEPGrbaJsH | Correct SP_ID: 5N73ncX9gjmRv9lIpZ85nS,2026-02-15T03:39:30.650222
929,The Chain - 2004 Remaster,cd06c484-9319-4376-a104-504871e19756,SPOTIFY_ID_CORRECTION,DB SP_ID: 7Dm3dV3WPNdTgxoNY7YFnc | Correct SP_ID: 0gvgO9wprV1bxtBh7QOwsE,2026-02-15T03:39:41.383722
1359,untitled #7 - dauðalagið,878b969d-54d0-40de-9ecf-ba83ff0ef070,SPOTIFY_ID_CORRECTION,DB SP_ID: 03IQMevyxkOz822LcxbSPN | Correct SP_ID: 0aDa2NdZDrmIx3Yj62AZF7,2026-02-15T03:40:06.990858
538,Still Ill - 2011 Remaster,8fb07b65-3d0a-45b5-9d05-7d9953fe5801,SPOTIFY_ID_CORRECTION,DB SP_ID: 0uLI1jac8ZJSSRG4QJDo3J | Correct SP_ID: 2YjvwIPU1CzjOgjEL9BdUa,2026-02-15T03:40:14.072373
19772,Blitzkrieg Bop - 2001 Remastered Version,59b14ce2-7b0a-4924-9e23-7418f2fad01c,SPOTIFY_ID_CORRECTION,DB SP_ID: 4MOOVsqdKE9Eq0WskfaYdt | Correct SP_ID: 4KcH1ZRV2W1q7Flq0QqC76,2026-02-15T03:40:28.525857
20305,Watermark - 2009 Remaster,6e686d11-0191-4021-9bb7-a46535709ca4,SPOTIFY_ID_CORRECTION,DB SP_ID: 3gC8bz2HJ7vq398ltXNShz | Correct SP_ID: 2m8MwTvNHBYIqieOoQeyuY,2026-02-15T03:40:47.035910
20189,The Veldt (feat. Chris James) - Radio Edit,9d25904c-6445-4e95-8318-61209face5bf,SPOTIFY_ID_CORRECTION,DB SP_ID: 4ezalcKN0KnYuZiEw2jFgc | Correct SP_ID: 2otq2tiPmzi0Dm8ncolWXf,2026-02-15T03:40:54.418917
421,"Girl, so confusing featuring lorde",60b5a199-5013-4465-b7a1-871ff9687c70,SPOTIFY_ID_CORRECTION,DB SP_ID: 597W049n13m86dgV0dbLae | Correct SP_ID: 7srqyRb5plksW5k65itXDB,2026-02-15T03:41:27.007211
1030,She's Lost Control - 2019 Digital Master,497e13fb-cd12-4059-94eb-6982a95aa15f,SPOTIFY_ID_CORRECTION,DB SP_ID: 5YiSSBURCIz0qlOoL3la8w | Correct SP_ID: 0rcLhYRihks3t4lFPtHhQV,2026-02-15T03:41:30.719186
18414,Money [From “Unpretty Rapstar 2 Track 5”],5c993508-985a-4176-8938-c01267f46b43,SPOTIFY_ID_CORRECTION,DB SP_ID: 5Wtb7JR7LJ1zj0vBXqYb6R | Correct SP_ID: 6DhdRpTF4rHIFSwHXAw1pc,2026-02-15T03:41:48.854151
6265,Houses in Motion - 2005 Remaster,6fb50f0f-fd5d-4a34-ac59-0b43b9cf2ded,SPOTIFY_ID_CORRECTION,DB SP_ID: 2hDMI3I7WGgHmP4EGAk7la | Correct SP_ID: 5B6S9xKyasHFf1ldBkxsdC,2026-02-15T03:42:24.354708
9492,Unlock it (Lock It) - feat. Kim Petras and Jay Park,9cf2d5e6-acc7-4c80-ae79-093c48a7aab9,SPOTIFY_ID_CORRECTION,DB SP_ID: 3qGHAKgjQruzj6doKkyEb5 | Correct SP_ID: 7KQ1zZkcfupHYz7FFXhYEC,2026-02-15T03:42:47.890080
10672,Unlock it (Lock It) - feat. Kim Petras and Jay Park,9063beb9-9642-432d-99ff-368bd2667083,SPOTIFY_ID_CORRECTION,DB SP_ID: 3IG0DSV4U15NtX31Y0czx3 | Correct SP_ID: 1JbmBifVQd206QjfrQYTJM,2026-02-15T03:42:51.576743
5961,The Eternal - 2020 Digital Master,0e03b90b-da75-471e-a9a4-38c0cd8a3131,SPOTIFY_ID_CORRECTION,DB SP_ID: 5r6ADOcMFbdo5VSgTmjXfw | Correct SP_ID: 7rLB8H9GIzlxgXxXVqQltR,2026-02-15T03:43:03.932612
6831,Isolation - 2020 Digital Master,00728804-620b-452d-989c-d3d5a8b0b9c7,SPOTIFY_ID_CORRECTION,DB SP_ID: 49Zt8N0m0RLLFzCELwV7yG | Correct SP_ID: 1UWbBFaZNksb3AmgldkprR,2026-02-15T03:43:18.453010
11005,spendin' bandzzz,e73e0237-f21b-4e43-ae75-46a04d63c963,SPOTIFY_ID_CORRECTION,DB SP_ID: 5yzMbztGnSZQd6hR0Mdmss | Correct SP_ID: 3ETuAA7l5IxmBwlhTa6Lck,2026-02-15T03:43:39.817836
11941,Aces (Phonk),b73909a8-1d5c-42f3-98bd-8dc4dfcac33f,SPOTIFY_ID_CORRECTION,DB SP_ID: 2v1BpgUqVuM9jUa2jZaS2W | Correct SP_ID: 7cmMPa7O71WjcXWIHYg5Or,2026-02-15T03:43:46.871582
3909,Waitress in the Sky - Alternate Version,81d42899-9f9c-4279-a56f-cc510c30a894,SPOTIFY_ID_CORRECTION,DB SP_ID: 6JALhS9Y6NIeeLaCLplrgh | Correct SP_ID: 7Da4J2ZWMnE3CDAxQm0nPp,2026-02-15T03:43:50.473799
20274,"Overture - From ""TRON: Legacy""/Score",858f5d53-4cf9-42b1-b1c5-81420a032e2c,SPOTIFY_ID_CORRECTION,DB SP_ID: 3vYg8WcDdRyiHfOpfjqlTa | Correct SP_ID: 4uXQXq2AH6mAB8gvTzNUab,2026-02-15T03:45:11.913513
16277,Moonlight and Blueberries,3f482b44-c0be-4c96-ae70-999b4580c790,SPOTIFY_ID_CORRECTION,DB SP_ID: 2GkIzc8LL50re1J1F94xIw | Correct SP_ID: 3X3ocbVSCGWGHRrzoAgfZD,2026-02-15T03:45:45.092509
15752,Coffee.,230d6193-07c2-4064-9a9f-d6805658a50d,SPOTIFY_ID_CORRECTION,DB SP_ID: 6qh165jrr1UqE3rrhvzIF3 | Correct SP_ID: 25Je3xz6XwDoWejuCUvD0h,2026-02-15T03:46:36.937655
15179,Lights - Single Version,e8b32cd0-f354-4956-8ffe-2f9675ba18a2,SPOTIFY_ID_CORRECTION,DB SP_ID: 5aTsxlQlq0vIedDWZoqMWN | Correct SP_ID: 7gUpO6td4OOnu0Lf9vhcIV,2026-02-15T03:47:03.593586
12456,"Jump, You Can Fly",de8e514b-0141-4395-8271-cece25bdcfa7,SPOTIFY_ID_CORRECTION,DB SP_ID: 6Zw48VPR0kwRXfkeIHi8pa | Correct SP_ID: 53cqJSLyhGrTMSdu34XO1x,2026-02-15T03:47:10.723863
15733,Snow,22669f0f-b432-4a20-b667-bda29ce4a8fc,SPOTIFY_ID_CORRECTION,DB SP_ID: 4SujiYsB9WKh7lbLNdZyzm | Correct SP_ID: 1bC2GycA9XhdgEfqV546fo,2026-02-15T03:47:25.144527
15133,Right Here - Human Nature Radio Mix,78378098-8ae0-4da5-a4eb-10a845d3ea9c,SPOTIFY_ID_CORRECTION,DB SP_ID: 7tUEDtHchueeUJTfEFEhii | Correct SP_ID: 3UD1XZiA0iP29KI3FuK5Xw,2026-02-15T03:48:15.952579
3345,Unfamiliar - 2001 Remaster,93970395-431d-444b-ba15-adc32fbaf16c,SPOTIFY_ID_CORRECTION,DB SP_ID: 4Cq5AbYEu2Z2K8ideqxFQm | Correct SP_ID: 2VkeOkElaf5xdKMNbmAMs3,2026-02-15T03:48:21.650073
18065,Nobody's Perfect - From “Hannah Montana 2”,e0395c2f-bc1e-4e11-8431-fb45d814a701,SPOTIFY_ID_CORRECTION,DB SP_ID: 7c223RltkvhN8wrxIqspM5 | Correct SP_ID: 26ozldTsM0w3teNnlAMo7S,2026-02-15T03:48:49.356379
15899,BREAKTHROUGH - Korean Ver.,be4102b4-72c2-4f90-b52a-a5ef3330fc52,SPOTIFY_ID_CORRECTION,DB SP_ID: 5Pz3p3NHO4he2IT2uMw0gA | Correct SP_ID: 2t1um0JwcTEl72Y5MZ26r1,2026-02-15T03:48:52.977221
14737,Dynamite - Poolside Remix,e953b857-3325-4043-8f98-48bcd347ad53,SPOTIFY_ID_CORRECTION,DB SP_ID: 71g5YNZv9ysuAZVPuxOmiC | Correct SP_ID: 087YUEkmOGciKOflc5sQE6,2026-02-15T03:49:08.051084
15104,"Moves Like Jagger - Studio Recording From ""The Voice"" Performance",c832691f-fe0c-448a-bf22-54e28335627e,SPOTIFY_ID_CORRECTION,DB SP_ID: 5d63e8JNRbvshRK9zu8HGG | Correct SP_ID: 7LcfRTgAVTs5pQGEQgUEzN,2026-02-15T03:49:11.677667
18509,Dream Tracking (feat. Halima),6af135b6-a022-4ada-9b2e-0d792588d562,SPOTIFY_ID_CORRECTION,DB SP_ID: 54Aj8BVblgeRhJ0IKXs6Fq | Correct SP_ID: 3iquPFpU0MHBx5s7izamtQ,2026-02-15T03:49:15.313465
17579,Would U - Instrumental,b73a1d73-727d-4ba8-bed2-4907bdda5f16,SPOTIFY_ID_CORRECTION,DB SP_ID: 5ETypouo215Y8qwjiNHkSw | Correct SP_ID: 1rL3u6JsjQT9Cxg1oHTJEK,2026-02-15T03:49:19.316234
14451,Notorious Thugs - 2014 Remaster,a44ca742-266d-48d2-a658-88c66c6ba400,SPOTIFY_ID_CORRECTION,DB SP_ID: 4SefVcIKJLQOo3vNj5raqg | Correct SP_ID: 19FsxX4RthRMZGfXkImdCb,2026-02-15T03:49:35.448119
14550,You,fb2abbeb-6839-470a-a6d9-b136fab06670,SPOTIFY_ID_CORRECTION,DB SP_ID: 3HRgMoisfCPabImHxFJJQ3 | Correct SP_ID: 76Ew3gspyyJQxexO2BRwiy,2026-02-15T03:50:24.367196
9587,"Ce matin-là - From ""L'uomo in più""",b9e235cd-51d9-43a7-b371-783a112d1a3f,SPOTIFY_ID_CORRECTION,DB SP_ID: 0pEmzblUxXvzIYnJpu8gWW | Correct SP_ID: 6lMaS9WVQMB2BDYvDiKuDt,2026-02-15T03:50:44.653044
1980,Original - Remastered,413895da-4180-459e-831c-e02cc296c9e3,SPOTIFY_ID_CORRECTION,DB SP_ID: 6zK6tHtbYjmc8zesa7e8br | Correct SP_ID: 1W93dVmCowGHihMM4PKbkD,2026-02-15T03:51:19.510594
3523,Yer Blues - 2018 Mix,35e2412a-9847-43c2-b4b3-e250df059716,SPOTIFY_ID_CORRECTION,DB SP_ID: 6s16hVzIWDpv8w4BMCaZdw | Correct SP_ID: 2AsGApoUuN8pTM17Lq9eUd,2026-02-15T03:51:56.633850
9438,World in My Eyes - 2006 Remaster,26f7bb0d-133d-4811-a8bf-0ff930c5a11a,SPOTIFY_ID_CORRECTION,DB SP_ID: 0TBn49AjkNufCRJ2O5VJ6s | Correct SP_ID: 4aWwfNHiMW1e3SWHbbFjLO,2026-02-15T03:52:00.253109
12823,White Christmas - 1947 Version,7d8be9bd-37a3-4a2b-bae4-da3c665b945a,SPOTIFY_ID_CORRECTION,DB SP_ID: 4Zwt04D6mzQ9B91PqJ50ZD | Correct SP_ID: 3XsaSIPWvM61RIFfeb0BBR,2026-02-15T03:52:25.553740
15151,Being Boring - 2001 Remaster,32ebc904-76e0-4ea2-82fa-c0e946a81176,SPOTIFY_ID_CORRECTION,DB SP_ID: 1R6clZCzGc3SZRp22ZKXKt | Correct SP_ID: 6utJDOqzWj8FggDp1R2Wi2,2026-02-15T03:52:55.033095
3351,Dreams Burn Down - 2001 Remaster,d01d8717-4e92-41ba-bc4c-da837010b647,SPOTIFY_ID_CORRECTION,DB SP_ID: 1mIbZj0uHmRDQKQcZRRikL | Correct SP_ID: 4waVtvsfSoXRFqwbHCXTuK,2026-02-15T03:53:13.193292
11571,GETCHA! (feat. Hatsune Miku & GUMI),7ae386ec-55d4-49f1-8c74-583f6ae6abda,SPOTIFY_ID_CORRECTION,DB SP_ID: 3mXLyNsVeLelMakgpGUp1f | Correct SP_ID: 7mHuyUXQuLyQ48KqJmbWYL,2026-02-15T03:53:16.876846
3958,Ziggy Stardust - 2012 Remaster,a0ca0cc0-cc0d-431c-8a36-dd917ea0dfa2,SPOTIFY_ID_CORRECTION,DB SP_ID: 5IyL3XOaRPpTgxVjRIAxXU | Correct SP_ID: 5GiKw8GWpZ1dJA7hcydCK8,2026-02-15T03:53:20.581426
14680,Dynamite - Midnight Remix,402b7000-67ca-4745-a63f-bd5a2c7dbb31,SPOTIFY_ID_CORRECTION,DB SP_ID: 71g5YNZv9ysuAZVPuxOmiC | Correct SP_ID: 7MRdjWiq6wu1bFqlnqve5q,2026-02-15T03:53:42.386630
6358,Drive Blind - 2001 Remaster,da4409bc-5aa5-41d1-9d00-c1e434b43570,SPOTIFY_ID_CORRECTION,DB SP_ID: 1KHUssw2E3VEsHEwda34lG | Correct SP_ID: 6TbAxZ9Rcza7AT6iXfbgQj,2026-02-15T03:53:53.419528
7931,Respect - 2005 Remaster,3f0becd5-c548-4c62-8ac1-33bb7db05a2b,SPOTIFY_ID_CORRECTION,DB SP_ID: 41i90nsuN2Ebf3Zmugq0rp | Correct SP_ID: 13N31D8yFuN4JeYYR7veY6,2026-02-15T03:55:01.084544
9291,Just Like Heaven - 2006 Remaster,c0c78d3e-19fc-4227-bdbb-153814f05527,SPOTIFY_ID_CORRECTION,DB SP_ID: 1KSkVwl54ghzE1jSbsVNBr | Correct SP_ID: 7GDJJCend2BcopbYNw5X9R,2026-02-15T03:55:04.715647
19276,The Phantom of the Opera - Single Album Version,909186c4-ab6a-4dea-825d-6cc347364386,SPOTIFY_ID_CORRECTION,DB SP_ID: 4EaBMhUIOfnFEbIgqCfKbi | Correct SP_ID: 3oPiyTWNUPODOXfXMSXwB2,2026-02-15T03:55:12.149843
2960,Loose - 2005 Remaster,258eb7c1-3126-45c9-8d70-f5c79a96788c,SPOTIFY_ID_CORRECTION,DB SP_ID: 4jYeoH1fAXq5yRcOKOs1Df | Correct SP_ID: 4rhBdwqZSFvmq10ttCCzb2,2026-02-15T03:55:57.497916
4805,Von dutch a. g. cook remix featuring addison rae,bc908b54-1d1a-4ffc-938a-9df1be422f67,SPOTIFY_ID_CORRECTION,DB SP_ID: 1NK3QRZUVyfBu4YTBTrbdJ | Correct SP_ID: 6nx4f2nVmFNWquoMtUrdYX,2026-02-15T03:56:08.274071
1984,So I featuring a. g. cook,7d18f93e-9688-4b27-a4ce-51d3c7936f71,SPOTIFY_ID_CORRECTION,DB SP_ID: 7k5B6oIeqIsbUtqGF3ZLL4 | Correct SP_ID: 03kw5kVvTjfZ4BAUU4Txx3,2026-02-15T03:56:11.968587
20281,West Coast - Rob Orton Mix,bc4fc26c-534e-49e4-a0eb-e91f174df420,SPOTIFY_ID_CORRECTION,DB SP_ID: 5JEAsA9QPvt3sB2leHNhfa | Correct SP_ID: 5Y6nVaayzitvsD5F7nr3DV,2026-02-15T03:57:03.148230
9982,バナナが食べれないサル instrumental,a6fd783f-2f64-4c7f-a985-5e4d3f3aa40a,SPOTIFY_ID_CORRECTION,DB SP_ID: 5lXIk7O8j2nTJWkc6LM3Qi | Correct SP_ID: 6j7nfxhLz2ewV3h5H70EAM,2026-02-15T03:58:14.419519
13101,Well… (ROCK VER.),b5f885bb-0601-462c-81f1-689bbe5942a5,SPOTIFY_ID_CORRECTION,DB SP_ID: 3MHZPi5TciibKTJwWdfWQD | Correct SP_ID: 6zpiGeoHYRF5vtrboE3rAC,2026-02-15T03:58:25.238982
8113,Pu$$y Number 3,f2bee9aa-0139-478d-b38d-429b058dd446,SPOTIFY_ID_CORRECTION,DB SP_ID: 04SQWZExDSayI8Jq9tJ7ob | Correct SP_ID: 20i5rj4SJedH59DQbxjPN3,2026-02-15T03:58:32.435275
19427,Hurricane - 1 Mic 1 Take,72ba7c18-2785-47ce-840d-ee891912f8f9,SPOTIFY_ID_CORRECTION,DB SP_ID: 3aGCb7AIfRYhOBPrGyoADs | Correct SP_ID: 73Dr4lvL4a4GfRyJrNiBg0,2026-02-15T03:58:36.064682
12635,POPPY - Japanese Ver.,1e131040-f5f9-41a7-865b-e1e3d85d9c3e,SPOTIFY_ID_CORRECTION,DB SP_ID: 7aQOA3ggmKpjleEtabVYbI | Correct SP_ID: 7a86ARVnm366v2UY1z9Ak8,2026-02-15T03:58:50.535707
15521,Me and U in a Winter Day,3b052b57-7dc1-4d42-9d57-541624b75bb5,SPOTIFY_ID_CORRECTION,DB SP_ID: 5hNjnwtaRgah02aenlpkrA | Correct SP_ID: 5rxYBcejw6m9H9WTLpa7OQ,2026-02-15T03:58:54.127514
11846,What Can I Do (어쩌라고),a382d463-0a43-4bb7-8abc-44567aa6d1d5,SPOTIFY_ID_CORRECTION,DB SP_ID: 3Juez33mEIcJpQqb5GUK0w | Correct SP_ID: 7ol0oqTmY736rliZnqfG43,2026-02-15T03:59:01.978706
14117,Boy in Luv,93072fc7-a279-4f40-a0e2-664b9c26cb8d,SPOTIFY_ID_CORRECTION,DB SP_ID: 1wdWWC1YzKkCWp06e0IPqH | Correct SP_ID: 3FnDv33WrrMtuEr7hNR3ev,2026-02-15T03:59:16.400265
13498,거짓말 Lie,94ee6056-d45e-486c-a6d2-c33de771a799,SPOTIFY_ID_CORRECTION,DB SP_ID: 7jv3hh48LS3SpDW0fhL4hP | Correct SP_ID: 2E0J4UAg9q1HaUV6NCJfmt,2026-02-15T03:59:20.023548
1361,untitled #4 - njósnavélin,d6533c13-2bfe-4236-b6e1-0649766b5dc0,SPOTIFY_ID_CORRECTION,DB SP_ID: 3fjoFeVDK2ifrZ4yOCwFYC | Correct SP_ID: 1bAnW1SPd5iof57Unaqfzd,2026-02-15T03:59:27.806346
18641,Y.E.U (L.O.V.E) [Edm Version],5efa6ab9-d031-4efb-a0f3-a1de7ebe5578,SPOTIFY_ID_CORRECTION,DB SP_ID: 4tXt2T3z6wH9sJhVOHmrbY | Correct SP_ID: 3QW6i5o3eX7OZUnWn4Nth3,2026-02-15T03:59:46.684647
20684,My Life,4b52a5c3-238f-4024-b261-a087be9c457f,SPOTIFY_ID_CORRECTION,DB SP_ID: 7w3rWEs0RagyORvdATdyfD | Correct SP_ID: 7ytES33eLYS9WaZLKqWfYM,2026-02-15T04:01:49.987328
20830,kanariya - system F remix,46ae2da7-14e0-42ae-94ab-6b1a5fbeafa9,SPOTIFY_ID_CORRECTION,DB SP_ID: 0PAZFD3nCM8RpIRhQxQeLO | Correct SP_ID: 1Vr8uVjGJLzgEzcUziaZTt,2026-02-15T04:04:18.685326
429,Back to the Future (Part II),6c95e72d-7428-492a-a6fb-3c12658a91a8,SPOTIFY_ID_CORRECTION,DB SP_ID: 6hAFh200VpVUPg1P14oaJr | Correct SP_ID: 0BcLpX66X5fTdBSnsCMFyP,2026-02-15T04:04:36.643710
20722,HARD,69507c52-adac-4b8d-865d-5522e70c9588,SPOTIFY_ID_CORRECTION,DB SP_ID: 3E0FBv982FkyTqfKu8K7AD | Correct SP_ID: 4ssHISvyc7GBJSNjtGXFCL,2026-02-15T04:04:43.872147
20836,M - Above & Beyond remix,09655a2b-e6f2-4d1c-8303-e4eb8de5ec59,SPOTIFY_ID_CORRECTION,DB SP_ID: 2pFVdR0AUBJGDOsEX5FHgl | Correct SP_ID: 1mq91qQh9pX2wfopdB9Kwc,2026-02-15T04:05:49.035394
20832,Audience (Darren Tate remix),cfbd5292-90dc-4e78-976d-2f32e91075d6,SPOTIFY_ID_CORRECTION,DB SP_ID: 4V1sJajMb3ysGJicKIuPWo | Correct SP_ID: 7iliqUayaTIyozTGFfNaRO,2026-02-15T04:05:52.755449
13067,Better (Feat. BIG Naughty),539d37d5-fd09-482f-bc8a-9d2b8cad3f29,SPOTIFY_ID_CORRECTION,DB SP_ID: 6JO6fHEpjYE8ILDhweIqQj | Correct SP_ID: 1kpQ2Gtry1UABK2r2GpAQs,2026-02-15T04:06:03.557588
17431,Hear The Wind Sing,6302a8c7-ba93-4f39-91c0-ea8ad64275d0,SPOTIFY_ID_CORRECTION,DB SP_ID: 1tuJc3sNaXzEBcpu9NP2aY | Correct SP_ID: 1AvlzTBcwLp61s5KbN8bNT,2026-02-15T04:06:10.815063
12046,FXXK IT,d83af948-686b-43e0-b70b-879105252b5d,SPOTIFY_ID_CORRECTION,DB SP_ID: 3Us7aZzRAmiAQ0fyfR1rfR | Correct SP_ID: 6iCrpFpnNJO7FY8Iu7z7Hf,2026-02-15T04:06:18.639024
7450,"Requiem In D Minor, K.626: 7. Agnus Dei/ 8. Lux aeterna",28f931dd-082a-46b8-a0ca-c85d1337f0a8,SPOTIFY_ID_CORRECTION,DB SP_ID: 5Op0quhPiKC4rqVLWn5Drk | Correct SP_ID: 5uzwsnJji3BPXFx6yB2TPZ,2026-02-15T04:06:25.915017
18328,숨바꼭질,99596888-6d95-4cd4-ab5a-cbc8fe963f2e,SPOTIFY_ID_CORRECTION,DB SP_ID: 4mTf3vzCEHojqx0PaQFMVa | Correct SP_ID: 0NgOJRkWXia2TsF40478tt,2026-02-15T04:07:25.053827
20833,UNITE! - Airwave remix,840b54ae-aa40-41b8-8060-d10f8d90f88f,SPOTIFY_ID_CORRECTION,DB SP_ID: 0HA3fmwfKqrNUmPKvZ6GLr | Correct SP_ID: 0jIx5eo1XtoHHqgPMRwRZX,2026-02-15T04:07:39.362286
14048,Kaigan,84eb696c-8593-43c6-ae50-47696c22b497,SPOTIFY_ID_CORRECTION,DB SP_ID: 026UWTkrQXsvWBO9J2h1RD | Correct SP_ID: 6L5rQUhhciYxnO5guPcO0q,2026-02-15T04:07:50.040017
15831,21:29,e44c47c2-e5d8-4e8e-b24e-484e607c35fb,SPOTIFY_ID_CORRECTION,DB SP_ID: 5yprM8km16jU3eXi0M9HRD | Correct SP_ID: 3TzMWtr6hB1PlPiT1b4PRR,2026-02-15T04:07:53.701910
16517,FINGERTIP,b88efd7c-e30b-43ab-bded-48009964c3ec,SPOTIFY_ID_CORRECTION,DB SP_ID: 0FMkt7EXvAEdGg24cVnwWe | Correct SP_ID: 53SSnDsAYRJX0dVtnyJbwX,2026-02-15T04:07:57.305108
7895,Some Kinda Love,2f0c45e6-909f-41a7-8cfc-fef3a405d7cd,SPOTIFY_ID_CORRECTION,DB SP_ID: 3PG7BAJG9WkmNOJOlc4uAo | Correct SP_ID: 5mSSTCzOkuXZreORp3bxf3,2026-02-15T04:08:22.837263
1001,Pale Blue Eyes,9c1af8d0-faf6-4758-b4a6-a30f6f869862,SPOTIFY_ID_CORRECTION,DB SP_ID: 2g4LWy7YxrbWYA2RJP8nFk | Correct SP_ID: 2Kz0UMkr3ThKzwmZd73rPA,2026-02-15T04:08:26.513980
7893,Beginning To See The Light,13145a0e-e82d-4ae1-ba00-65a0d5c5edd2,SPOTIFY_ID_CORRECTION,DB SP_ID: 3fElupNRLRJ0tbUDahPrAb | Correct SP_ID: 4NFrfmH3S5tIHPlSBmx63l,2026-02-15T04:08:30.213630
7112,I'm Set Free,f3bde357-56f4-4fc4-a76c-1e4b85a220a7,SPOTIFY_ID_CORRECTION,DB SP_ID: 3fElupNRLRJ0tbUDahPrAb | Correct SP_ID: 721ekzqDYU4h7Y17ywUCFf,2026-02-15T04:08:33.837746
7892,That's The Story Of My Life,2e30cd9c-b9ec-44c4-8103-1d56488c6049,SPOTIFY_ID_CORRECTION,DB SP_ID: 7qOVMMY0couqt76ObwY947 | Correct SP_ID: 01OVvCmMDJ5E390NcDOx3v,2026-02-15T04:08:37.479956
7891,The Murder Mystery,3a601072-ee0f-452c-a557-3dcc65370ac2,SPOTIFY_ID_CORRECTION,DB SP_ID: 1NbgM9deOElsjyWeAmP1qg | Correct SP_ID: 3vBROSNZ8V3XjfZHdCCsgT,2026-02-15T04:08:41.176354
10634,Lucked Out,e0b49010-87bf-4146-8410-3f8f10e3124e,SPOTIFY_ID_CORRECTION,DB SP_ID: 5tIk9HI04FCiYFJqRFef5B | Correct SP_ID: 58JZs1VFBmTe5ULY1qEFvP,2026-02-15T04:08:44.825128
18069,장화신은 고양이,1bd13413-144c-45f7-ad76-5d85ef5f86b1,SPOTIFY_ID_CORRECTION,DB SP_ID: 3i2aPW1e3Amja275R2IgNZ | Correct SP_ID: 2h9JqNRujpOm2FG3SmNqQ3,2026-02-15T04:08:48.519532
20672,Sick,f82a8b15-dbd2-4548-a39f-87d5ea0ef65b,SPOTIFY_ID_CORRECTION,DB SP_ID: 18JWsuX9jIcxFX8s9600x9 | Correct SP_ID: 1i8hxETrEyOACGq8rGH230,2026-02-15T04:09:05.417359
7208,Jig of Life,11e7ef08-f8e5-4e5d-80d4-81ac5cbf43b6,SPOTIFY_ID_CORRECTION,DB SP_ID: 10JYaWSxAgMSgiru37zA9v | Correct SP_ID: 1kGO54rUtSq3FQ74u5BGvm,2026-02-15T04:09:16.178499
14742,Dynamite - Bedroom Remix,17fec49c-d57f-4b4f-be21-e0128bee89c8,SPOTIFY_ID_CORRECTION,DB SP_ID: 71g5YNZv9ysuAZVPuxOmiC | Correct SP_ID: 70hNTQkU4hogweDWeMLaWT,2026-02-15T04:09:23.308748
1166,"A Love Supreme, Pt. IV - Psalm",e6fe1d4c-e542-4915-8ddd-53d0ac87c52f,SPOTIFY_ID_CORRECTION,DB SP_ID: 30LZ0BoJsuPWWGVyKlRYW7 | Correct SP_ID: 5FLQmLjjeNIuC8U5mDnXC8,2026-02-15T04:09:55.610573
1780,"A Love Supreme, Pt. II - Resolution",aa31b489-5c17-47d6-8c64-715780925203,SPOTIFY_ID_CORRECTION,DB SP_ID: 2Aff0d7ocrTOVk9X0KRiGq | Correct SP_ID: 7unF2ARDGldwWxZWCmlwDM,2026-02-15T04:09:59.401651
1779,"A Love Supreme, Pt. III - Pursuance",15b8f95f-3501-43ff-8c7d-38fb6cd47927,SPOTIFY_ID_CORRECTION,DB SP_ID: 4jposQPlMVIVPjB5Sy25e1 | Correct SP_ID: 0jHEixPAoSopOP75j2iTX9,2026-02-15T04:10:03.098659
6990,Stem / Long Stem - Medley,a4cfb742-cd8b-40ce-ac70-f3074b151310,SPOTIFY_ID_CORRECTION,DB SP_ID: 70V5TfjjnVPnEYvilZisEp | Correct SP_ID: 1EfflLyN9aRCSdEZlZKori,2026-02-15T04:10:08.284596
5810,Wareruraido (Demo Version),46c9c0fa-d471-4b63-9edc-056fe10023fb,SPOTIFY_ID_CORRECTION,DB SP_ID: 19Tm5ZXIn83gQK3lQvUEUh | Correct SP_ID: 3z09gDEfgalXdnvLYjffWi,2026-02-15T04:10:47.026790
6741,Elegia - 2015 Remaster,2e18c9b7-6e28-4730-a561-bcb1001b0de3,SPOTIFY_ID_CORRECTION,DB SP_ID: 3cCADm6tkppHoPpitoes6o | Correct SP_ID: 2Xs7CP4Gw8wJ8qX8fkrCAB,2026-02-15T04:10:54.208239
3436,Natural Anthem - Remastered,540c481e-c09a-4e33-859c-ad81a0043f02,SPOTIFY_ID_CORRECTION,DB SP_ID: 05yc0DNk7uCj72hqIkQp2t | Correct SP_ID: 6jtNDU70m4UmDkl4fEIYJl,2026-02-15T04:12:12.729599
3641,Die Without You,cb96aa43-3f6c-4e07-b414-6157eeb0891b,SPOTIFY_ID_CORRECTION,DB SP_ID: 456Makn8UzB3tj7WKNrBbt | Correct SP_ID: 7rBzAkopTL4baeJGCFU7M4,2026-02-15T04:12:30.474021
5603,Way of Life - 2015 Remaster,a1179a08-4cdf-494c-8a47-1595bdd5af4c,SPOTIFY_ID_CORRECTION,DB SP_ID: 0lyqNJRQ5c2TpxsVhflNRM | Correct SP_ID: 4GzoUsQcVpe3HhzKEaGsEG,2026-02-15T04:13:14.865785
5666,Pierrot,b8352208-bd47-4806-9e8f-8b4ea0b577e5,SPOTIFY_ID_CORRECTION,DB SP_ID: 1LkxTuEZPsNAOhNLaZ2NOw | Correct SP_ID: 411fZBnpfU4eIDIZmDKswx,2026-02-15T04:13:22.263699
5665,1-800-hot-n-fun,28138ea5-d861-4dc9-84fe-be987d69865a,SPOTIFY_ID_CORRECTION,DB SP_ID: 7kA3kBKehViV54RtFet6Bl | Correct SP_ID: 7vjfnsnDXZGK4PSq54ISjc,2026-02-15T04:13:25.888531
4346,Telefony,52bc1c55-cab1-44f8-b845-b854fecbc442,SPOTIFY_ID_CORRECTION,DB SP_ID: 6cHpEyGcHR3PYHqeZQhRki | Correct SP_ID: 3tmQWvFXANFgOd6jJgdIVQ,2026-02-15T04:14:04.138656
9989,Goodbye Lucille #1,fb60b4f5-0f74-4130-827d-bad26049cd73,SPOTIFY_ID_CORRECTION,DB SP_ID: 1YvgV0T4LrNQj7nuUdSIL7 | Correct SP_ID: 4urBwQCwxpDCQSgxkzBNY0,2026-02-15T04:14:18.683073
18839,Good day (inst),5fb51d97-b617-4821-9455-292f9abcb43e,SPOTIFY_ID_CORRECTION,DB SP_ID: 4I7QHqHq3luA1ygpWZqqBV | Correct SP_ID: 1tf1BLWAkzGZd59qW0t1sp,2026-02-15T04:14:53.852502
11812,19-2000 - Soulchild Remix,44f962fb-bb65-445e-8733-e926bcca9677,SPOTIFY_ID_CORRECTION,DB SP_ID: 3BK3FS5ndEMAH7OJZSs1HY | Correct SP_ID: 4PUO9upMWZuAl5bxyQIoWN,2026-02-15T04:15:27.663087
12113,D.I.S.C.O. - Single Version,7f9defcf-b507-4521-90a3-440c0a3c9564,SPOTIFY_ID_CORRECTION,DB SP_ID: 5pKFJl8AFK4QUCjz9vtmLo | Correct SP_ID: 2vswU6UOXMNDwnzWlvY1Ct,2026-02-15T04:15:31.303751
15370,Spirited Away - The Sixth Station,7e1fcfb3-b458-488c-89f9-383704522507,SPOTIFY_ID_CORRECTION,DB SP_ID: 6jUB5y6fRCt04pkIED6Q5y | Correct SP_ID: 1wir2vYYLnC0WsaGc4HPZU,2026-02-15T04:15:57.800169
20378,Ghost Train,3e6fd29b-59dd-4a13-88cb-f08ad2e431c7,SPOTIFY_ID_CORRECTION,DB SP_ID: 72nAHrq1bR6iDvng3qMpVf | Correct SP_ID: 2pcwdOLTfkGVtVj8h7eFQw,2026-02-15T04:16:01.477918
14743,Dynamite - Instrumental,cbc637da-e8a9-45ea-a51e-f42e072c4c75,SPOTIFY_ID_CORRECTION,DB SP_ID: 71g5YNZv9ysuAZVPuxOmiC | Correct SP_ID: 0V2wvC5MkDjMZyFttv8sZF,2026-02-15T04:16:05.138201
12975,Like Ooh-Ahh,97b48669-a01c-4178-8c90-c736939adc8d,SPOTIFY_ID_CORRECTION,DB SP_ID: 2ppAfCQmvlN9ym0P9563dX | Correct SP_ID: 2bnUATKYS3JykGpZjjlbXV,2026-02-15T04:16:15.674263
12023,Moonlight,a9c61c2a-b176-414c-9010-6780d46c0be0,SPOTIFY_ID_CORRECTION,DB SP_ID: 4FlilVVSqipglT0fJCLwJX | Correct SP_ID: 1MfI0ct17ZfLGOCOHozqeP,2026-02-15T04:16:19.357547
11403,REALLY REALLY,2f500214-b0ae-4a5b-9cb9-083bbbeaebf1,SPOTIFY_ID_CORRECTION,DB SP_ID: 5WFRcw7Fqw98IS9uJ7Ipzz | Correct SP_ID: 4iJyTp1KwCeBKhf7h0SwsD,2026-02-15T04:16:23.003347
17228,FOOL,c8d8a6a4-40f7-4140-9255-a78fc28dea9d,SPOTIFY_ID_CORRECTION,DB SP_ID: 3LOqCORVFQM5lB09MHK6L8 | Correct SP_ID: 1mTlfqaoh3piVp3Uhdv7jB,2026-02-15T04:16:26.622630
14194,Dynamite - Tropical Remix,5ec5d187-4fbb-41f5-b885-641bd16bc8dd,SPOTIFY_ID_CORRECTION,DB SP_ID: 71g5YNZv9ysuAZVPuxOmiC | Correct SP_ID: 3u4igxLGmXBu1eiQjawtoe,2026-02-15T04:16:40.272150
15453,Sunsets,640cfcb8-63ce-400e-8911-258bfd1728cb,SPOTIFY_ID_CORRECTION,DB SP_ID: 6FGcryX0czxh6UbjnOZFSR | Correct SP_ID: 1VCL1t2CmukUubF5gWVrw1,2026-02-15T04:16:47.491075
15532,Hylla,d112b0c5-2935-4175-9df9-b6dce5c25588,SPOTIFY_ID_CORRECTION,DB SP_ID: 0kZ7IAqHl2y7amJOUaYxDh | Correct SP_ID: 1Tw3vrHsNsQQIdDqvzeyLD,2026-02-15T04:16:54.807375
10853,Landslide,d00f3915-f2a8-43c5-8669-39e26665112f,SPOTIFY_ID_CORRECTION,DB SP_ID: 5rlSIiIp5zmRKml0UY1Tnl | Correct SP_ID: 7lir0j0yV5XM06AgKyAlIX,2026-02-15T04:17:25.137797
18412,FXXK WIT US,94a995af-b18e-43c3-880d-644b85659ed4,SPOTIFY_ID_CORRECTION,DB SP_ID: 4uk677I1lb0ZPSXGhL2FcA | Correct SP_ID: 7mIL8AaIEk9OeMqMyJBxAF,2026-02-15T04:17:39.625827
13900,BUBBLE TEA,9e1614b8-43e0-414f-adcc-65849f5c2fec,SPOTIFY_ID_CORRECTION,DB SP_ID: 6NCaPJLOx48lXwNf3qFzSm | Correct SP_ID: 5xaFYSG9oSO9vHV23t281o,2026-02-15T04:17:53.767200
18546,Pieces of You and Me (with GIRIBOY),a07bbf9d-4799-4ee0-9bce-66a17e76f2e7,SPOTIFY_ID_CORRECTION,DB SP_ID: 1nCEE78fOj8ci2rOEN2qKd | Correct SP_ID: 792nw2iRUWbp1t018s9ozp,2026-02-15T04:18:47.165707
19219,Victorious,b5784e85-ba63-4825-b13e-0c9584c69af6,SPOTIFY_ID_CORRECTION,DB SP_ID: 2ShSP9Ix7yg6sECSY14hw7 | Correct SP_ID: 6od5hFv9IT5JHc7NEF9HRv,2026-02-15T04:19:10.424792
20211,Oats In The Water,d8a5f72b-f946-49bb-889d-ac1a8c449403,SPOTIFY_ID_CORRECTION,DB SP_ID: 17bpxYmEJLHVdptkxtjHbh | Correct SP_ID: 4dr5sJ1p6mdNpK3fIUz8vR,2026-02-15T04:19:28.503242
20019,Midnight - Giorgio Moroder Remix,d3300341-baea-4dce-a662-77b64f8a0585,SPOTIFY_ID_CORRECTION,DB SP_ID: 2CoWJhDYVENsByS7rPInSr | Correct SP_ID: 31swZjlmMrWskTjlkkSVX1,2026-02-15T04:19:44.641487
20089,Senior Year Spring Musical,a4becd18-60c6-4410-9044-db36de1484c2,SPOTIFY_ID_CORRECTION,DB SP_ID: 0snJPdoZFqVuISdJeAyHGV | Correct SP_ID: 61zQ8XDgOYslFGzfhK823e,2026-02-15T04:19:51.840455
19989,Centuries,a210a0dc-1e81-4a62-9d89-f80c43aa0de5,SPOTIFY_ID_CORRECTION,DB SP_ID: 4ZzbcSm6MxnC15BcDqEYyK | Correct SP_ID: 04aAxqtGp5pv12UXAg4pkq,2026-02-15T04:19:55.631639
18523,SCREAM,6cc4edab-82ed-4fd7-b6e2-eeca8c55d4f9,SPOTIFY_ID_CORRECTION,DB SP_ID: 02TgNz96Dt33GXYuTGLxgg | Correct SP_ID: 4TzuzcQ1ZyHEPWIG0s0XvZ,2026-02-15T04:19:59.340189
18723,What U Waiting For,30eaa1be-e824-44d2-9e53-7ea348d1104c,SPOTIFY_ID_CORRECTION,DB SP_ID: 7BqwMhiTGonOZlnNJBSd9x | Correct SP_ID: 4ulgkxo3BovjgOBTIeJn34,2026-02-15T04:20:06.503492
18679,Fantastic Boy,104fc799-81a6-47d2-9a47-7c24af93ca0c,SPOTIFY_ID_CORRECTION,DB SP_ID: 2xi3O5Z1sApFoIjbskYfcD | Correct SP_ID: 26eV0R7nbqtlzh316ncU99,2026-02-15T04:20:18.826250
19892,Champagne Supernova,cb0892d9-e2fc-46d8-a40a-616bea78c52a,SPOTIFY_ID_CORRECTION,DB SP_ID: 4RIbkLGbmtnJ1CWdZMthKd | Correct SP_ID: 6EMynpZ10GVcwVqiLZj6Ye,2026-02-15T04:20:22.528292
17465,Time Machine,6928f500-0031-4ab2-bdf0-93e027e6b39c,SPOTIFY_ID_CORRECTION,DB SP_ID: 2ddN2mcsgBxjHnhIXAqp8s | Correct SP_ID: 3EFTOSxG8TXUZhTmpV44g2,2026-02-15T04:20:26.237161
15825,El Manaba,379d4830-cd5b-4b65-b851-304506513d40,SPOTIFY_ID_CORRECTION,DB SP_ID: 0VlPs8OT5C3q1ts9mgnthc | Correct SP_ID: 6MwN6feVdE1qMsl6RwlxyG,2026-02-15T04:20:44.512677
16348,I Wish I Could Sleep,b774e851-9330-4079-a45a-9d3911be2f43,SPOTIFY_ID_CORRECTION,DB SP_ID: 7kpEGGHIChC1f3XQ5gCw0o | Correct SP_ID: 27GrnbbCD0cyqZf31zNyYA,2026-02-15T04:20:58.922485
4277,The Return to Innocence Lost,d2edc6e9-bbf3-4558-90a7-b8769f09c531,SPOTIFY_ID_CORRECTION,DB SP_ID: 6oObYkdW3HMbqCV3AhSfVR | Correct SP_ID: 4LopXpYv1Kz38jK1u4tVa3,2026-02-15T04:21:08.079686
17066,"Swan Lake, Op. 20, Act II No. 10: Scène. Moderato",b8c056d6-66de-45a2-b50e-294c60d14f74,SPOTIFY_ID_CORRECTION,DB SP_ID: 3FyXxJUkkCOJgtTFKeOAzR | Correct SP_ID: 4TojIRfhZzo4dpObIFskZg,2026-02-15T04:21:13.750503
342,Purple Haze,6146cf8f-f348-4370-8230-ed0e26d3a068,SPOTIFY_ID_CORRECTION,DB SP_ID: 0wJoRiX5K5BxlqZTolB2LD | Correct SP_ID: 6d5H4nsgSvJ6kJp8HEuViE,2026-02-15T04:21:47.497654
5041,Miroirs: III. Une Barque sur l'océan,803c0bdd-13d7-40a5-a6c7-aefe8ab73dab,SPOTIFY_ID_CORRECTION,DB SP_ID: 4Fs15k2QtDaQg96UbpXDLA | Correct SP_ID: 4JOEMgLkrHp8K1XNmyNffH,2026-02-15T04:22:13.851351
251,Sakura,d65cb498-cfe5-4d9b-9061-118ba4ecd93d,SPOTIFY_ID_CORRECTION,DB SP_ID: 6tWE2OefH4yqE2swmf1OkC | Correct SP_ID: 6ietERuOyR0o6tjgy1RJf1,2026-02-15T04:22:24.697585
20581,The Green Dragon (feat. Billy Boyd and Dominic Monaghan),cafd63de-5c08-4d88-a6e7-9fc88286f6cb,SPOTIFY_ID_CORRECTION,DB SP_ID: 2WFlUh3vI3duc27xe7miox | Correct SP_ID: 1bPE89lgHHGqyrZEjTm3Xo,2026-02-15T04:23:42.313056
1197,Life During Wartime - 2005 Remaster,26804acd-eb9d-4296-b4da-8e0afb005b18,SPOTIFY_ID_CORRECTION,DB SP_ID: 7CqleiaEqHVazV19P532X9 | Correct SP_ID: 3hvwIvTP2HtBGR6ffO8Iz0,2026-02-15T04:24:33.163046
1520,Flash in the Pan,938a22bb-ed69-40cf-95a5-69871c960532,SPOTIFY_ID_CORRECTION,DB SP_ID: 6XuQzFKU3rJNNEEs6lyIuQ | Correct SP_ID: 0BIsbY5UmkIMejNU55a0rv,2026-02-15T04:24:38.808172
1307,Girl Front,89c9d10a-e415-42a0-a61b-25beb186df52,SPOTIFY_ID_CORRECTION,DB SP_ID: 08gpF9fiPvxfjQCwnQdzgS | Correct SP_ID: 45vpYevZQXtR1z7JCxqn3w,2026-02-15T04:24:47.453351
995,I Want to Be With You,e955766b-c50c-4d1c-ae83-4c3330ed80b1,SPOTIFY_ID_CORRECTION,DB SP_ID: 5FBToB2y0ie4fq3WjfsFFE | Correct SP_ID: 0dskkcn2Vh10DyXVqVkOHJ,2026-02-15T04:25:02.004401
996,kodak moment,ad483e80-8628-4003-82a9-ba6dbf047dc9,SPOTIFY_ID_CORRECTION,DB SP_ID: 2lxSRAwgJGU8BzhmLkzx2H | Correct SP_ID: 1OM5kosmreVYutffduC3kW,2026-02-15T04:25:16.817335
1186,Everybody Wants to Rule the World,e4b347be-ecb2-44ff-aaa8-3d4c517d7ea5,SPOTIFY_ID_CORRECTION,DB SP_ID: 2YiCMmONQcoMPX2bV1LxE0 | Correct SP_ID: 4RvWPyQ5RL0ao9LPZeSouE,2026-02-15T04:26:42.610147
1547,September Come Take This Heart Away,4d876228-aa1a-4a22-8cb7-7e8b64609c29,SPOTIFY_ID_CORRECTION,DB SP_ID: 1bnEw1xzEc5f05KdbU9M7r | Correct SP_ID: 5virQ76YRtXR9oTNNSTwcO,2026-02-15T04:26:56.965217
2305,Dead Presidents II,3c199034-3d2c-4c9a-a0b6-1b58e099be81,SPOTIFY_ID_CORRECTION,DB SP_ID: 5Kqr27us3rTeuchp9Z6Inf | Correct SP_ID: 3nDYsXggRQxf7PCNUjR4rz,2026-02-15T04:28:17.593982
2540,O Grande Amor,48c13fad-258a-40b7-b7f8-eb3ff4bc189a,SPOTIFY_ID_CORRECTION,DB SP_ID: 7CARdlOoUmS3iKB3ydcsj6 | Correct SP_ID: 5GjCLHeNC77C0IbTkOU3tI,2026-02-15T04:28:21.390790
12455,Dewy Roses,c878c690-cb90-4bb2-be8b-ddc1aec10cec,SPOTIFY_ID_CORRECTION,DB SP_ID: 5Gqo7K8PetWf6SuXJGPGfJ | Correct SP_ID: 1MKV7uNCfhjbMRtCotycn8,2026-02-15T04:29:52.653447
9146,A World of Madness,c7c47188-72c0-4d44-929b-d9efbf34a7d5,SPOTIFY_ID_CORRECTION,DB SP_ID: 0ifjcjOj2CIrevTi0ZtWx0 | Correct SP_ID: 2GMeVXL0JQFLmAIJJa8K2n,2026-02-15T04:29:56.269370
9133,Prisonic Fairytale,8336fe58-07c6-4cde-8008-b9655b9d5b05,SPOTIFY_ID_CORRECTION,DB SP_ID: 1q6uaDlpEUGqx7BptfShrz | Correct SP_ID: 02DnwvCyWhdG6wbUqonFJ3,2026-02-15T04:29:59.917583
2868,Come On Feet,15ec807e-8cf1-43b8-99d5-2e98b90c7600,SPOTIFY_ID_CORRECTION,DB SP_ID: 7hzsCQ6UxX7ZwGsauswadi | Correct SP_ID: 1iWufGUhixnsQ35yjug3yE,2026-02-15T04:32:04.374477
3155,Liara,f1aa3cbe-ec35-4205-b120-4a46690a1c83,SPOTIFY_ID_CORRECTION,DB SP_ID: 5VNuqrx2pbaNvewoLvJCdw | Correct SP_ID: 5Pdx9Dv73RSO9MLW2YSTrp,2026-02-15T04:32:30.044069
3136,Scream of the Butterfly,3f064ae6-043c-468c-94e4-300ae18a9d71,SPOTIFY_ID_CORRECTION,DB SP_ID: 0b1kbsopU6sw5NtmCh5UIo | Correct SP_ID: 4reyAmWUdNFX6F70rX3ZoS,2026-02-15T04:32:59.677936
2953,You don't even know who I am,787ed8ac-72d1-49bf-ac5b-96ef1428280d,SPOTIFY_ID_CORRECTION,DB SP_ID: 195AO4g5cBQScmtDWNdm1C | Correct SP_ID: 4llQ1xFQfJyCLPnzVAImVw,2026-02-15T04:33:28.722896
4285,Without a Doubt,4bb8e8ee-bf22-4d18-97fb-9ce830c36383,SPOTIFY_ID_CORRECTION,DB SP_ID: 2qIi0X4pivzywQNomaUY94 | Correct SP_ID: 2oT2xVT3TdsokytCQxpZUr,2026-02-15T04:35:09.610728
5750,Vampire In The Corner,d818b0d0-b7fa-4277-b018-90799627bbed,SPOTIFY_ID_CORRECTION,DB SP_ID: 6O6VDSgm7Cxrk7kIJhyIFo | Correct SP_ID: 51sGfEWVD2FPICqPrjMuTG,2026-02-15T04:36:49.200359
5311,Kinda I Want To,a266d6d5-95b9-457b-8f5d-0f3c564e2a14,SPOTIFY_ID_CORRECTION,DB SP_ID: 5SzKrEhdqFuA8lp3xJM5AW | Correct SP_ID: 0LEs2eQLPXOEVi8sblfu4Y,2026-02-15T04:38:02.213842
6389,Do Not Fire!,403a10bd-3e7b-455c-b6a9-c909e416341d,SPOTIFY_ID_CORRECTION,DB SP_ID: 1APrKVAuOsotWulrz0GyAz | Correct SP_ID: 2tPzKfP7wGlXGPOSUBDHql,2026-02-15T04:40:04.157771
7415,"Caught, Can We Get a Witness?",0a8b1c9f-f560-4621-8c3f-c1a590047814,SPOTIFY_ID_CORRECTION,DB SP_ID: 0jlDI9VOB63CJoRJRDE6v9 | Correct SP_ID: 1TRaXveEPRDcfq36tcJTE0,2026-02-15T04:40:48.088945
7326,weather report,2fb3942b-e010-44e5-bb98-c8ee20e7ad0a,SPOTIFY_ID_CORRECTION,DB SP_ID: 682TDtMAq9UcKN0QqVN019 | Correct SP_ID: 695rNrdymatRlllDvK7Mq7,2026-02-15T04:41:31.579802
7349,Dangerous,71c3d410-ea15-458f-ba81-85fbd54460c6,SPOTIFY_ID_CORRECTION,DB SP_ID: 6RBR0NBR2lspYXEwOqNVqa | Correct SP_ID: 7gRDxsHKZOMduqp0OXO4rI,2026-02-15T04:41:47.657608
6993,The Number Song,3f275d58-2211-4aed-a95b-f9d912cb3f29,SPOTIFY_ID_CORRECTION,DB SP_ID: 4i4LwVodtpPKVurULiJXQB | Correct SP_ID: 6RCn8kS0gg3clXjhioVbrR,2026-02-15T04:42:24.138035
6718,Get Your Wish,f7a325b2-96e2-44e1-b63c-4c8f2ef436f4,SPOTIFY_ID_CORRECTION,DB SP_ID: 6aUfT9QOcTHhxLNrf1aVR8 | Correct SP_ID: 4Mn9mcuSPHfvKy2BSAYxcV,2026-02-15T04:43:11.874959
8119,Porn For Percussion,3459e8cc-cfe5-4442-a48c-ea4b906778f8,SPOTIFY_ID_CORRECTION,DB SP_ID: 3bDEXfUgxIOftGAAn0Ryqi | Correct SP_ID: 6ocrLIIDqk40gYjV0HYbfQ,2026-02-15T04:44:15.685942
8328,Pet Sounds,6dac8d8c-e091-4c69-97fe-fe14ed24eac8,SPOTIFY_ID_CORRECTION,DB SP_ID: 1RDva71oSm8zSnRLMQm6Gx | Correct SP_ID: 34t0eQX3rFwv3CoDZNWyc7,2026-02-15T04:44:46.600239
7523,SEVENTH HEAVEN,b993617d-3601-4390-b66f-df5049234e24,SPOTIFY_ID_CORRECTION,DB SP_ID: 25Z5bnHVwpWWNHzamaAh7l | Correct SP_ID: 4kTdjdEAZZDzkGmz1RHLQA,2026-02-15T04:45:54.189619
7507,Enough for you,b1c3f096-29e1-4847-80ef-6d5d09500986,SPOTIFY_ID_CORRECTION,DB SP_ID: 7CYPzawmBUJUN3tDGhQh1I | Correct SP_ID: 1z8nQqjNwNtuj0aoALh7gf,2026-02-15T04:46:46.363091
7811,LA Hallucinations,446f75a0-27f7-491d-b46f-eabc76309695,SPOTIFY_ID_CORRECTION,DB SP_ID: 4YFHe6DbSsAkn17gueZUii | Correct SP_ID: 7DY2hdo5qsl2400Wu8ZGnO,2026-02-15T04:46:53.772371
13724,Butter (Megan Thee Stallion Remix),590db8cc-d70f-4e9d-8f71-e4b5c38a11d0,SPOTIFY_ID_CORRECTION,DB SP_ID: 3IA9LkBEVhJDOxOnh1nf8a | Correct SP_ID: 2SpSGaJ5hO7oURncCt4yvF,2026-02-15T04:47:47.774236
8768,Blood Section,aff047a8-0e85-4fbb-bb42-3416c0084542,SPOTIFY_ID_CORRECTION,DB SP_ID: 4MIqea3vBJ6XLV1sUaMaEG | Correct SP_ID: 6dy5hqToxGwe6jdwpMrW1p,2026-02-15T04:48:26.409493
9077,Sleep in while you're doing your best,51580169-bfc2-4638-a7e9-8850dd096eb8,SPOTIFY_ID_CORRECTION,DB SP_ID: 0FHaT1bSGmCa0mMlLbbp7U | Correct SP_ID: 7CZIEPWCZ7RN3JxoIAAgyU,2026-02-15T04:48:40.885357
12969,Likey,4d8a4205-1544-481a-b921-e7be34c4fd04,SPOTIFY_ID_CORRECTION,DB SP_ID: 4Eb5cLWxKQUoUQaKUYSRgI | Correct SP_ID: 0IEVKWduAaMcZepZQVr80T,2026-02-15T04:49:32.102532
8877,Problem Number 6,31e72ca9-2733-494d-bdec-8470abd51389,SPOTIFY_ID_CORRECTION,DB SP_ID: 53b4ay3zz0DpRd3QVgzaqW | Correct SP_ID: 64lLxocroVRt3xOd1rzQb9,2026-02-15T04:49:44.746314
9123,Theme of Laura (Reprise),a633164d-340d-464c-b6bd-4e601adf6b11,SPOTIFY_ID_CORRECTION,DB SP_ID: 0BjtPxgTiddSRxA5JAUehC | Correct SP_ID: 4jNS0CJQtMae6qEjkPJ6iG,2026-02-15T04:49:48.370339
14091,Butter (Cooler Remix),4d04cf02-2334-4660-9bf6-2af8dad1bd47,SPOTIFY_ID_CORRECTION,DB SP_ID: 3IA9LkBEVhJDOxOnh1nf8a | Correct SP_ID: 7zOpZlwRK74a1nuszDZ5ZQ,2026-02-15T04:50:06.693189
9521,somewhere...,62458fd4-3c46-40f0-b3cf-6d97c0dba8b3,SPOTIFY_ID_CORRECTION,DB SP_ID: 2ldcyQeCuDeWPZItm1IgSv | Correct SP_ID: 52aVebOTFaNknog5SM92Fi,2026-02-15T04:50:12.326454
10117,青春コンプレックス,7c8ca692-d78a-4785-a7f4-7cc9ed0fb0f5,SPOTIFY_ID_CORRECTION,DB SP_ID: 6WS4BOE25eqqbcqbWJnez9 | Correct SP_ID: 60nwK1iMgnFCznF6FiNfts,2026-02-15T04:51:23.769383
4464,"Fear, Sex",85c1f4b0-4381-4ca1-bc00-220e6c37c7df,SPOTIFY_ID_CORRECTION,DB SP_ID: 5pUl86WPdIEncWK57kGcOY | Correct SP_ID: 05eIVOg5c8H9Nq5rbVaeoQ,2026-02-15T04:52:43.078401
11103,Honey Tea,9a790559-9a09-4502-9162-b4cc2ac6c4d9,SPOTIFY_ID_CORRECTION,DB SP_ID: 4H7u20alxuJTXEhPdYECbE | Correct SP_ID: 65PL26n1VBTBIllrkevTlR,2026-02-15T04:53:28.412236
11486,Don't Stop The Music,4c0566be-d3d9-42b2-964d-cf349972123b,SPOTIFY_ID_CORRECTION,DB SP_ID: 0ByMNEPAPpOR5H69DVrTNy | Correct SP_ID: 1Jo0Zg7XlrA6z0mFTZVdkn,2026-02-15T04:55:31.538501
11790,Die For You - Remix,c1a973aa-f5a4-467a-bee9-68deb2f95969,SPOTIFY_ID_CORRECTION,DB SP_ID: 7oDd86yk8itslrA9HRP2ki | Correct SP_ID: 4W4fNrZYkobj539TOWsLO2,2026-02-15T04:59:12.852408
14691,LET’S NOT FALL IN LOVE,ca5812d1-a60e-43a0-b7d7-776c5ab76b57,SPOTIFY_ID_CORRECTION,DB SP_ID: 6qE6Sb8vL75gckYovSXlQQ | Correct SP_ID: 3Gpq6aRcvg5ADaauaW08ij,2026-02-15T04:59:25.546650
12278,HOPE SERVICE,ac961544-fa3f-42bd-b4de-02f028ab6240,SPOTIFY_ID_CORRECTION,DB SP_ID: 6o1lNXE53Doja8PfG2VQof | Correct SP_ID: 0mPCuf12OFFPeh6t1D6y2I,2026-02-15T04:59:45.819679
12164,Eternity,641c1943-2eac-4a54-9563-170806e86d31,SPOTIFY_ID_CORRECTION,DB SP_ID: 4XzeThE3txvCBIrP40tj85 | Correct SP_ID: 1GBBbKOarAJ38HwIfLcOji,2026-02-15T05:00:18.901164
11701,Pocketful of Sunshine,073856b6-c9f7-4cea-a6eb-e65649d8c95e,SPOTIFY_ID_CORRECTION,DB SP_ID: 6SuCIASM5L1cx6FdJARYtv | Correct SP_ID: 1uigwk5hNV84zRd5YQQRTk,2026-02-15T05:00:30.183871
11805,Latch,5c68fea6-5f4e-471a-b1da-7bb045ffcf7b,SPOTIFY_ID_CORRECTION,DB SP_ID: 3pgC6hv9bbZSAzEOl6K5nG | Correct SP_ID: 26HcsxGTvuFVDLM9423hQf,2026-02-15T05:01:46.174473
11783,When Did Your Heart Go Missing?,b1eca6a5-b589-4bdc-9e34-5f9e83ba5065,SPOTIFY_ID_CORRECTION,DB SP_ID: 2Q9seagcbhu3rXjUG6faeP | Correct SP_ID: 60okmgzrYnFh2nXfi0XxWR,2026-02-15T05:01:55.072880
12702,By the Way,e6414162-7adf-4c52-b325-5361dc84a059,SPOTIFY_ID_CORRECTION,DB SP_ID: 2t0ZYmVXMR36fchq1Egs2d | Correct SP_ID: 1f2V8U1BiWaC9aJWmpOARe,2026-02-15T05:02:09.341707
12437,Love Will Tear Us Apart,2afa76b8-7857-40dc-97a8-2c6f457becb4,SPOTIFY_ID_CORRECTION,DB SP_ID: 4N42ow0h4JoK68OQwOzsQn | Correct SP_ID: 4pI6HBD9VpbwH2gmfJLI0Y,2026-02-15T05:03:02.968064
9747,bomber minmi,8e6bfac5-a2f6-482e-a257-090f2319439a,SPOTIFY_ID_CORRECTION,DB SP_ID: 0wyGludzz3nkSKAb5TeUxf | Correct SP_ID: 3h0pIYyGmk51AqMVDhkIoa,2026-02-15T05:03:39.166688
12885,I'll Be Home For Christmas - Single Version,84f620d4-207e-4270-aaa0-21730d480bf6,SPOTIFY_ID_CORRECTION,DB SP_ID: 1fjOitI0vZ41P63p1MQLcc | Correct SP_ID: 4lftz0V8DZhWSVtL4GrzMH,2026-02-15T05:04:02.780519
12949,PARADISE (Feat. meenoi),1decdf0d-def1-43b2-8136-3a238b04f225,SPOTIFY_ID_CORRECTION,DB SP_ID: 4YXWk4YOEmlu8bWlzNObD7 | Correct SP_ID: 4j0YyhNiV4s86p63lLK0yZ,2026-02-15T05:04:06.532322
9244,愛を探して,291f4a10-6a6d-4785-92c4-0c133898636e,SPOTIFY_ID_CORRECTION,DB SP_ID: 6TVotGXlaEoTjFN6n84MDZ | Correct SP_ID: 5kn38T8ZoPZnOHIRJObaBG,2026-02-15T05:04:51.951325
13222,Beautiful Stranger,3a70b090-b518-45fd-8459-f8d61276df31,SPOTIFY_ID_CORRECTION,DB SP_ID: 2EDxQGcJlVi32jBCXzUZhL | Correct SP_ID: 38TpUKiHQZyBKiD9LMMy6X,2026-02-15T05:05:00.832314
9242,とんねる大冒険,b73095d5-551d-45cf-937b-854d9e895d51,SPOTIFY_ID_CORRECTION,DB SP_ID: 1ZLEO7kuGvHyGLafBti1Tr | Correct SP_ID: 0OwOxQyV9WHxJ2jHRi3WdY,2026-02-15T05:05:25.715428
13534,야야야,218b5488-58c9-474f-9dbc-4481d037d802,SPOTIFY_ID_CORRECTION,DB SP_ID: 6ILiC6NIQcpSiG1XX5a2Ho | Correct SP_ID: 6hoPOfgeXVssQfM2aK5StR,2026-02-15T05:06:13.853911
13329,00:00 (Zero O'Clock),c95f01d4-9ff1-4090-b4bc-cef02b756d73,SPOTIFY_ID_CORRECTION,DB SP_ID: 6aIJhrO0Y4zeDLxLkj2NXk | Correct SP_ID: 6fqaMyg066xlukvUJWdM2T,2026-02-15T05:07:16.654558
14254,Extraordinary Girl / Letterbomb,f6280adb-f8e8-49d8-8921-8f264be19ffe,SPOTIFY_ID_CORRECTION,DB SP_ID: 2M38zNMI7gCoCwfEUZQPq5 | Correct SP_ID: 3RBXNeUbe3X7ZBch00D2St,2026-02-15T05:10:31.215691
15111,Incomplete,07aba6eb-f265-41e8-a3d8-89dd8f6cb072,SPOTIFY_ID_CORRECTION,DB SP_ID: 4I2NZieJZ592bAGPxxltO9 | Correct SP_ID: 6cgojBLcbd20SSITZ1VYTo,2026-02-15T05:13:00.486523
17821,The night of the first breakup,57c87a45-3b89-4273-889d-5b3439f15771,SPOTIFY_ID_CORRECTION,DB SP_ID: 6ARIHz54w9Y96aAX3fHjHz | Correct SP_ID: 63Q0YcbhufHPvahEFJVm4O,2026-02-15T05:13:15.299229
15426,wallflowers,2255332f-e261-41d1-807f-df4720ecea14,SPOTIFY_ID_CORRECTION,DB SP_ID: 4PPmFnO94HnK2gyRXrJ6h2 | Correct SP_ID: 32uQEN7MEMWPB4HHR43CSP,2026-02-15T05:13:44.490772
4360,Cacao,1af4ed30-2f20-4da2-a097-f34c6a7ad938,SPOTIFY_ID_CORRECTION,DB SP_ID: 7zw0m7tJRSzKXJe4XDJhra | Correct SP_ID: 2TzzFv4qo7NwEW37eYoJHC,2026-02-15T05:14:29.628117
4670,Flipper,91551a72-7c2b-47a9-8354-20c0715d0f7b,SPOTIFY_ID_CORRECTION,DB SP_ID: 1qqTuxNccTQnQdkCEog6Ij | Correct SP_ID: 3UzUJMSWyx6vTOtvdgvJZo,2026-02-15T05:14:33.273327
4669,Freesoul,86cab3a7-3dda-4ccd-a192-5c3a44fe168d,SPOTIFY_ID_CORRECTION,DB SP_ID: 7bcC4uRDwtPMcR63Hl8W76 | Correct SP_ID: 1gHsTlrxGyNVTIAHFWH5Ls,2026-02-15T05:14:36.941876
4667,Shoegazer,074c9c45-ce5f-4cc3-9f6a-b92a7b4b9890,SPOTIFY_ID_CORRECTION,DB SP_ID: 75BBGUXR7CR94nS1gC0iiP | Correct SP_ID: 44wMTV5Tsj4Axvf3ecgtd4,2026-02-15T05:14:40.629537
4666,Slowdive,0bcce6ec-9956-4ed4-bcac-8cc12628d6cc,SPOTIFY_ID_CORRECTION,DB SP_ID: 0Y8I0R2iJBWlPX6daeIfOw | Correct SP_ID: 1Saay1DhI2ZuhQGbSuYW1q,2026-02-15T05:14:45.914844
4665,Squall,34254cf3-2acd-405b-bd4d-3568c4129ea4,SPOTIFY_ID_CORRECTION,DB SP_ID: 6EZUIigx407oVTTQWyLpJa | Correct SP_ID: 20OFAtYQ5mgsnbtcuBGpzL,2026-02-15T05:14:49.663669
15093,Payphone,bcd54ab6-9552-44cd-a09d-d46a8a374c35,SPOTIFY_ID_CORRECTION,DB SP_ID: 1LmN9SSHISbtp9LoaR5ZVJ | Correct SP_ID: 4P0osvTXoSYZZC2n8IFH3c,2026-02-15T05:14:53.319884
15511,summer nights.,468d5b14-fed4-46df-adb9-fc6789886b3a,SPOTIFY_ID_CORRECTION,DB SP_ID: 7pDspg2l98EwYQRcBpmQWK | Correct SP_ID: 3yoQUT0qlE5Hzd2tgKu4nm,2026-02-15T05:15:18.200041
15606,Barely Awake,0fd873e1-5da0-48f9-85a5-5153e1911e2a,SPOTIFY_ID_CORRECTION,DB SP_ID: 2BQ8FCziBOuq9oxOGTAcUh | Correct SP_ID: 6fCkOrUX3uULjAPSBuLYGI,2026-02-15T05:15:32.956233
759,Breakbeats,4d569f43-4c4a-404f-81ea-9188a47ae149,SPOTIFY_ID_CORRECTION,DB SP_ID: 2FiWMOFiCBX8E7yEXAyA83 | Correct SP_ID: 05oPNs5twDLdoYX1yGsv09,2026-02-15T05:15:43.496782
15452,turtleneck,e153d1d8-d373-471e-b5a7-3ec21a9677f4,SPOTIFY_ID_CORRECTION,DB SP_ID: 6KqJBzZL0jgYiBRu23empi | Correct SP_ID: 3nOZNCbsw46u3CEnn8SIwq,2026-02-15T05:18:32.572052
14718,Teakwood,98af237a-6268-4b59-b87c-bc6b29a62206,SPOTIFY_ID_CORRECTION,DB SP_ID: 4KMEzq6iIYu9Gw1gytI80c | Correct SP_ID: 40NgDia1TB9e0FuUeboHcz,2026-02-15T05:18:36.194896
14791,Ponds,27e64a89-f80b-4e00-ba21-083831a81c52,SPOTIFY_ID_CORRECTION,DB SP_ID: 2gCU9gQPN5hXZOgWYYQxfv | Correct SP_ID: 0Uj989CTdpf2iJdiyyUFhF,2026-02-15T05:18:39.845300
16935,Le Sud,fb34b6dc-7c4b-4a51-8a03-f21d09b83bc8,SPOTIFY_ID_CORRECTION,DB SP_ID: 62IrYUCs5DK1LBlh5bVDSC | Correct SP_ID: 12gZM9RwqNIfU5wz9BAu7S,2026-02-15T05:19:25.032294
14954,Meadows,44e0fc43-dc74-4c08-a3ec-d282ca4e4e25,SPOTIFY_ID_CORRECTION,DB SP_ID: 3NNoSeAoSsmrCSAMjv9UYB | Correct SP_ID: 1jIeBRTPTM94g9DRmxwtDY,2026-02-15T05:19:35.929731
15430,blankets,d468aea8-f0b7-4d96-9ef6-ccc5b7ca1cca,SPOTIFY_ID_CORRECTION,DB SP_ID: 6GbqHpuQfAQjBhd6tdErxW | Correct SP_ID: 7CRRSX5mu7vu10L7DXUGdM,2026-02-15T05:19:59.151381
7306,Lullaby - 2010 Remaster,9e25ed40-e239-44b9-99fd-a1e502733112,SPOTIFY_ID_CORRECTION,DB SP_ID: 7oNg2UTfQIs0IafmyzRc0g | Correct SP_ID: 2fwfZDXNBxx2alE6clKQcZ,2026-02-15T05:20:09.857429
578,I Am the Sun (live at the Flesh Club),87ce3b0c-f7e4-436f-8ae3-9e7d306de164,SPOTIFY_ID_CORRECTION,DB SP_ID: 5okYWjiyFpOYEpZpPJWu8Z | Correct SP_ID: 1Fc3pMqdxB0mhpZjiwfVEy,2026-02-15T05:20:28.396050
7338,Oh!,c1b3a1f5-b8e7-47a0-82d7-866caf37930b,SPOTIFY_ID_CORRECTION,DB SP_ID: 6VOG2ROMCklbn6SSg9mA9H | Correct SP_ID: 264hNamcggdKXKAg3ypdQC,2026-02-15T05:21:40.182859
587,My Buried Child,96b750ac-ff8c-473a-9bbd-1790c50806fd,SPOTIFY_ID_CORRECTION,DB SP_ID: 2p3ph6isNMIQPf8SzBv7Is | Correct SP_ID: 5hVd6txXtGYMQFraU8aJWd,2026-02-15T05:22:37.516638
586,Warm,ded0b436-1ab2-490b-a205-5d0a9bf8d0ee,SPOTIFY_ID_CORRECTION,DB SP_ID: 7gKTvYplb4ScAS0OywtnkW | Correct SP_ID: 3KJxEjCl4CW5jrXGGnxnWV,2026-02-15T05:22:41.509589
585,Alcohol the Seed,bc186f8a-674e-4c04-92db-68315673a4e2,SPOTIFY_ID_CORRECTION,DB SP_ID: 6JFQyx30AkhHotTBLPqi4o | Correct SP_ID: 7lJyLLEPdgm7bb9Stl58Mi,2026-02-15T05:22:45.158333
584,Killing for Company,f6f1665f-c9bb-437d-883f-63709f9f951d,SPOTIFY_ID_CORRECTION,DB SP_ID: 73Pi2pRu7YV4rGOzTmJApV | Correct SP_ID: 386g81KgDHcQLk5YFBMBXQ,2026-02-15T05:22:48.796914
583,Mother's Milk,fb7dac4c-21a9-494f-b313-8c028cd922ee,SPOTIFY_ID_CORRECTION,DB SP_ID: 1F8hQyq6MJSzDCMrn6Wa2b | Correct SP_ID: 70zs0DTulvoTOwVhJrS1Ti,2026-02-15T05:22:52.435972
582,Where Does a Body End?,952ac4d1-e8cc-4572-8728-b4c21f3ba0cb,SPOTIFY_ID_CORRECTION,DB SP_ID: 3WdWyefVc0oZGAjsiTEY0z | Correct SP_ID: 6FwnkMH3sJVWhHXfKujG20,2026-02-15T05:22:56.230975
581,Telepathy,f60b6ca8-cf5b-403a-a3c9-4abb1f3b0d20,SPOTIFY_ID_CORRECTION,DB SP_ID: 41H35GUXOmbCB2OUL6cNcO | Correct SP_ID: 1i3fOt8n9UCreca636bOSy,2026-02-15T05:22:59.859549
579,Out,ec02aef5-2a62-408e-87b5-6929d23b6816,SPOTIFY_ID_CORRECTION,DB SP_ID: 2uCIhow0zMsK7gcNjZgOtq | Correct SP_ID: 1YDZJ7FCoMwdI9J9Vzb1rx,2026-02-15T05:23:03.552535
18962,Two Birds,acb1c7f3-0de4-4fda-8712-278296cb3314,SPOTIFY_ID_CORRECTION,DB SP_ID: 4dYweCb2snYQgAxpZPKKJa | Correct SP_ID: 2n0U2OG5d6TuW5mKx7YrC0,2026-02-15T05:23:07.179064
8506,The Empty Restaurant,5a91b130-0195-4c40-8d4c-e72ae796168a,SPOTIFY_ID_CORRECTION,DB SP_ID: 1i8XrHrRWOmN5flqYCVRnm | Correct SP_ID: 3VrFQapGr2i2IAK7WAYYy4,2026-02-15T05:23:26.921838
20124,Greyhound,43e3765b-b37b-4d12-aa6b-fbbfff1a278a,SPOTIFY_ID_CORRECTION,DB SP_ID: 2GbsctzYNoSBeFpjmumbQd | Correct SP_ID: 0VffaI2jwQknRrxpECYHsF,2026-02-15T05:24:18.000388
20121,Antidote - Extended,26f2ded3-5c1c-41fd-8d98-bb83c84980cb,SPOTIFY_ID_CORRECTION,DB SP_ID: 6rCSvvtCRQ1v5l2C7pyoIh | Correct SP_ID: 14epucTZd8dLIYipdByNZS,2026-02-15T05:24:21.636478
15713,In Orbit,60af55bf-235d-4bc2-9e18-291549dbbd3a,SPOTIFY_ID_CORRECTION,DB SP_ID: 3TO91bMajssgO6UjBh5yHx | Correct SP_ID: 0vN9SJWnAx4OEPY6pf8dlK,2026-02-15T05:25:32.274794
15709,Prayer,cf019bd5-ceb9-4260-87d9-8ddbbd9a4085,SPOTIFY_ID_CORRECTION,DB SP_ID: 1Dce8M8mRSfK5UuCFwWDFB | Correct SP_ID: 1s79XvtSZBzNrMaUTqBOEH,2026-02-15T05:26:21.115152
16683,Aspiration,7a8670a3-bb8f-4e77-90e4-aa9b128b7cba,SPOTIFY_ID_CORRECTION,DB SP_ID: 0jMKIF8g6pFbJteQ08N3XG | Correct SP_ID: 3LVqySefsabv9WmRSPC1cf,2026-02-15T05:26:44.769334
19353,Jack's Obsession,4faeba10-39f5-451a-9c00-2c1ab64c2c27,SPOTIFY_ID_CORRECTION,DB SP_ID: 6dy23IgPvA9UKwirjbLSBv | Correct SP_ID: 0Ywg5t3A8dbO1WgvPJDeWG,2026-02-15T05:28:03.498885
58,Cherry Waves,9dcacfe4-bf73-4906-ab97-2a709c3578d7,SPOTIFY_ID_CORRECTION,DB SP_ID: 06RKqktximm0kH8NVvxTyN | Correct SP_ID: 70L6nHORQsblY813yNqUR3,2026-02-15T05:29:57.533577
14763,Single Phial,7be60e8d-606f-41c5-9d2d-4f55625b0867,SPOTIFY_ID_CORRECTION,DB SP_ID: 5rrKGpRaikx0VMEZYfJCaj | Correct SP_ID: 58THvMRNJ37sxB2g8p5Z5E,2026-02-15T05:30:52.900204
13161,Start of Something New,201fb4d6-5ea7-4b48-a046-a5502ddd21cc,SPOTIFY_ID_CORRECTION,DB SP_ID: 4lwpTUgNUilBlixtPAmExH | Correct SP_ID: 4GSttxZ8SfR0zXYUwI89mM,2026-02-15T05:31:28.371390
13345,What I've Been Looking For (Reprise),227e6789-c322-4c7a-abfc-defc7c3bea3a,SPOTIFY_ID_CORRECTION,DB SP_ID: 4lwpTUgNUilBlixtPAmExH | Correct SP_ID: 0oo5zVjH4CyTsm5FctRlnL,2026-02-15T05:31:32.018417
13344,Breaking Free,2994173a-96df-450e-8e0e-0b6eb62446e5,SPOTIFY_ID_CORRECTION,DB SP_ID: 4lwpTUgNUilBlixtPAmExH | Correct SP_ID: 5zQ1Wq6HNYjGZWkVv5P8Eg,2026-02-15T05:31:35.653247
14512,Get'cha Head In The Game,9198873a-6601-466f-a986-8f79bd0d3bf5,SPOTIFY_ID_CORRECTION,DB SP_ID: 4lwpTUgNUilBlixtPAmExH | Correct SP_ID: 3pSR2gO4oZgQspQNKO6xRD,2026-02-15T05:31:40.897268
1254,フロンティア,1deeab95-08b2-49c7-8d9a-ccdd5c915c10,SPOTIFY_ID_CORRECTION,DB SP_ID: 1yVKHqxu02XDzJrT7Ib8G0 | Correct SP_ID: 5ZhVdzjnbNzvMR2PmXZBs6,2026-02-15T05:32:24.212891
12032,Wake Me up When September Ends,a23f107f-36cd-4a4c-b8d5-6dd73b9148c7,SPOTIFY_ID_CORRECTION,DB SP_ID: 5pugSJ7chgFcXiUBgrZSYd | Correct SP_ID: 3ZffCQKLFLUvYM59XKLbVm,2026-02-15T05:35:06.507561
11641,American Idiot,d3bd52f1-3d84-445b-84f5-7899de8f9340,SPOTIFY_ID_CORRECTION,DB SP_ID: 5RPYcnToWBhrZ8d5KqjAry | Correct SP_ID: 6nTiIhLmQ3FWhvrGafw2zj,2026-02-15T05:35:10.207433
11256,Sea is,4993547b-fa7a-4b10-aec0-c7d2308c38ba,SPOTIFY_ID_CORRECTION,DB SP_ID: 446OTlDO3cp6ReeI48yRr1 | Correct SP_ID: 7akw6aS2J7Z9kE8B9LssF0,2026-02-15T05:37:36.008279
20464,Jungle,5feda7f8-51ab-45a0-8451-affe649b7e94,SPOTIFY_ID_CORRECTION,DB SP_ID: 54zwuYIW4H4HuHGdI2jxUC | Correct SP_ID: 7LFNVbFQGY1T3fekzMLziQ,2026-02-15T05:37:44.873770
13964,Heartbeat (BTS World Original Soundtrack),9e97ee85-b431-4a24-a54b-31ef70afa904,SPOTIFY_ID_CORRECTION,DB SP_ID: 5EgYDyMDCi8X0zDydTF7Rb | Correct SP_ID: 4ZISkGo0j60iyLbme2rAkC,2026-02-15T05:40:36.865351
15626,Ruska,38dc056b-3b11-4355-96d5-a34df57a881f,SPOTIFY_ID_CORRECTION,DB SP_ID: 00aHSZYpstx3OUKOuId04a | Correct SP_ID: 1l0DcUMWpeOKiCji57jXKf,2026-02-15T05:40:48.583404
14439,Coupe_90,1d67d84f-6eb6-4b49-a7ca-c450414ddc65,SPOTIFY_ID_CORRECTION,DB SP_ID: 24MQzfXV5QJR7OJE5ZfZ0w | Correct SP_ID: 2J7MVJjztTpQWQsrw3MYwD,2026-02-15T05:45:19.521680
15586,Sunlit,dd23241f-b24a-4779-9715-fe017c493be1,SPOTIFY_ID_CORRECTION,DB SP_ID: 1AhFMq59cqETlulUUIDW6p | Correct SP_ID: 0GVT7cZU6MNAXcywnRzD66,2026-02-15T05:45:31.707095
15193,Bad Romance,d76057c6-c29c-41f7-b83e-751b4269851d,SPOTIFY_ID_CORRECTION,DB SP_ID: 0SiywuOBRcynK0uKGWdCnn | Correct SP_ID: 7kUOJYN2ynGfTYNlgNLpgY,2026-02-15T05:46:41.315663
15544,Wherever You Are,d61b38fe-b5e2-458c-898a-16b91103a94b,SPOTIFY_ID_CORRECTION,DB SP_ID: 7omZCDwpO1ke8Y1HcfOJWx | Correct SP_ID: 1SaGrAGefvLcX0jTKvWica,2026-02-15T05:48:41.912839
4114,Carey,0057038a-9095-4d22-ac84-006e10512c46,SPOTIFY_ID_CORRECTION,DB SP_ID: 11dUk8E2z8Oj1JURwl7GJd | Correct SP_ID: 29LI1hlDax2T43dgu1sTpR,2026-02-15T05:49:42.681946
14045,Cherry Tree,00fe97e0-0e20-4db9-8ec7-cd74498105df,SPOTIFY_ID_CORRECTION,DB SP_ID: 4tvYUBQAy3pQghzJCOHwef | Correct SP_ID: 5owO5cS8Bdkyvcac3Eadt5,2026-02-15T05:50:11.559673
17007,Cycles,1d00321d-f298-4ff5-9e93-d38fa5c46d17,SPOTIFY_ID_CORRECTION,DB SP_ID: 00aHSZYpstx3OUKOuId04a | Correct SP_ID: 5PUYpIjflbi9REmHrdw32X,2026-02-15T05:50:24.252353
19695,My Type - From the Paper Towns Soundtrack,b73f17bf-463a-418b-90e6-7f4436097b2f,SPOTIFY_ID_CORRECTION,DB SP_ID: 33on128N371DqyYj7bpTO7 | Correct SP_ID: 2Iq6HhIquO7JKr0KfTNLzU,2026-02-15T05:52:40.337635
19689,Be Mine,937bb780-ad87-4dcc-93e1-6cb9348300e1,SPOTIFY_ID_CORRECTION,DB SP_ID: 2o4T1vhu0kbTcKCGxFsSiw | Correct SP_ID: 4Cx1AMV4GD6lYx81tOxr0r,2026-02-15T05:52:43.970712
19692,No Drama Queen - Paper Towns Soundtrack Version,fc0c160b-e700-4854-b1b1-ff666cfa8c98,SPOTIFY_ID_CORRECTION,DB SP_ID: 4FDs1OihmssLQ7NeuXC7F9 | Correct SP_ID: 1lLWKu2cz62YJvnTxNJGFM,2026-02-15T05:53:53.441142
19754,Latch - Acoustic,a34055c8-2c4b-4c14-b60f-90881cc46373,SPOTIFY_ID_CORRECTION,DB SP_ID: 2c4dgwC42CRHlXOSFsHSPf | Correct SP_ID: 3XyU03WycJQ02kExHb9dqW,2026-02-15T05:55:01.595894
2026,Fermata in Mistic Air,d0201711-b7b8-4108-9ee6-4ca26d763b5a,SPOTIFY_ID_CORRECTION,DB SP_ID: 2rRmfhCXHpiHlTs2XecLYq | Correct SP_ID: 0usrcvWWNQnyEezswwVLq8,2026-02-15T05:55:16.339638
1352,Trauma - JamX & De Leon's DuMonde remix,2d7fdcd7-698e-4172-8475-847ff60fde60,SPOTIFY_ID_CORRECTION,DB SP_ID: 2HRt05wLPxH2ODzC66Tzx5 | Correct SP_ID: 78dtJMwKhktNJDDaKVIfiQ,2026-02-15T05:55:27.794334
523,I Will Dare,5f243050-26db-4e22-848d-957a13b0affe,SPOTIFY_ID_CORRECTION,DB SP_ID: 77EwrXeCpbMMlWHqhdeFxJ | Correct SP_ID: 2lkZapTWS4JqKfFebsIT3u,2026-02-15T05:55:35.408742
1351,UNITE! - Airwave remix,7f175764-4b15-4482-b702-2dbc1ae9e7b1,SPOTIFY_ID_CORRECTION,DB SP_ID: 0HA3fmwfKqrNUmPKvZ6GLr | Correct SP_ID: 6P9H6lRhYFzf6ssASpaEt3,2026-02-15T05:56:32.419816
3226,Fly High (Voodoo & Serano remix),81560b5e-20f8-4918-8818-7e16ad6e0580,SPOTIFY_ID_CORRECTION,DB SP_ID: 5fxsTmGU28yRJoWnTNrmRo | Correct SP_ID: 1wAkaNn9taGsBz3m9IOrJX,2026-02-15T05:56:36.077764
3225,immature - Koglin & Heath remix,d6561815-9b32-47d4-9501-b8c16801e736,SPOTIFY_ID_CORRECTION,DB SP_ID: 3QpG3xzQ2v5vGaKVp5OJ71 | Correct SP_ID: 1v0su7ghZEvBVkaVfxebVZ,2026-02-15T05:56:39.808168
3224,Evolution (Goldenscan remix),2395200c-40d3-447f-83f3-85a39cfff8db,SPOTIFY_ID_CORRECTION,DB SP_ID: 0J5SGOseZFZIPphpbjfLmm | Correct SP_ID: 2oEqBOeUbGNvNtkRF2j86f,2026-02-15T05:56:43.420672
3221,Boys & Girls - Push remix,1642f419-8b4a-4f8b-b079-1ae21300b06c,SPOTIFY_ID_CORRECTION,DB SP_ID: 3Rm0bhmRIaXmx8FsaeBqm6 | Correct SP_ID: 68CAo9v1sgXDCD34Buw8bT,2026-02-15T05:56:48.933407
3220,Unite! (Moogwai remix),4d6a5a6c-acea-47f6-8eae-db5957e0e502,SPOTIFY_ID_CORRECTION,DB SP_ID: 06f5nM4Tcwl47PlMhIHFOb | Correct SP_ID: 3AgxTT55jCKKkCCorvJZh5,2026-02-15T05:56:52.676985
3228,Surreal (Marc et Claude remix),8b99675e-dbe3-48b0-90ad-4006cdf237d5,SPOTIFY_ID_CORRECTION,DB SP_ID: 2EmP46zacqqZGwQ3G3zCb4 | Correct SP_ID: 4wLqS3ao1Ctwx4toPpz7cz,2026-02-15T05:56:56.443817
2027,Magdalene,eead5dc6-d327-44d6-879a-b36709bc5e10,SPOTIFY_ID_CORRECTION,DB SP_ID: 0RIxJn07g4UZ4gd5Y1aydb | Correct SP_ID: 6M4DGhNf1si5kp7sbLcMw2,2026-02-15T05:57:22.394153
10867,Bloom,8aeff291-b821-4f43-96fa-39a5231e184b,SPOTIFY_ID_CORRECTION,DB SP_ID: 2OhITAOj3KE9nOFTuZgnNe | Correct SP_ID: 69W7k78RUfdjgqSxY1aoQp,2026-02-15T05:58:44.596987
14395,Candle,0009b0fc-b79a-4e9b-a952-7cbaa13df089,SPOTIFY_ID_CORRECTION,DB SP_ID: 0LOQdZK2LCFsMwoBqxFHP8 | Correct SP_ID: 1WyTTs35OvqRoTfVrcC6o8,2026-02-15T06:00:04.241223
11708,Infinite Cloud,699bd8b1-e076-4210-9966-a6012442f959,SPOTIFY_ID_CORRECTION,DB SP_ID: 1LCmoqBLQu12PZB9HxF5zp | Correct SP_ID: 7gxgYrT9RiTdzsNWCV0Lbe,2026-02-15T06:00:22.436771
8441,Burning Up (FIRE),4c51ddd1-488b-4519-a527-e39cf5b139d2,SPOTIFY_ID_CORRECTION,DB SP_ID: 0aE3V0zgSD2YwkEHW42gxG | Correct SP_ID: 5WJBpIKyaVxPvIzrvPytJm,2026-02-15T06:00:40.603683
8443,Silver Spoon,10f1aa59-486b-4298-a4d4-86dbd93aad62,SPOTIFY_ID_CORRECTION,DB SP_ID: 5PRJlVG1c2JNa85mFoGARM | Correct SP_ID: 7laqA6CizS6MrUVylkOM0B,2026-02-15T06:01:01.276632
13905,Moving On,a1a35403-fdac-4408-b411-7ee3fa5d1fd2,SPOTIFY_ID_CORRECTION,DB SP_ID: 7j8YcE2SKZoLkeLL0qMvkH | Correct SP_ID: 6x5yP6T83Rlk5bY4uO9NLo,2026-02-15T06:01:08.401698
10718,失格,111ad9dc-3d76-428d-bc6e-7e12565a57d6,SPOTIFY_ID_CORRECTION,DB SP_ID: 3d9EokJvFXX4MBt8BBDyxp | Correct SP_ID: 4CyLya1RF8JyVCqQOjI2Xc,2026-02-15T06:01:55.643896
6,The Wuthering Heights - Version for Piano Trio,0a7f72c7-343a-4c5a-ace3-e02a504abe66,SPOTIFY_ID_CORRECTION,DB SP_ID: 66z58bkmaCjFRlFlI73A4D | Correct SP_ID: 1ZwmarCh3Vs7OHFhSLAnvH,2026-02-15T06:02:04.524965
19225,You Are the Music in Me,ed0baf85-3c3f-4edb-ad28-f30a940bff18,SPOTIFY_ID_CORRECTION,DB SP_ID: 111TrroaWDh2dWDKmXoxgp | Correct SP_ID: 4k9EAtZdZrzPlBUsFncXCZ,2026-02-15T06:03:04.371440
17500,I Need U (Remix),81c56b2a-9582-41b9-b387-18b8a44f155c,SPOTIFY_ID_CORRECTION,DB SP_ID: 0avGJHXsqHQfFloHTCbcwb | Correct SP_ID: 4pzjU0AnZa6Vfphk292e9Q,2026-02-15T06:03:22.894852
13911,Run (Alternative Mix),d880b151-19bf-40be-937b-bf610f2db5df,SPOTIFY_ID_CORRECTION,DB SP_ID: 4NNpKLaoOEeYi78vQDb3lB | Correct SP_ID: 4ou8XX6AM0XFVjWFuzllWP,2026-02-15T06:03:30.379148
15094,Butterfly (Alternative Mix),5e6938eb-63ef-4fb9-bc03-1702c3568e70,SPOTIFY_ID_CORRECTION,DB SP_ID: 0XwvxY5yMRI7vh55eBRe3B | Correct SP_ID: 0G0UoEFLum7ZPJxbmMbhPf,2026-02-15T06:03:35.571146
7570,"Tearz (feat. RZA, Ghostface Killah, Raekwon & Inspectah Deck)",3d2ed3b2-9120-40d3-8bc1-59a1d0928b81,SPOTIFY_ID_CORRECTION,DB SP_ID: 1GYwAkvZRk3p3r7xcct0cd | Correct SP_ID: 7y5zXpTN4J7K0PngQYa655,2026-02-15T06:03:47.012930
36,Stumbleine - Remastered 2012,281835ce-8536-4fb1-af81-914d4fe6550d,SPOTIFY_ID_CORRECTION,DB SP_ID: 1veB8qWnBqWrU5o3HbqfhD | Correct SP_ID: 4bbdwn07T9xWdZv8siAptT,2026-02-15T06:06:13.803542
31,By Starlight - Remastered 2012,68f10b6e-2627-441a-9730-3403db57a6e9,SPOTIFY_ID_CORRECTION,DB SP_ID: 4cMIz8ThlNNFjLIsWGzm47 | Correct SP_ID: 56z8HT2VyKL2nTg0Q3URPb,2026-02-15T06:06:17.426864
14755,Lunar Drive,ac558806-f2fe-42b4-b9de-1ac9968557d8,SPOTIFY_ID_CORRECTION,DB SP_ID: 6t182HX2hpBFiz3OalBM6T | Correct SP_ID: 29v0zt7Hk6GzIpe5o2YF04,2026-02-15T06:06:57.577396
38,Tales Of A Scorched Earth - Remastered 2012,2637cf59-01f8-4536-a1c0-d6efb8c0137f,SPOTIFY_ID_CORRECTION,DB SP_ID: 5lKP4l0lskCbsETfNeaz6s | Correct SP_ID: 0i5zjBavIn1LsTsh9oh54d,2026-02-15T06:09:17.344384
5764,#1,917342ce-09ab-457c-bdf3-67362213ded8,SPOTIFY_ID_CORRECTION,DB SP_ID: 6ryJQswzoXDmmFazg91c0c | Correct SP_ID: 406YvtPYpG4jq3hAx1u48M,2026-02-15T06:09:20.954894
54,Zero - Remastered 2012,239e517c-03e8-4291-9478-66c2cc936f0c,SPOTIFY_ID_CORRECTION,DB SP_ID: 1o2jjiTtiVJEtQyYzcRHnm | Correct SP_ID: 4YFcGTdgmEuw8xTO4XrxbB,2026-02-15T06:09:24.619869
51,To Forgive - Remastered 2012,c6c704b1-4043-4f2e-828a-0af5e5f34233,SPOTIFY_ID_CORRECTION,DB SP_ID: 7J9PTba0GLg9VYSM4PCIYF | Correct SP_ID: 428dyogxbsqj9U5leQ9why,2026-02-15T06:09:31.992978
49,Love - Remastered 2012,ea2a3417-5640-469c-a0a0-89d96bfbd1f0,SPOTIFY_ID_CORRECTION,DB SP_ID: 1zVqcVaYjPxKDhMFFrJfRn | Correct SP_ID: 2rBp8ix2ieRutorlsmPf9K,2026-02-15T06:09:35.688412
46,Muzzle - Remastered 2012,bd866229-2880-4693-94a3-f1e39154f973,SPOTIFY_ID_CORRECTION,DB SP_ID: 583InhqAFS5kMg3FNOBQI6 | Correct SP_ID: 6UuGRkwfLwBAfmHktU9GNA,2026-02-15T06:09:39.333468
42,Bodies - Remastered 2012,748f207b-0b82-4707-b236-230ab36dc8a9,SPOTIFY_ID_CORRECTION,DB SP_ID: 2MJU4Ct0DHikcmaZnM1C4R | Correct SP_ID: 4A0f5CrcOYRVwihIQkcHdP,2026-02-15T06:09:48.206522
41,Thirty-Three - Remastered 2012,0fb5b80f-7132-418c-88fd-0b34a01bac03,SPOTIFY_ID_CORRECTION,DB SP_ID: 02BSpb2sKuFgs0Go3LRbTj | Correct SP_ID: 1fPKWu8NKS1ZGHjFZ5QCAs,2026-02-15T06:09:51.910548
5759,#6,6d5b1a87-26be-4602-a91c-7b65c4b90d07,SPOTIFY_ID_CORRECTION,DB SP_ID: 4mqUX75CSaFamxxjEHbS2i | Correct SP_ID: 7mNkqKTiLSODAmaAdOqzc0,2026-02-15T06:10:00.732848
5757,#8,1fc66bfa-dfce-471b-980c-2df0aa012841,SPOTIFY_ID_CORRECTION,DB SP_ID: 5jmFIhvxGAhA1J5rnvXzJz | Correct SP_ID: 7iIvX9EVeixnWsiQjeowuZ,2026-02-15T06:10:04.346978
5755,#10,e417de88-c966-45ad-8ed0-52c88dd2267a,SPOTIFY_ID_CORRECTION,DB SP_ID: 5kBWHClnccth6MyPeGVKpm | Correct SP_ID: 5l7yPX1cKfdJJM7o7CjDmU,2026-02-15T06:10:08.091223
5754,#11,5790773e-f0d7-4747-8137-254bc96853e5,SPOTIFY_ID_CORRECTION,DB SP_ID: 1J9HzZ1mPuFafLSTRU2a6F | Correct SP_ID: 3z2nNUsdpbPEa0ReFuCK9p,2026-02-15T06:10:11.748886
8011,#16,81543213-646a-48ee-88ad-561ad4ed3e27,SPOTIFY_ID_CORRECTION,DB SP_ID: 2r4VNEStXJakUCwOds2UDS | Correct SP_ID: 3KzUQd77YclnI9ZiK1iuc5,2026-02-15T06:10:15.450443
15167,Anything,b640805c-ee29-49eb-ba90-a3e0b7557e09,SPOTIFY_ID_CORRECTION,DB SP_ID: 1HSkkgqyQRVg4eBiYyv8DU | Correct SP_ID: 2AtBXRPCZhtIqSGF5ap33B,2026-02-15T06:12:34.248715
14566,Escape Route,9418bccb-dc90-49e6-906d-0e68e4d7e1f4,SPOTIFY_ID_CORRECTION,DB SP_ID: 57h68MSNz9KvZjbKhsiEei | Correct SP_ID: 4JFsNP64gB8WejqWS9LWii,2026-02-15T06:12:47.164319
5763,#2,b6247100-8daf-43bd-aafc-914933f62e65,SPOTIFY_ID_CORRECTION,DB SP_ID: 1bxLXzzgL7uBMbhtNCgwfu | Correct SP_ID: 5IVkC4o9erri6IqVZbGbxS,2026-02-15T06:12:50.808839
8007,#22,abeb660c-00dc-4386-9643-9dccd85c00ea,SPOTIFY_ID_CORRECTION,DB SP_ID: 1IyTqzskrKwTR7MfY0E51s | Correct SP_ID: 3mqHljnbhJx3CsoJ2c7MSK,2026-02-15T06:13:29.180681
8013,#14,ab235ead-212f-488d-b417-d392d0970165,SPOTIFY_ID_CORRECTION,DB SP_ID: 52KJRzaJGFW4CmzaWVMx4o | Correct SP_ID: 0bWRDIvXN8Dm8WBzvVvMlm,2026-02-15T06:13:36.380287
8012,#15,831a3588-59ba-4193-8466-848dfe1108a0,SPOTIFY_ID_CORRECTION,DB SP_ID: 40XeG1VmD8Ij5Cu1d7E9TV | Correct SP_ID: 0K0aDN7Xg0Q1wPyKsZnDc8,2026-02-15T06:13:40.106979
8009,#18,f99c65ba-9367-49e8-a0ce-83c0917942dc,SPOTIFY_ID_CORRECTION,DB SP_ID: 5RiFvktikQzuUB5YQWEoZZ | Correct SP_ID: 0JNrEAsuNBcnWxMVg3Ushe,2026-02-15T06:13:43.796417
8008,#21,a2f91f81-fae3-45ad-b771-25f9a680979c,SPOTIFY_ID_CORRECTION,DB SP_ID: 6OLvzZ1zNccjuWcfsfb57l | Correct SP_ID: 3tI7iBPsw1Qd8y5CiJ1ueR,2026-02-15T06:13:47.514005
5753,#12,1f039c1a-4ce0-498d-8fc1-6c882e98b9d6,SPOTIFY_ID_CORRECTION,DB SP_ID: 4ARy18AeWBnQii8W2s4fbV | Correct SP_ID: 3hok6iiyoOrT2wbd5YfCOB,2026-02-15T06:13:54.816362
7259,Lovely Angel,3437354e-157b-4cdb-b774-5df9d1486956,SPOTIFY_ID_CORRECTION,DB SP_ID: 6EmSwrjTMT8Na1tE3MiJkH | Correct SP_ID: 42FDs01gxJSdmUXmHKBVOd,2026-02-15T06:14:19.780608
13839,Can't Help Falling In Love,08cc87be-356b-41fa-9859-eee4b0898e59,SPOTIFY_ID_CORRECTION,DB SP_ID: 7GEcnKyPi6RzD1RXlFdxzs | Correct SP_ID: 3dqUv6E7L24BDImpGJWYGL,2026-02-15T06:15:45.452102
15296,I'm Starting to Feel Whole Again,f02b221d-8309-45b2-95e2-7ede70d0310b,SPOTIFY_ID_CORRECTION,DB SP_ID: 4Dk5Xk4qX1jG7gdyFMXyt0 | Correct SP_ID: 0qwH96qnxIW5pb1RwmYC8U,2026-02-15T06:17:39.414959
11788,Can You Hear My Heart (feat. LEE HI),885afabc-28b1-4758-a856-b3bdb16e1204,SPOTIFY_ID_CORRECTION,DB SP_ID: 7n5eQJYX7e6H5gkzgyEfQG | Correct SP_ID: 7BewiXzpYTB8IzT2IFcfLR,2026-02-15T06:21:11.610085
248,Da Mystery of Chessboxin',97bb703b-e112-44a7-9d8b-5e1a0ad3fd2c,SPOTIFY_ID_CORRECTION,DB SP_ID: 45tZJAgtuB5tmifTC7JbW9 | Correct SP_ID: 4xOTVtbCPcfxMs2hSt9D6i,2026-02-15T06:22:06.409782
1402,Sick / relapse,35bff59b-6e42-4632-847c-9f6c677a54de,SPOTIFY_ID_CORRECTION,DB SP_ID: 3zRyCaa0c4vet1plQcLLZY | Correct SP_ID: 6YCEnfpx97ytWWpaOckZdz,2026-02-15T06:24:13.501937
12183,big flirt,b9005ede-059f-48f4-8b1f-92082e8a5b40,SPOTIFY_ID_CORRECTION,DB SP_ID: 355eZ7ojdzc0ZHc7LeiwE8 | Correct SP_ID: 4DWXFYTDoiRoZxQ5AckERs,2026-02-15T06:25:32.217942
20158,Young Blood,b660fed3-3ee1-4c5f-98f9-4a01d2a88ba4,SPOTIFY_ID_CORRECTION,DB SP_ID: 2AyTXn8x2GUmDi7byehyLA | Correct SP_ID: 5vfzW0Vz30UA4HNDChOLL0,2026-02-15T06:25:55.088030
13850,Romantic Lover,f19be06e-ff2e-44fe-8796-bbad266949c4,SPOTIFY_ID_CORRECTION,DB SP_ID: 7s5VQqrjBtrBgZL4pEa46S | Correct SP_ID: 7wAJfa8XOZmtCWrsxzE88T,2026-02-15T06:26:34.413165
20452,Walking Backwards,a8c67271-6a4c-400f-a4b4-d03ee5e35f62,SPOTIFY_ID_CORRECTION,DB SP_ID: 6iIgaicjGuLqynkT6rf7p0 | Correct SP_ID: 4IeAy6Cvy7lqYJUG16Jp6R,2026-02-15T06:26:51.000945
18488,Go With It,5d09a16d-de96-4b43-bc32-b21c8c917e1a,SPOTIFY_ID_CORRECTION,DB SP_ID: 1C13BdLulesH2g7TLWK5Yg | Correct SP_ID: 1PxeVXU16vI9Mf09ntfaPZ,2026-02-15T06:27:11.152292
1751,"Sure, Ok",6a0f8999-fcfe-4d13-85d9-c797a760428b,SPOTIFY_ID_CORRECTION,DB SP_ID: 4QAvVugE3bnfY52wEOSs3I | Correct SP_ID: 7fqfrQxzYG8qLzMuDX3tyJ,2026-02-15T06:28:05.241143
12537,It Feels Like I've Forgotten Something,8ebb0f45-708f-4d25-b980-f1abd6ec4623,SPOTIFY_ID_CORRECTION,DB SP_ID: 73ABh1N8eQKqwv1Ywgm8oS | Correct SP_ID: 3zaFQTIBcEjLKuh2E2CX6X,2026-02-15T06:28:20.473383
3248,She Said,66bdbd57-b6f2-46f4-a868-c00716dd84e3,SPOTIFY_ID_CORRECTION,DB SP_ID: 6HadZejJaG1KfJkXC4HAbv | Correct SP_ID: 5Yy9sRRcNQakNfR74hj5Td,2026-02-15T06:28:36.731810
9563,Starting Over,2bf72659-9c12-49cd-a7f5-8ea27c2dfdb7,SPOTIFY_ID_CORRECTION,DB SP_ID: 2DcEfiRPwcpdm55mctCHUE | Correct SP_ID: 0dcu28YT8cXZH7JTIraszp,2026-02-15T06:29:48.905881
13218,Dear Soulmate,609ef6fe-dcb5-40f0-97e7-f8953a5bd78f,SPOTIFY_ID_CORRECTION,DB SP_ID: 1yDvme1TNme1B9qWArp6c1 | Correct SP_ID: 4TvZH3MgJ1ZNBPquN2xwjK,2026-02-15T06:30:14.678229
6483,The Jetset Life Is Gonna Kill You,70ccc687-61cf-4efb-8012-e1213fee2063,SPOTIFY_ID_CORRECTION,DB SP_ID: 7HKfrU3iuEFrKxTAfVznrG | Correct SP_ID: 34JeM5fIRUc2NXsdsy3VLR,2026-02-15T06:30:54.302194
19245,My Songs Know What You Did In The Dark (Light Em Up),8606a66d-cdd8-4dac-ae25-9d574488e050,SPOTIFY_ID_CORRECTION,DB SP_ID: 7s0lDK7y3XLmI7tcsRAbW0 | Correct SP_ID: 2E43WFS4rRc09za2r2GmZl,2026-02-15T06:32:37.731965
7308,Lovesong - 2010 Remaster,1cb233e4-bd40-488e-b20b-1ff88cb9d27e,SPOTIFY_ID_CORRECTION,DB SP_ID: 6EzSoYhar0mao5LV9i0uFh | Correct SP_ID: 7K71priwuwcWwbgfHVQJdq,2026-02-15T06:32:47.263781
19247,Summertime Sadness (Lana Del Rey Vs. Cedric Gervais) - Cedric Gervais Remix,678e2d40-feb8-4558-bd50-93ddb9b6433c,SPOTIFY_ID_CORRECTION,DB SP_ID: 6PUIzlqotEmPuBfjbwYWOB | Correct SP_ID: 7G5GELyfqBS74W2P6SFE6K,2026-02-15T06:33:51.345810
12531,Rainism,86b8d87a-5e9f-44c0-8a38-b38125bae4e9,SPOTIFY_ID_CORRECTION,DB SP_ID: 6GAXpDApLNCK6GKNUp72EM | Correct SP_ID: 5SDidvzidhLUFgE5bBomXt,2026-02-15T06:34:21.055404
18534,Odd Eye,08914377-2739-45e0-bd59-d05e9d9d3bb6,SPOTIFY_ID_CORRECTION,DB SP_ID: 0d2yUgcPJGsR9ob3rV9VKd | Correct SP_ID: 66f9BsEekmGOQimdPEjFlG,2026-02-15T06:34:35.550365
17928,"Whenever It Rains, I Feel so Free",931c68c7-a31c-462a-8fc2-e858582bc761,SPOTIFY_ID_CORRECTION,DB SP_ID: 5unKppqHywgjp5kIMLEBce | Correct SP_ID: 1bxW8iQrospZeiofgYXBjj,2026-02-15T06:34:50.078257
18393,Someday,eeac908d-34ee-43c8-8faf-8b7dd5b199ea,SPOTIFY_ID_CORRECTION,DB SP_ID: 2D5BO4r3TEh71gs2puWXMU | Correct SP_ID: 0Qiw6qUOdX2w7LR17MwOa4,2026-02-15T06:35:29.735294
15864,Genesis,a5a68ea0-511c-4337-8ed5-a481ccc95747,SPOTIFY_ID_CORRECTION,DB SP_ID: 5oMo5riemkLeL7vbwy2S39 | Correct SP_ID: 5QHytyVuaHhIVKwyBdobl1,2026-02-15T06:35:43.285838
16034,Black Ice,17bed304-92df-44e1-b08c-b77488df76cb,SPOTIFY_ID_CORRECTION,DB SP_ID: 4g1kRkID0sgbEhEW2kVokN | Correct SP_ID: 3nzDvydd4Y5URvN36ESf5L,2026-02-15T06:35:57.309895
16312,Lost at Sea,3fc767f5-aa60-4973-8cb6-45835be6ea25,SPOTIFY_ID_CORRECTION,DB SP_ID: 5lHi8rAsHFCAGfyEyZuKWw | Correct SP_ID: 1Vldc5qaedWndzOZi0yYGh,2026-02-15T06:36:15.256913
19926,"Mary, Did You Know?",b4321391-fa46-438f-8818-b6e459b8d987,SPOTIFY_ID_CORRECTION,DB SP_ID: 13MJ3ME175PEkLcnFfkigM | Correct SP_ID: 4z8sz6E4YyFuEkv5o7IJni,2026-02-15T06:36:27.472916
16657,oranges in winter,66b3a242-78a5-429f-821d-3730df574f63,SPOTIFY_ID_CORRECTION,DB SP_ID: 30G1X4nQJQNDjdGdzQZAek | Correct SP_ID: 5ajsku2xZvd7ios7DVFV45,2026-02-15T06:37:45.705836
14552,Remorse,dc9ec7d8-9267-4bb2-b592-c582292cb9b1,SPOTIFY_ID_CORRECTION,DB SP_ID: 48Cz4HOofFJ6JuyVqnNmZ9 | Correct SP_ID: 1kX5n3eaTn5dUD4UhAqeN7,2026-02-15T06:38:30.733554
17041,Brunch at the Bodega,783ccbc2-0902-4002-992a-c39698775af9,SPOTIFY_ID_CORRECTION,DB SP_ID: 2anu5CIGr3Jb1t8wNPq9nZ | Correct SP_ID: 3SlAlaDZr1SldLbxJFbQyB,2026-02-15T06:39:03.460237
17462,Error (Inst.),20a3778b-f68a-4330-b3f7-8abf05482158,SPOTIFY_ID_CORRECTION,DB SP_ID: 2ddN2mcsgBxjHnhIXAqp8s | Correct SP_ID: 3YfJgkxVmwWGJymuO1VkPQ,2026-02-15T06:39:19.391701
17553,min's rap,44f8782d-4b7c-4f70-a9a4-a97baa575abc,SPOTIFY_ID_CORRECTION,DB SP_ID: 7Ar9VyiSooMGViF6AzgHyG | Correct SP_ID: 2dnoMv16zmdBUl7z3wB365,2026-02-15T06:39:37.559661
19887,Light Me Up,b3af78bc-185a-4cb9-b890-1fcb1b71d2b0,SPOTIFY_ID_CORRECTION,DB SP_ID: 6pQfHpMKbKsUIFHu2jQ2jW | Correct SP_ID: 7Drul1SY3RfqE1weEeoZ2h,2026-02-15T06:39:55.705571
18050,You’re the Best - Instrumental,aa55e4a6-5cf8-4767-be3a-f504acaaad3e,SPOTIFY_ID_CORRECTION,DB SP_ID: 72wN5vDfC1mMnxp8C2JB9w | Correct SP_ID: 13dQVtfvOezMJmKNepjwFK,2026-02-15T06:40:07.173557
18000,Stuck,58155dee-3e4a-4e82-8218-faae67551582,SPOTIFY_ID_CORRECTION,DB SP_ID: 0BPLuVAnbqric4LMcBjGCc | Correct SP_ID: 2nx8Hx1m7RWPitY8OgHQl6,2026-02-15T06:40:17.880133
18019,大好きだよ,4855e31b-b836-437e-af9b-1e6f5487cafa,SPOTIFY_ID_CORRECTION,DB SP_ID: 1BElYUAb77zITEX0nr725l | Correct SP_ID: 3FIIatkebmgFrmFhCLANDo,2026-02-15T06:41:23.411384
18113,ILYSB - STRIPPED,0257a2ad-01c0-4a7e-ba54-6b4b17daa8e2,SPOTIFY_ID_CORRECTION,DB SP_ID: 1ljMMRWgLSY1QNG4oIXqqU | Correct SP_ID: 3Dkvp3L4w0uJFYfIPa8E9H,2026-02-15T06:41:48.326368
17162,Summer Crush,dc0ef4ad-1e80-46e8-ac96-03c4585ab18a,SPOTIFY_ID_CORRECTION,DB SP_ID: 5aB6QLiVchqB06ZQYAPFow | Correct SP_ID: 1mbxlOTZNytUiWUsiibbPM,2026-02-15T06:42:06.424796
17800,Lovefiction,a853f5ca-2d3c-423b-9537-1854b11e9263,SPOTIFY_ID_CORRECTION,DB SP_ID: 4YWo5POfiqi5vyZMsUqdwU | Correct SP_ID: 0CnVFcYGckbE5zRoZX0Nqo,2026-02-15T06:42:10.360816
17652,Procrastination,949b8403-b759-4396-ab60-33c6e8af8da8,SPOTIFY_ID_CORRECTION,DB SP_ID: 5Ou1i2H5v7WF9llYNWojLP | Correct SP_ID: 6Sq0FkqOI4I4g4L71x3YiX,2026-02-15T06:42:33.568423
18010,풋사랑,6095797d-8803-4633-a47d-978a7a04d6be,SPOTIFY_ID_CORRECTION,DB SP_ID: 45cB3Ehar8LBGqzkXWIG0J | Correct SP_ID: 3sE36wc9h1sszA7cMePgNx,2026-02-15T06:42:37.238043
19350,Oogie Boogie's Song,f8d993f7-ff02-4d0c-b294-6e159ab4043d,SPOTIFY_ID_CORRECTION,DB SP_ID: 1TctVlWvNpmKGHMuPqJ5G2 | Correct SP_ID: 3MX6S65yDDJGPxVtBzru5w,2026-02-15T06:43:00.273377
19359,Jack and Sally Montage,724bd447-8eb6-4542-9458-f4932055f816,SPOTIFY_ID_CORRECTION,DB SP_ID: 5hUigcjLZPaqEfzqSqOSLQ | Correct SP_ID: 6M4aJ2abNeVRidIuG852na,2026-02-15T06:44:22.662630
19010,The Calendar,7a93a121-f2ec-4e69-b190-5edc418dd5fe,SPOTIFY_ID_CORRECTION,DB SP_ID: 5PFdgAdUFGCxE7SpI7NlzO | Correct SP_ID: 1qRKyMsn18kuIIP25W9byL,2026-02-15T06:44:33.721275
19973,Hark! The Herald Angels Sing,ca3c1893-ba54-468c-9497-ea368a510f55,SPOTIFY_ID_CORRECTION,DB SP_ID: 7hCL0bccI6iJKYqXYl4Dp5 | Correct SP_ID: 0FH83qinp8Wyx36z33HMjU,2026-02-15T06:45:17.628373
19250,Anaconda,ac006a16-828e-48e0-8b97-c88cfb7e6f02,SPOTIFY_ID_CORRECTION,DB SP_ID: 794F99D5BQHS5ZGRXAs7I5 | Correct SP_ID: 4M7aciOBSbGnh1bN3YbuS0,2026-02-15T06:45:44.596980
2950,Old money bitch,fd6c6e1f-d7ff-4dca-a9d6-025b2a0ec269,SPOTIFY_ID_CORRECTION,DB SP_ID: 69G9nIj6Pb1HfqFXa9DGFs | Correct SP_ID: 4wfXA6UBjwkyoNFsnkKUEV,2026-02-15T06:46:04.386141
19575,Beetlebum,0ee4e5a5-3bbf-4ffd-bbc8-808c91114959,SPOTIFY_ID_CORRECTION,DB SP_ID: 4vM0ida24YoIgCg8HrFzXD | Correct SP_ID: 4OHVCeQYPncEwZOtNAJZZx,2026-02-15T06:46:13.328747
19668,Harry's Wondrous World,781d1955-634f-483a-9125-9b290307a93b,SPOTIFY_ID_CORRECTION,DB SP_ID: 5qWvQZewRB57giOKgvUE3F | Correct SP_ID: 4lg0h4AJhPMxbO3VMpbUqS,2026-02-15T06:46:37.759258
20346,Prologue,5bb06de4-2c22-4186-91a3-c2dde9ad66f6,SPOTIFY_ID_CORRECTION,DB SP_ID: 6CeCOC2zx1qS8mQNYHe6IM | Correct SP_ID: 4UiTyqFqzDAfFChOBoDimI,2026-02-15T06:46:41.506874
26,Born Under Punches (The Heat Goes On) - 2005 Remaster,f62f437c-3cc5-4af5-96e9-b0c99e423ee1,SPOTIFY_ID_CORRECTION,DB SP_ID: 4eBCTzBsSjYgrLH5clQf2x | Correct SP_ID: 7tZDm498uu16woGTlK1V4p,2026-02-15T06:46:45.169750
2199,Wet And Rusting,2fa79c15-c380-4831-8df1-e260c591fa1e,SPOTIFY_ID_CORRECTION,DB SP_ID: 4ZQsf7nkYPJgcovhJ97l2d | Correct SP_ID: 104488oopYiohvpfjcBcnT,2026-02-15T06:48:01.636824
244,Teardrop,f3bba4cd-8018-468b-902e-bc8f029593e5,SPOTIFY_ID_CORRECTION,DB SP_ID: 67Hna13dNDkZvBpTXRIaOJ | Correct SP_ID: 35mj4RS00QlYlYeHr89kTW,2026-02-15T06:48:24.286300
20313,The Apple Tree,62cd383e-4348-47d8-b6bd-d131717837f1,SPOTIFY_ID_CORRECTION,DB SP_ID: 35d9wo9xNIxlAWEdLi7ynt | Correct SP_ID: 0Av0WEwYQ1tsXOCjCIRAhs,2026-02-15T06:49:07.273447
20240,Next To Me,fffca927-770c-4bfc-8254-ea7b2bdc9f00,SPOTIFY_ID_CORRECTION,DB SP_ID: 5v3k82ce0lPUUmJRJOqSKg | Correct SP_ID: 1Xsxp1SEOxuMzjrFZhtw8u,2026-02-15T06:49:14.687912
3239,Little D,c4c103c9-f8d8-458c-a036-c5c083ae8122,SPOTIFY_ID_CORRECTION,DB SP_ID: 6R2PU14hbh5NfW9a94sXOh | Correct SP_ID: 3y5KCncGFsRWEGqMBojd2C,2026-02-15T06:51:35.664326
2636,The Moment I Said It,dffcffa4-e27c-46f7-9e7e-b56296432339,SPOTIFY_ID_CORRECTION,DB SP_ID: 3SERdbOHjPhVpurcwBC8Wo | Correct SP_ID: 6xuWRDKgCQfeRS64OjCSCL,2026-02-15T06:51:53.978455
4799,I think about it all the time featuring bon iver,34c8af58-d5b2-4054-97f9-7a8b9b8ec0b6,SPOTIFY_ID_CORRECTION,DB SP_ID: 3AvuMVDQU1JyZ8McJumqpY | Correct SP_ID: 0ycAilgFiRrzbRFIYIpLH0,2026-02-15T06:52:31.225067
8269,All Apologies,14466da3-4a63-4eb9-9264-23e54c0ce772,SPOTIFY_ID_CORRECTION,DB SP_ID: 1Ic9pKxGSJGM0LKeqf6lGe | Correct SP_ID: 172TyTNb8qVzBx56tyBu5C,2026-02-15T06:54:43.732724
6480,"It's Not a Fashion Statement, It's a Deathwish",03c91074-92dc-4534-9d32-c63516f44dbf,SPOTIFY_ID_CORRECTION,DB SP_ID: 4fGIqy3bvjX0jz1SJHqjjo | Correct SP_ID: 5DZOnhSRTtyD9EufT2ie2x,2026-02-15T06:55:27.572566
9451,カラカラ -恒星- Live ver.,bd0e2867-3e6a-4b74-a3bf-1c388a16ee74,SPOTIFY_ID_CORRECTION,DB SP_ID: 0BlWCoGxEBkMjq61eVWhOD | Correct SP_ID: 2TeeUxAD3AhHaHmMoIFkDB,2026-02-15T06:56:09.114688
16305,endless love feat. afternoon,b6be17a5-592b-4424-b787-298b6ae4eaf1,SPOTIFY_ID_CORRECTION,DB SP_ID: 41C0PrUPvx4nnSIvrfNVHR | Correct SP_ID: 3AIt9LB3C7Jz99OnvVjbyv,2026-02-15T06:59:00.241181
13296,The 6th Station,93e733c9-cf69-49c6-928d-5671de67d47b,SPOTIFY_ID_CORRECTION,DB SP_ID: 4yA31jgRlxJq5vXIQDGnRH | Correct SP_ID: 6Hmqc4aqIdWgGcrwJjv5g8,2026-02-15T06:59:10.847159
10473,UNDERWATER (feat. 初音ミク),f2c30e9f-cb2a-43eb-a6f5-d681243a0f0a,SPOTIFY_ID_CORRECTION,DB SP_ID: 0Q1OdQjZTnkUsELiDVYB2j | Correct SP_ID: 4tHj46SaqO21RDmjYpNGKx,2026-02-15T06:59:28.698657
11350,Love Like Oxygen,04577ea8-6e9f-4e32-b798-e8c5cd2fdfb4,SPOTIFY_ID_CORRECTION,DB SP_ID: 0B7QAF2ByMFCp1Ls5ov6R7 | Correct SP_ID: 3MVFfBRX8EQi1fuGNf3ZiW,2026-02-15T07:01:00.118382
11898,Kyoto Fight Club,b7623564-1be2-4257-9f10-9b6ad3fe9c66,SPOTIFY_ID_CORRECTION,DB SP_ID: 6cba0afbuSyo5FRZqV1eMx | Correct SP_ID: 6kPkY8lSb1ni4qrD6DN0LZ,2026-02-15T07:01:29.481571
12163,Part of Your World (Reprise),e68179b7-33bc-44ac-abba-e6be166f5234,SPOTIFY_ID_CORRECTION,DB SP_ID: 1aYdJNJT480JVCPYayogh6 | Correct SP_ID: 3dE3LMkRw8FHBC9PPYfOSJ,2026-02-15T07:01:59.551368
15797,They Don't Need Me,47d8fec5-d6a4-49a9-9241-12621f11e2f5,SPOTIFY_ID_CORRECTION,DB SP_ID: 4ZGyUqh0rXeFRxBK5YU9z7 | Correct SP_ID: 6s7s5bSgi0Lt7yg6TsOsjW,2026-02-15T07:02:17.142348
17111,Beef & Brocoli,2646c39a-eb4f-4a1d-aea8-47eddb80521f,SPOTIFY_ID_CORRECTION,DB SP_ID: 0z5EGQRNJswCKJ1i2x8bOh | Correct SP_ID: 4UKbeHiZoFfw9zWIbnW3Rc,2026-02-15T07:02:31.282505
18288,"El me mintió / Mentiras / Mentiras (feat. Natalia Sosa, Pia Aun, Mariana Treviño & Mónica Huarte)",5d987858-7919-4eb8-9cf9-c1e4d7f195d4,SPOTIFY_ID_CORRECTION,DB SP_ID: 6vH5XEjmmUMUeTSvAUoxwO | Correct SP_ID: 2UJwVPIghpeAiU5ERjuycq,2026-02-15T07:02:52.732326
15488,Don't Think About Tomorrow.,d9685480-1774-4f4d-9c42-82c9586e39bc,SPOTIFY_ID_CORRECTION,DB SP_ID: 40IZm17tofCVk4DdYZv7z6 | Correct SP_ID: 3evtdBt2cXU5Kdxtfzu39d,2026-02-15T07:03:16.640957
16232,Lay Your Head on Me,4e582c1e-edef-4f65-933e-d5ced336e5d4,SPOTIFY_ID_CORRECTION,DB SP_ID: 2TkHnzYwHEoTVgoyqf6UJ2 | Correct SP_ID: 52T7DVaDgclYjDoPda2neA,2026-02-15T07:03:51.739842
17891,All Yours,fed2d516-63a7-4e55-998d-bfc97642b352,SPOTIFY_ID_CORRECTION,DB SP_ID: 4OPhAfnTooLR3EIW9WuKl4 | Correct SP_ID: 5lZBJppTKxcWkEFcBSjsrr,2026-02-15T07:03:57.520863
17358,I Don’t Wanna Live Forever (Fifty Shades Darker),338ab9a3-5347-4e2d-acbd-6cda8e050734,SPOTIFY_ID_CORRECTION,DB SP_ID: 2y5aJvzXhHPA94U5GFAcXe | Correct SP_ID: 55n9yjI6qqXh5F2mYvUc2y,2026-02-15T07:04:04.741918
19501,Limo Wreck,542c0a68-ad1b-446b-898e-b9005ede002c,SPOTIFY_ID_CORRECTION,DB SP_ID: 6WpTIA7S7XIVAkF7pXSm0Y | Correct SP_ID: 2rLAx6mTzaTYd0DborfvV0,2026-02-15T07:04:12.004898
9075,Embarrassing paintings (Agatha showed great initiative in art class this week),9afa067d-4f8a-4945-ad19-0d0ef26c380c,SPOTIFY_ID_CORRECTION,DB SP_ID: 1uEA1hA6JjzzOS9aN9gP6r | Correct SP_ID: 798eqr4HwZzFTjmbteT2Vs,2026-02-15T07:05:41.825899
20391,Dark Horse,12e2e456-5d1c-44e1-9eae-f745c2ce604a,SPOTIFY_ID_CORRECTION,DB SP_ID: 5jrdCoLpJSvHHorevXBATy | Correct SP_ID: 4jbmgIyjGoXjY01XxatOx6,2026-02-15T07:06:17.720294
17966,Rain Jacket over a Puddle,6b53c8a5-affa-40f2-a3cd-1d585418af8b,SPOTIFY_ID_CORRECTION,DB SP_ID: 28PNGsGiwwk1vQ1bbBiMAV | Correct SP_ID: 6pmIA05MrDe8WKLb0wsAqJ,2026-02-15T07:06:35.666770
20242,Somewhere Only We Know,0868857f-740f-47c1-a2c7-b6323c185c63,SPOTIFY_ID_CORRECTION,DB SP_ID: 7AQAlklmptrrkBSeujkXsD | Correct SP_ID: 0ll8uFnc0nANY35E0Lfxvg,2026-02-15T07:06:42.828404
3668,Pseudo Bread,fa7d236a-bfb9-4b12-acd7-fd00c33a7644,SPOTIFY_ID_CORRECTION,DB SP_ID: 1UUm2oOsgm9va89t38Z0KP | Correct SP_ID: 6ExLVfEZeY18Uex4N9fEni,2026-02-15T07:09:08.533150
3671,Woman on the Screen,07f75184-8063-4d97-8b33-127dc6d8146c,SPOTIFY_ID_CORRECTION,DB SP_ID: 0dfSihwlenSHYkQtkLPgnt | Correct SP_ID: 0egbO5NC5yXz64GXop6fFi,2026-02-15T07:09:16.442592
19418,Trouble - Sander Kleinenberg Remix,e64780fd-0dfc-4109-a79c-fec0fb55aa99,SPOTIFY_ID_CORRECTION,DB SP_ID: 4w734StyfOOGkbd0zpJJox | Correct SP_ID: 62A1L9MO3bDm02Qfp63tUd,2026-02-15T07:09:37.741489
8118,Untitled,6d97e750-d474-4d8d-85a0-17c2ca4f4367,SPOTIFY_ID_CORRECTION,DB SP_ID: 1yKoaMifE91yYIdRB6ZXpk | Correct SP_ID: 383oBvX7zgEYAfu69yoEnI,2026-02-15T07:09:56.454425
17639,Shootouts,90ba8905-720b-4c3d-82ff-62ea24f61fdc,SPOTIFY_ID_CORRECTION,DB SP_ID: 4D81nS4ggZYvGDko7QeLDg | Correct SP_ID: 10YQYGWBnoAY6zyo7eMZG2,2026-02-15T07:10:11.601578
13615,Losing You,69c17db2-a316-4ee3-af94-ed625967d03a,SPOTIFY_ID_CORRECTION,DB SP_ID: 4OJJ48xIvpbP3lHaCkEIbA | Correct SP_ID: 6zGmf1yfpWaI92WFNVy82y,2026-02-15T07:10:19.212941
3571,Chill Baby,ee526ed8-d54d-4071-bda9-067dcafcda5e,SPOTIFY_ID_CORRECTION,DB SP_ID: 5MJzPVpmuQenwmnW4tvqxN | Correct SP_ID: 0qpdzfTxAkOREtvvGO5oew,2026-02-15T07:10:32.073847
14732,Wonderwall,580f4553-e29a-4d19-989c-1b097b76de48,SPOTIFY_ID_CORRECTION,DB SP_ID: 2kyngSsWvKzqIWRsOoL9qA | Correct SP_ID: 1qPbGZqppFwLwcBC1JQ6Vr,2026-02-15T07:13:46.348242
1696,Pavane pour une infante défunte,acff070a-6dbc-486d-a158-99836cb56d94,SPOTIFY_ID_CORRECTION,DB SP_ID: 4vD1RRdY6NGziomo91emGH | Correct SP_ID: 27AFZXBpDHR7urSrK9mvbf,2026-02-15T07:19:04.393094
17447,Can't Get You out of My Head,9d763275-0b67-4edf-8aee-3d9511068716,SPOTIFY_ID_CORRECTION,DB SP_ID: 7MoKXLQeI0Bh2QodCjDO4K | Correct SP_ID: 3E7ZwUMJFqpsDOJzEkBrQ7,2026-02-15T07:19:22.083179
6931,Wanna Be Startin' Somethin',2460a241-6ff4-49f1-80f9-36051534e9ae,SPOTIFY_ID_CORRECTION,DB SP_ID: 1hu2s7qkm5bo03eODpRQO3 | Correct SP_ID: 4VpjW9LiXpwuPPVyfSbRtd,2026-02-15T07:19:29.777285
15170,California Gurls,44e88237-bdb1-4176-9687-714f0d9f6f76,SPOTIFY_ID_CORRECTION,DB SP_ID: 6tS3XVuOyu10897O3ae7bi | Correct SP_ID: 6KOEK6SeCEZOQkLj5M1PxH,2026-02-15T07:20:27.440776
8710,Swimming Pools (Drank) (extended version),7dee4afc-5931-4295-955a-7ae44f403e70,SPOTIFY_ID_CORRECTION,DB SP_ID: 3DFjTEueCBYqg7YE05eUJP | Correct SP_ID: 5ujh1I7NZH5agbwf7Hp8Hc,2026-02-15T07:20:51.337299
19529,River Flows in You,6d82409c-5d42-4d8a-972d-1345c579b08d,SPOTIFY_ID_CORRECTION,DB SP_ID: 2PeEEe0b2bN2xUw7rVUJ2C | Correct SP_ID: 2agBDIr9MYDUducQPC1sFU,2026-02-15T07:21:50.079267
2220,Obscene Humanity,ba975c66-edc0-474e-a9a9-2a8577fbab81,SPOTIFY_ID_CORRECTION,DB SP_ID: 7emx39FdPAHr0cIqucuzOk | Correct SP_ID: 1KCmFhLhPxM7KpZvu0zXbx,2026-02-15T07:22:49.692065
11237,BABY I'M HOME (w/ Kanii & 9lives),7ec4f10b-e265-4ca0-877c-696be66c17f9,SPOTIFY_ID_CORRECTION,DB SP_ID: 34lGv6KdMFWZtsvvVcnp8S | Correct SP_ID: 4kpr3Tf2NsQJevbiKaODz7,2026-02-15T07:23:11.273344
13169,"The Best of Both Worlds - From ""Hannah Montana""/Soundtrack Version",1ce22503-2ffd-4870-bc7a-e5fdca2e78c7,SPOTIFY_ID_CORRECTION,DB SP_ID: 6Z0F3Mqj7tq1CBZo5qMlUg | Correct SP_ID: 0bG6RGmpNP34Bw1p5C62zx,2026-02-15T07:23:22.596531
14482,Crazy In Love (feat. JAY-Z),fe664d51-b267-4e2d-8daf-d9e3f9cc8a6e,SPOTIFY_ID_CORRECTION,DB SP_ID: 5IVuqXILoxVWvWEPm82Jxr | Correct SP_ID: 0klMKiGV38IRaBo3jjt3oC,2026-02-15T07:23:26.256222
20177,I Will Follow You into the Dark,a5741d3d-c925-4070-8a83-910d23eb33d4,SPOTIFY_ID_CORRECTION,DB SP_ID: 2ndWbjiiNBEOrlfToKlABE | Correct SP_ID: 3kZC0ZmFWrEHdUCmUqlvgZ,2026-02-15T07:23:41.066443
19941,Have Yourself a Merry Little Christmas,a17e7109-e0c3-4f5d-b3b6-5008967de1b6,SPOTIFY_ID_CORRECTION,DB SP_ID: 5RWOu5w8T3OxipVyUklCPU | Correct SP_ID: 2qOxJaFD00XSblRJ4FDuX2,2026-02-15T07:24:05.848673
1798,Wild Packs of Family Dogs,561423a0-0526-4f59-a952-33f9486e892f,SPOTIFY_ID_CORRECTION,DB SP_ID: 20iMumN7WDTDWgY0c3UvCB | Correct SP_ID: 1LZZm7gwyuAnvKGXYF6siQ,2026-02-15T07:24:09.656232
4495,Sofisticated Fuck Princess Please Leave Me Alone,e7346bee-1f96-4cef-bbfa-d1aab18d74ba,SPOTIFY_ID_CORRECTION,DB SP_ID: 3oCmMqKkxyauztk7pCjl0b | Correct SP_ID: 47W1BWXYLJVbWfJAYU8SCY,2026-02-15T07:24:16.860315
12594,Just Be Friends,c8b0f1b0-3cd8-4397-811f-aba1da46979c,SPOTIFY_ID_CORRECTION,DB SP_ID: 6nouXTvNxQdZeiNDPLMbXD | Correct SP_ID: 7qdIR2jTfgOvsQSWHPjjIJ,2026-02-15T07:25:06.690235
11560,Island Song (Come Along with Me) [feat. Ashley Eriksson],d963d250-0519-4a78-b012-fbf2bdf1dc0a,SPOTIFY_ID_CORRECTION,DB SP_ID: 5WpK4V04MLgC2IUujM0NRB | Correct SP_ID: 2h7c8sfEWiKhDCWlt2KekF,2026-02-15T07:25:10.491283
1443,Creme's Interlude,72c76c91-ff03-4342-8aa0-f09536ff0aed,SPOTIFY_ID_CORRECTION,DB SP_ID: 5kYaWgEAb5WTI0x97T5Kh1 | Correct SP_ID: 10JafowLkkedEOoVgft2yJ,2026-02-15T07:25:14.239220
16400,11 Minutes (with Halsey feat. Travis Barker),dca47e00-9958-4cb5-a734-90860eb6a4a2,SPOTIFY_ID_CORRECTION,DB SP_ID: 4mGdjNMo0RonTlOEb7cYg4 | Correct SP_ID: 7MFFBu97QHns3dXgdYHhIa,2026-02-15T07:25:33.841945
18148,Bing Bing,687aef7c-7d28-4b8b-805c-a78d3a56cc31,SPOTIFY_ID_CORRECTION,DB SP_ID: 4fCUZbBdlcUY3KUqHdEoZK | Correct SP_ID: 22LgScOd9U930Tg0j79p2a,2026-02-15T07:26:03.839326
18192,I'm So Green - 2004 Remastered Version,48035d46-377e-4e59-9767-51ba4851f03f,SPOTIFY_ID_CORRECTION,DB SP_ID: 1mAQwbVDwer2Q5fJZHqfF2 | Correct SP_ID: 49TO27kLN9UeEk9g8Irpj7,2026-02-15T07:26:07.723014
18597,LIGHTSABER - Bonus Track,0927fa8a-a35b-466a-9736-e7b823c8a5dd,SPOTIFY_ID_CORRECTION,DB SP_ID: 6p924OVSxA7wDlQ6mmvA5d | Correct SP_ID: 0WgIKcomgCpfSvTHRT43aW,2026-02-15T07:26:11.450437
18626,Fairy Tail Believe in Myself,bcd83945-b22e-46a6-87e0-1273f8ddbc05,SPOTIFY_ID_CORRECTION,DB SP_ID: 5SwCxn7xcCVMwmFNE9PSQj | Correct SP_ID: 4b2QPC9LlhALjFt3nHFwHS,2026-02-15T07:26:16.631061
18767,Pretended,9e41fe7e-8520-452e-b8a5-7ff68df87c00,SPOTIFY_ID_CORRECTION,DB SP_ID: 4Acgbu9GayanAEkB6xiZUn | Correct SP_ID: 0fIiCm9Pf19dcIrmZ7stf8,2026-02-15T07:26:27.342670
18732,1분만 One Minute Back - Live,d8d80774-ffb6-4e2c-b93b-a7cfd803a96e,SPOTIFY_ID_CORRECTION,DB SP_ID: 5LNS7avx8JzwaKdMzu8UwP | Correct SP_ID: 0u7YEkXfHhaY3VECkImihf,2026-02-15T07:26:31.127101
4802,Apple featuring the japanese house,8c3d6064-283d-4d16-ba3e-f809cebcc650,SPOTIFY_ID_CORRECTION,DB SP_ID: 1u2NUS3ectoHCsKaH4bUOo | Correct SP_ID: 1PJe42QnCMD6JqhcooaWzc,2026-02-15T07:27:00.432075
8853,Run Run Run,bf765bf8-b2c5-4fb3-97b7-0eb4d8e5cfa1,SPOTIFY_ID_CORRECTION,DB SP_ID: 2J8Mbdpem8CiSZKRoZOIeG | Correct SP_ID: 5JiR0xFCUrKE60Yv0i7mSn,2026-02-15T07:27:32.958287
3914,Little Mascara - 2008 Remaster,15d0cff5-3929-45a0-ba7f-cb8258657179,SPOTIFY_ID_CORRECTION,DB SP_ID: 7zCxjalVHE4ZzcX241tcML | Correct SP_ID: 2gp2MEaiTOvRIWPeCxRL5Z,2026-02-15T07:27:40.328304
1029,Shadowplay - 2019 Digital Master,17ddd699-a35f-4f80-8064-9a807ad2799f,SPOTIFY_ID_CORRECTION,DB SP_ID: 1HIV7KpOnHL32AKth0l1eU | Correct SP_ID: 4ZuC5MfGjRQs3pZtPxqMYP,2026-02-15T07:28:02.250102
12301,Ukay Tamis,8a5a8dad-df3b-4b78-bb42-4e57b6f5de10,SPOTIFY_ID_CORRECTION,DB SP_ID: 5AC57Vo3HPSsvX242Bstqp | Correct SP_ID: 3mD79hXqTxHWv7KFmz8iUj,2026-02-15T07:29:15.630941
16066,Arise,bede6b62-6b91-40fa-93fe-886a7189df58,SPOTIFY_ID_CORRECTION,DB SP_ID: 52FvfZk0sSuOMPsTfkR1aw | Correct SP_ID: 0NV7o8ZFc0tMEn10DATpje,2026-02-15T07:29:30.894934
6832,Atrocity Exhibition - 2020 Digital Master,c1239d51-1039-4ec6-8f84-1784482a2673,SPOTIFY_ID_CORRECTION,DB SP_ID: 3bMdWvDfVZwwEkPVSmIqt1 | Correct SP_ID: 6oFnxJJDkrLPvF2X6cEI5D,2026-02-15T07:29:49.190876
12647,MotoSpeed 24,22a3d136-6d61-4622-a157-ad1e2a9a2d45,SPOTIFY_ID_CORRECTION,DB SP_ID: 389Dv5Nv1lkun5PnB7cVNT | Correct SP_ID: 48GOc2hFe2mRgupAwmekXU,2026-02-15T07:29:56.546633
11555,Star Star Star (☆★☆) - Acoustic R&B Version,4f664e2d-92cf-44a7-a0bc-756f6c099fdb,SPOTIFY_ID_CORRECTION,DB SP_ID: 5GdcqoJgk4r6v5VowVfIib | Correct SP_ID: 3RpppdGLN08T2IznmCJ4mM,2026-02-15T07:30:04.373443
11001,Because You're Here (feat. Miku Hatsune),fe0cd3d2-f7b6-488c-adbd-a244d0937ccd,SPOTIFY_ID_CORRECTION,DB SP_ID: 5t60rC3e9mXv8Jy9eGZbkE | Correct SP_ID: 03TzER3qI6rcOjWQb6FMTt,2026-02-15T07:30:18.945357
4804,Everything is romantic featuring caroline polachek,04f2c611-bb29-44e6-beaa-8f6c76d75c20,SPOTIFY_ID_CORRECTION,DB SP_ID: 2p2U8zVAnue6Yrx3mvtBE3 | Correct SP_ID: 1RGidCmtrqER8GBs8TnG9C,2026-02-15T07:30:33.463832
12261,PURGATORY - FlowerBoyDeMii Remix,399eba7a-a535-45b1-a434-a51fc6b498f4,SPOTIFY_ID_CORRECTION,DB SP_ID: 5Jsg5rBozf6SYvQQsHrNOB | Correct SP_ID: 7fTHsJVOkhU2UsaXFDNzI7,2026-02-15T07:30:44.623280
4719,Michishirube,33e0a364-dc45-4725-bb91-482ef5197035,SPOTIFY_ID_CORRECTION,DB SP_ID: 5ZFtDy6efVz9BcyYUIg3T6 | Correct SP_ID: 3GZOe2VCT27ASzPohzVT22,2026-02-15T07:31:18.408672
2054,Friday Night,30b0aae3-e207-4a7f-80be-53512a884f7d,SPOTIFY_ID_CORRECTION,DB SP_ID: 77MJB4bq334qiILQp1xJJ5 | Correct SP_ID: 0J36Da64OUYq9ZAzpp04AS,2026-02-15T07:31:42.413841
16102,Last Snow,afdfd09e-8129-424a-b79e-9ffe5a462a81,SPOTIFY_ID_CORRECTION,DB SP_ID: 7JjzXUFEPqFyQnD6j6IAtp | Correct SP_ID: 50qywOY7QoFlxIZXqAr9ds,2026-02-15T07:31:46.105555
4807,I might say something stupid featuring the 1975 & jon hopkins,d615b58d-d9e3-40bd-ae7e-748510e1155f,SPOTIFY_ID_CORRECTION,DB SP_ID: 2uRHJmdkGIajVibmUv9HDx | Correct SP_ID: 4l4OfcR9UPPT06BINAxbiA,2026-02-15T07:31:53.737512
20008,Wings,dca35981-e544-4491-b15f-4f88be5a1c43,SPOTIFY_ID_CORRECTION,DB SP_ID: 0GE3XQLor1RpJvTWlN5D4G | Correct SP_ID: 3180WDzph4WrS4sLSNcGfa,2026-02-15T07:31:57.365083
7054,five,98ba526b-1f80-47e3-a1be-3226decb0d8f,SPOTIFY_ID_CORRECTION,DB SP_ID: 3K7kEgQCoLkX18abwTvKuQ | Correct SP_ID: 3ghTsjSM8myCwmES7xkATW,2026-02-15T07:32:33.491184
16748,"Chopin: 24 Preludes, Op. 28: No. 15 in D-Flat Major ""Raindrop""",d2ef5e7c-c8a3-4296-b50c-b0be2e6b25c6,SPOTIFY_ID_CORRECTION,DB SP_ID: 5Fk63yG21GTBisKNJz7lXB | Correct SP_ID: 0cK0DVtbaLJT5pFrmm20sZ,2026-02-15T07:33:24.365965
4718,Hikari Tokage,a6a1a8d6-4cb0-4bcc-8dec-0e3be2abea3a,SPOTIFY_ID_CORRECTION,DB SP_ID: 0kknYlv10mjkWz3HrpNJwQ | Correct SP_ID: 2hD6dSDFadmVt8U8ze5HGd,2026-02-15T07:33:49.043252
4720,Pochette No Outa,e9ad9cbb-f359-430f-a39b-126868bd090a,SPOTIFY_ID_CORRECTION,DB SP_ID: 5aLYlNa0nEsU2uhDXlZ1Xy | Correct SP_ID: 0DxAVXrA5fbMxSdU2xmDMi,2026-02-15T07:34:00.036317
15937,Sucker,31148286-91df-454f-a309-8e16767fac61,SPOTIFY_ID_CORRECTION,DB SP_ID: 7mVeBO2UXObxRBg5vpBW0r | Correct SP_ID: 22vgEDb5hykfaTwLuskFGD,2026-02-15T07:34:03.672999
16718,CLAP,d0b7feba-0107-4cc4-9e81-5da2ff975a00,SPOTIFY_ID_CORRECTION,DB SP_ID: 5TBQKPqLRuqdCCT2oszWjx | Correct SP_ID: 0cbh6m6Ita9t4sKVDJQZFP,2026-02-15T07:34:26.013788
20671,Candle,acb5aabf-d699-4d97-b5a1-47408d63c3e9,SPOTIFY_ID_CORRECTION,DB SP_ID: 1nVShgCXxO3N7CAXoVNCdp | Correct SP_ID: 66447TJUyw3jjyePECdqJY,2026-02-15T07:34:29.898224
20262,Holocene,c218b538-538d-4d71-9f6d-d063f5c57188,SPOTIFY_ID_CORRECTION,DB SP_ID: 1ILEK6NRfxoseoPnolRcVA | Correct SP_ID: 35KiiILklye1JRRctaLUb4,2026-02-15T07:34:44.440524
20150,Soothing Summer Rain - Refreshing Shower,7c31ac1d-fe2e-44a0-a817-71a058b0523f,SPOTIFY_ID_CORRECTION,DB SP_ID: 6IiPiPIyVtnfnWeWQsuKt9 | Correct SP_ID: 7Jd4rHUamEd8IX0Eqlst5e,2026-02-15T07:34:48.250125
20779,"Miles Runs the Voodoo Down (feat. Wayne Shorter, Bennie Maupin, John McLaughlin, Chick Corea, Joe Zawinul, Dave Holland & Harvey Brooks)",d9bfa893-1fc6-4a10-ab08-70080173846d,SPOTIFY_ID_CORRECTION,DB SP_ID: 0n8sBhOtUb6pDFKjpxfakj | Correct SP_ID: 6QjReBcA4E9BpPOha4Ek6V,2026-02-15T07:35:10.728752
1194,heavy lashes,54bf92cc-67e5-4802-9a08-d13db6becaee,SPOTIFY_ID_CORRECTION,DB SP_ID: 0KPsvqgVxYaNvNDEi4MS88 | Correct SP_ID: 01JBfILOCwbflumR7fr5Rh,2026-02-15T07:36:22.042707
1009,#19,fc37cab2-a30c-4589-8314-9fb255f4f557,SPOTIFY_ID_CORRECTION,DB SP_ID: 6gBbPTmT3qveiYpqAYvYJH | Correct SP_ID: 3zSBsvj6MWavRKfPE51395,2026-02-15T07:36:25.678016
20016,Shot Me Down (feat. Skylar Grey) - Radio Edit,ef4735f1-62d6-4aba-ac74-e53ffb0a4567,SPOTIFY_ID_CORRECTION,DB SP_ID: 7qfwcqfGOkQYtzjF4UzJHM | Correct SP_ID: 5aifFsWwt3u1swUe8pC4lf,2026-02-15T07:36:47.486555
982,th1 [evnslower],f4ecf2d4-4106-49a1-9d7c-a65e8d85da64,SPOTIFY_ID_CORRECTION,DB SP_ID: 4gtQeBKsAWeE3lKcC13TOH | Correct SP_ID: 1LtfK8H5kL6ZsMd2JWC2KG,2026-02-15T07:37:40.933989
19461,The Carpal Tunnel Of Love,b365847f-a151-40a0-bf0b-2493e1d30e0b,SPOTIFY_ID_CORRECTION,DB SP_ID: 2QaqANHOUyHy6p8YjYEYQr | Correct SP_ID: 6FAUi2Xm6RCF0wpwG8oXGZ,2026-02-15T07:37:57.665751
17187,Mansae,dedb3c59-2fa6-4197-bedb-8d6170b0f0cc,SPOTIFY_ID_CORRECTION,DB SP_ID: 4Kh38B8vsr3jNdWJo0bnR9 | Correct SP_ID: 5rIsrawNyPv1q8v11iwJsh,2026-02-15T07:38:03.408074
10168,三日月の舞 - 全国大会銅賞 Ver.,8f06fa91-2308-40bd-9a8a-a9f89de2ff63,SPOTIFY_ID_CORRECTION,DB SP_ID: 3BuzWEnsYLsZllIvDByIPM | Correct SP_ID: 0XAK6TuKqVwOKLquRJhsnA,2026-02-15T07:39:00.244204
12507,SET ME FREE (ENG),2007b5be-2a0f-47fc-8f9b-2965d0156bbb,SPOTIFY_ID_CORRECTION,DB SP_ID: 4OtVQ2ZxS7yigIjGz5yKg1 | Correct SP_ID: 6bkTxw6m6vl8Oc3xtKBXN0,2026-02-15T07:40:26.633844
13214,Disappear,0049a7a5-14a5-40fc-ae44-21d8bc37fd00,SPOTIFY_ID_CORRECTION,DB SP_ID: 1ie0oU0P2TI3lsK4nYCSMz | Correct SP_ID: 1vKPCcclqSIHpMIh4YieQG,2026-02-15T07:40:38.059728
19630,Skyway Drive-In,e17cdf2c-69d6-41fa-960c-6e88fb22aa3e,SPOTIFY_ID_CORRECTION,DB SP_ID: 7zhxXSGNMVuWMOsFLq1r9h | Correct SP_ID: 4W37RkwXXdrRKJEoZi9Tig,2026-02-15T07:41:28.008396
20306,An Ending (Ascent),306442b9-13d3-4e7c-b2c9-dcbe12ad0b22,SPOTIFY_ID_CORRECTION,DB SP_ID: 1sGpjDlrzobaQW6nUPmVIR | Correct SP_ID: 1vgSaC0BPlL6LEm4Xsx59J,2026-02-15T07:41:37.139589
9819,I Could Never Take the Place of Your Man,00202736-9c7f-4d8f-82ea-531da98b6307,SPOTIFY_ID_CORRECTION,DB SP_ID: 3WvpxjF9fF8iFB6f8jWfFI | Correct SP_ID: 2ug43Y5orVQourMAputz0p,2026-02-15T07:41:41.012329
20696,House featuring John Cale,983be4a9-946c-41dd-8d0a-ea70c4a2931e,SPOTIFY_ID_CORRECTION,DB SP_ID: 6lYUgmE829m06SMC6tG3qD | Correct SP_ID: 15ApEgs3gaAMKOEj2vzH1p,2026-02-15T07:42:09.988105
16861,Vscrl,030b7382-eed1-4353-af7c-578f2cb22ac7,SPOTIFY_ID_CORRECTION,DB SP_ID: 5xf5vvekhUPOXNZ4RqRt5S | Correct SP_ID: 3bsEF5zH4DaySnODg0Fb3U,2026-02-15T07:42:15.140711
16358,cozy,05b89a3d-76b6-4723-8537-b0eac770635b,SPOTIFY_ID_CORRECTION,DB SP_ID: 3kcr6gFqFpvzu7mpy5dXs5 | Correct SP_ID: 2pniQs350i9busRD8ZEj8q,2026-02-15T07:42:59.732423
16800,Call Your Name,d0677bd5-96cf-4708-b340-aa5a6ee6c4c6,SPOTIFY_ID_CORRECTION,DB SP_ID: 4fZQjBFIqz6mGhJsQbzmyK | Correct SP_ID: 2KsKqXIPJP0LUrZh3FP4Ut,2026-02-15T07:43:05.593485
11994,El Mañana,d0769eb3-ca35-4aab-aa45-ecedee55250b,SPOTIFY_ID_CORRECTION,DB SP_ID: 6MbCMIdKwhLthMlerWPrjg | Correct SP_ID: 0dcMqjeDpwqB2xhzMsld0p,2026-02-15T07:43:30.302406
7048,Wo Qui Non Coin,6f2e3252-0c41-4eeb-84a2-504df56d8e1b,SPOTIFY_ID_CORRECTION,DB SP_ID: 785rHlWIQg67RVPuzOv07u | Correct SP_ID: 44l2QraBH96L5LejzEFWLH,2026-02-15T07:44:08.878340
13295,Talk to You,5a063935-4a32-4a34-a115-e98de9a52b05,SPOTIFY_ID_CORRECTION,DB SP_ID: 5YIAMIFBXGXsyJwJmqUMZo | Correct SP_ID: 6suxUONtPxkEPL3JHGX9SX,2026-02-15T07:44:30.533644
19815,Water,400b62ab-9f14-4254-961c-078609a28dba,SPOTIFY_ID_CORRECTION,DB SP_ID: 5Os7Z7SPgvZfBQp1zt4wEN | Correct SP_ID: 1z14nSZZMLIQIc1jLWLrAX,2026-02-15T07:44:34.377322
16566,2000,62977cd7-a6f6-479a-9e2c-85cd95dc7f24,SPOTIFY_ID_CORRECTION,DB SP_ID: 6xEXnkkgtztJEXtNAG85SL | Correct SP_ID: 4lwTdtLdXLvd1lUYXaBM66,2026-02-15T07:45:20.641299
16307,Long 4 You,6b61b16f-5021-4617-9802-7efd83b5a905,SPOTIFY_ID_CORRECTION,DB SP_ID: 2L6NX0hKSRV5oADz7wD4Ld | Correct SP_ID: 5QjCvqbhQ9szm0s8U7n89x,2026-02-15T07:45:37.250793
7997,"Cello Suite No. 1 in G Major, BWV 1007: I. Prélude",a5ee102b-e2da-4fcf-8c13-fb1379b392d6,SPOTIFY_ID_CORRECTION,DB SP_ID: 6A65YQWLzsBz56THvZNzGj | Correct SP_ID: 4DkEeVboJbrQBbaGYA5loX,2026-02-15T07:46:02.137270
9527,"Overture 1812, Op. 49, TH 49",b029b485-e3eb-4137-a0d1-6db47ef4426b,SPOTIFY_ID_CORRECTION,DB SP_ID: 5bjUHR5BpjSZIVA7589gje | Correct SP_ID: 6YQftqX0pW10e73IdHLSl6,2026-02-15T07:46:09.610669
10410,re:re: i made a snail pancake,31ca979e-2d36-4e70-93d7-62695f120e3e,SPOTIFY_ID_CORRECTION,DB SP_ID: 43VVzZgymtcFRtlluQhxC8 | Correct SP_ID: 2pkzoaogDlUvbdbFIZN8FL,2026-02-15T07:46:20.361919
14897,3 Am,3926bde5-3dc2-44c1-9b3e-8adb1514548b,SPOTIFY_ID_CORRECTION,DB SP_ID: 367hi0AvV6Ae6bw1ztwgp9 | Correct SP_ID: 4dwVjXQjTqRh3DOn3pBL8M,2026-02-15T07:46:27.602331
14810,Floating Away,71875c39-56e1-46c0-a29c-d9fbf46cacd4,SPOTIFY_ID_CORRECTION,DB SP_ID: 7b6p4Ngji8FuYyR6MDqiX2 | Correct SP_ID: 3Z12cjTdYGKK5HT9NHhzjZ,2026-02-15T07:46:31.250029
15557,walk at night,ee421021-375c-4174-9fe6-383efa450a87,SPOTIFY_ID_CORRECTION,DB SP_ID: 2vHrQBuJ50NB85UX4dZERm | Correct SP_ID: 7gkCeRdDXupvyMeFSCqwzf,2026-02-15T07:46:38.590086
19370,What - Original,a9005a2a-b56f-47cd-9959-a5940ac30a6b,SPOTIFY_ID_CORRECTION,DB SP_ID: 0KWqAZ0nQNq3jvJs2l0ZpW | Correct SP_ID: 2aJOaLF5MknY4dDg9cZmWB,2026-02-15T07:46:45.804052
17295,Sharp Edges - One More Light Live,c1c9dd17-189f-48e7-8412-24b61e1cf101,SPOTIFY_ID_CORRECTION,DB SP_ID: 6IO4O5LZUlgP5Js4vQ3dnb | Correct SP_ID: 0OdZJLUjIwcp9zUM9cXLia,2026-02-15T07:46:56.716826
7778,The Fantabulous Rap Extravaganza Part II,b06dba9f-d4db-42e7-aee0-10bb4e2a8728,SPOTIFY_ID_CORRECTION,DB SP_ID: 5JxxUeVajSGK4EREc9c39y | Correct SP_ID: 5tL8QHozba3XRrINsbY66Z,2026-02-15T07:48:00.058385
9744,EVE,56512cd2-274f-400e-b61c-5a33c224eb78,SPOTIFY_ID_CORRECTION,DB SP_ID: 6vd0vl7iILeajRJ4CdJ7xy | Correct SP_ID: 1OImVkGoaxyIYTM0DPYcQY,2026-02-15T07:48:53.090352
6816,Stresser,77dd2a1d-fbb6-403a-a1ea-88c28e35dffb,SPOTIFY_ID_CORRECTION,DB SP_ID: 1IMfJDYxrtUbCua1GYN5cL | Correct SP_ID: 0uO26W3Iky0i7MQBRJJ0VO,2026-02-15T07:49:00.285478
18823,첫 눈,f40e2f25-821e-4fa5-b6f6-21db6365de99,SPOTIFY_ID_CORRECTION,DB SP_ID: 346FC1ldeWhpnXUTkY2k6I | Correct SP_ID: 2VNpT9fRk1kyksT0S4coZR,2026-02-15T07:49:07.583093
18813,Christmas Day,48810df9-0860-4dac-a960-ab462f447dd8,SPOTIFY_ID_CORRECTION,DB SP_ID: 7nJGltPla2tzMK3gnXv3GW | Correct SP_ID: 5KkqyiAZr8QT6zscgM2pJf,2026-02-15T07:49:11.540865
18758,12월의 기적 Miracles in December,046d4e1f-0207-40b6-9269-abc849c49909,SPOTIFY_ID_CORRECTION,DB SP_ID: 4HJEQr2hdXxKrRdNU5ible | Correct SP_ID: 7HrCnwDvbtCKSZtpNDmII9,2026-02-15T07:49:15.209485
5684,"Nocturnes, Op. 62: No. 1 in B",cc367aa9-b4ea-4a3d-aa54-786e03e31ffd,SPOTIFY_ID_CORRECTION,DB SP_ID: 1hD4MadHO26WS5QyBSHsgg | Correct SP_ID: 3wxsNzaQd7XMLCNYLHeirN,2026-02-15T07:49:45.816926
17046,Foundation,3b6e714b-470e-40af-a033-206fbd0250f6,SPOTIFY_ID_CORRECTION,DB SP_ID: 3ub3RlJYVjvAf1qdCSLCMR | Correct SP_ID: 3zb4R7CP9BYh74NOCXDMtW,2026-02-15T07:51:12.003992
15873,Ultra Violet,6f38162a-79cf-4683-88d0-f597f59fc322,SPOTIFY_ID_CORRECTION,DB SP_ID: 6g7n1yOSdyfu7rhAXdFtB8 | Correct SP_ID: 6jDAW4e1nVEyQQqcOwN3RB,2026-02-15T07:51:15.668151
16324,Axel F,1e6c4597-3698-48e1-bcb6-5c7ea842aac6,SPOTIFY_ID_CORRECTION,DB SP_ID: 1RxB14mLRldvidQJk8gxD2 | Correct SP_ID: 3riyemwFDYPlrSv78Ch1tA,2026-02-15T07:51:19.334998
16110,let me tell you about her,45aa610c-45ea-4259-b0a9-bd9dec26fd1f,SPOTIFY_ID_CORRECTION,DB SP_ID: 6M9ubKmLHAlnd83zu0M8pj | Correct SP_ID: 5fO2Q27cvJdFAUtBzDAleE,2026-02-15T07:51:33.971907
20088,Nirvana,5145ef0c-f492-4b76-96fb-5146b272847f,SPOTIFY_ID_CORRECTION,DB SP_ID: 3w7trw4eu0CsEudrWj8Gpb | Correct SP_ID: 6xHqGMG3AZIKaYiFo5EQ26,2026-02-15T07:51:48.150030
9745,Gの世界,312a9efb-7f02-497f-8d8f-324e7d3ce4c4,SPOTIFY_ID_CORRECTION,DB SP_ID: 1yDbEUC90hGA0RTuC0fECN | Correct SP_ID: 7t6HSP5Ao5nHbL8syo09tn,2026-02-15T07:52:14.118811
9748,shopping mania,fa01f3ef-93ce-434e-a5d7-b1793fa16107,SPOTIFY_ID_CORRECTION,DB SP_ID: 0gixSsl7J9OY8IzcoktPSo | Correct SP_ID: 1tCFxMj99StCJKNOQFK3q9,2026-02-15T07:52:17.774156
10056,秋空サウダーヂ,1bfc5a1a-155f-4d35-a0e8-bfe5e6c80ba7,SPOTIFY_ID_CORRECTION,DB SP_ID: 3mbgPJDvuTwfanFDE5F6wW | Correct SP_ID: 7uxzErMVHl8n52VigbQjvQ,2026-02-15T07:52:21.386283
12659,僕ら,67dc62ef-d62d-4e67-834d-92186e25d77a,SPOTIFY_ID_CORRECTION,DB SP_ID: 0c2W5Tzp2iye2HXmKU9NCG | Correct SP_ID: 1MN7SqatVwVLemEwXMMeRb,2026-02-15T07:52:28.815038
18762,너와 나의 거리 Selene 6.23,0a76cb4e-a0b3-4612-b9eb-0e36c5cbe498,SPOTIFY_ID_CORRECTION,DB SP_ID: 5ERF71DquhfiL5o1ZgPtL4 | Correct SP_ID: 19sutBhtmwk08VWkanQfnd,2026-02-15T07:52:37.966022
19053,Silver Bells,b9758787-6b7e-4411-81a4-0c90ff76ea3c,SPOTIFY_ID_CORRECTION,DB SP_ID: 3DhooLDUYsKXSJupUYLYG5 | Correct SP_ID: 1m8Hjf4vpONSttRaCSRh2M,2026-02-15T07:52:45.291537
9746,さよならいちごちゃん,db2115e9-f3f7-414b-b8c3-26a20f1c452e,SPOTIFY_ID_CORRECTION,DB SP_ID: 2V02v9vQpaikIlpRE6QqZb | Correct SP_ID: 0JwH4D9l5Y249ljUMLmJOV,2026-02-15T07:52:48.945680
15694,"Horn Trio in E-Flat Major, Op. 40: I. Andante – Poco più animato",6b2f4b6b-2f01-4e98-8c73-74c4652bb847,SPOTIFY_ID_CORRECTION,DB SP_ID: 5QMD2DRbgKw5Oj4ahunMxD | Correct SP_ID: 0fhaKooQY2iOCmJgFcgnpI,2026-02-15T07:52:52.777427
1931,Heavenward,b98beef1-017c-4b48-8ebe-527d6f31f639,SPOTIFY_ID_CORRECTION,DB SP_ID: 4gckD8BlCAg47rIFYrx6hQ | Correct SP_ID: 36GwmLdPgjRn5cR66MzUV1,2026-02-15T07:53:06.989210
18158,Say Yes Or No,086fe322-082c-4c88-823c-357f2a83d555,SPOTIFY_ID_CORRECTION,DB SP_ID: 7qNr6I3MVMfkAGwGulscJj | Correct SP_ID: 3T3AvhetQ2qRNcMOlultIy,2026-02-15T07:53:35.411798
3334,From the Bottom of the Biotope,31e970c5-8543-4cb3-bed7-d878dc556548,SPOTIFY_ID_CORRECTION,DB SP_ID: 3XgpuWRZfVR3BOCUse4QrV | Correct SP_ID: 0yqDLhVn4nFLCsqjxZroAj,2026-02-15T07:53:53.358444
18966,Fever,8aa42330-57f4-45dd-af0b-94a702d58b8f,SPOTIFY_ID_CORRECTION,DB SP_ID: 09xhawlPUifhftf8zuie7w | Correct SP_ID: 3Hx7RXqCS7Kzjy2ot2q1Gk,2026-02-15T07:54:26.002212
4523,Patchwork,102096ca-29c8-4287-b1a4-291aa1d9e0fc,SPOTIFY_ID_CORRECTION,DB SP_ID: 6QR3MuMUHF3gKUoNCTuNo1 | Correct SP_ID: 78oDj0TyvXnlxxrSPzj1sa,2026-02-15T07:56:59.645233
13366,シンフォニー,7e9f9734-25b8-42aa-80c8-8fb89e74bca5,SPOTIFY_ID_CORRECTION,DB SP_ID: 2QmfEczZyFTRhXJ9F81EP2 | Correct SP_ID: 2FCcxkGUbzexSBv1mcySm9,2026-02-15T07:57:46.926771
5160,Song Of The Nightingale: The Real Nightingale Returns To Thwart Death,8885c228-78ce-4a3e-8b8f-0b039113b28b,SPOTIFY_ID_CORRECTION,DB SP_ID: 5EAHxmQtloMRmAm4cWnTye | Correct SP_ID: 2OuAp0kQLPSXrmU8MjaKNx,2026-02-15T07:59:27.931371
5159,Song Of The Nightingale: Funeral March And Finale,201a6066-4915-4d40-9248-7520b0452150,SPOTIFY_ID_CORRECTION,DB SP_ID: 7bESvxi90FWjHHsRzTIvTT | Correct SP_ID: 58JlH6GDBm2rRBvPmGADWw,2026-02-15T07:59:31.610385
12431,People Pt.2 (feat. IU),cbca03b2-cf55-4cd5-ab5d-d5b426978ee6,SPOTIFY_ID_CORRECTION,DB SP_ID: 4EaQ0ouIydfeAgQUz284EF | Correct SP_ID: 41JPN7pZMTp1sumBOHOzHd,2026-02-15T07:59:42.922285
19546,Oh No!,0121354b-5fcd-4397-852a-4ea3cbf90611,SPOTIFY_ID_CORRECTION,DB SP_ID: 67HJom85lkGrYGWfGVo1Mg | Correct SP_ID: 4sNwdacKyi2S26WrRtNama,2026-02-15T08:01:25.800573
277,untitled #8 - popplagið,be99da5c-7dfc-496a-8214-5810a630201e,SPOTIFY_ID_CORRECTION,DB SP_ID: 0juwzpu354078dcKpR5p0w | Correct SP_ID: 2kBtKQWbjDZxrDrZCOKVyk,2026-02-15T08:04:49.688237
20265,Gold on the Ceiling,31107119-485c-49f2-8b27-e3fd5b63a3ba,SPOTIFY_ID_CORRECTION,DB SP_ID: 5W8OjPfxN7bc7FgTcqwgfu | Correct SP_ID: 5lN1EH25gdiqT1SFALMAq1,2026-02-15T08:05:35.847428
4984,The 1975,6e5e53a4-8e8d-40b2-b4ef-553bb4ecbf9a,SPOTIFY_ID_CORRECTION,DB SP_ID: 7omxuGYsym1n2RlVf86OF9 | Correct SP_ID: 2vEbiEwYKGREU4BYWPBmg3,2026-02-15T08:05:39.493653
4979,All I Need to Hear,5b25492b-9102-4d7a-8dd7-738b56232709,SPOTIFY_ID_CORRECTION,DB SP_ID: 1RB8jMVr0eSo6ExOOvXavV | Correct SP_ID: 5WdMBJD7V5CVBTBdE2at2D,2026-02-15T08:05:43.339993
2992,Camino Del Sol,c3e1a613-d8f1-4164-b3e0-76c46a1e656a,SPOTIFY_ID_CORRECTION,DB SP_ID: 4UFm6Kib5Jxzw9FL0F6x0q | Correct SP_ID: 5yAnAntuDbI31H5goVTLDi,2026-02-15T08:05:57.616663
12440,missing home,7a14b78f-7512-46ab-a19e-8adaf2794741,SPOTIFY_ID_CORRECTION,DB SP_ID: 3TLPDYuyuh1Meu69DoSNt2 | Correct SP_ID: 2KeGF5f2RfnKuBj97plTx8,2026-02-15T08:06:13.286168
1740,Woolworm,3d29cb40-692a-4850-a72d-ba32cd08baa4,SPOTIFY_ID_CORRECTION,DB SP_ID: 0dDXMlIEIV8FQ3pVn46H9K | Correct SP_ID: 37QGYx2RmRM98Ag1bfDfXp,2026-02-15T08:06:23.858688
17799,Woolen Mittens,783812f1-b0fc-4f63-be70-4868a3543f95,SPOTIFY_ID_CORRECTION,DB SP_ID: 7u5o7mvfWwfUOKR1EhFvNZ | Correct SP_ID: 3zVKTcdZhLoiiL5ESUUFKs,2026-02-15T08:08:53.836043
17975,Lonely but Not When You Hold Me,efda2085-4121-4b0a-ab30-645124759cf2,SPOTIFY_ID_CORRECTION,DB SP_ID: 4Cie2JPXfL30fAFE6dSWEQ | Correct SP_ID: 22pcxo8WQGYRbui8XFFFHD,2026-02-15T08:08:58.994297
17519,Will You Stay Here with Me,0f9d8007-823e-483f-987d-0e70a544a1ec,SPOTIFY_ID_CORRECTION,DB SP_ID: 6DeeLMOEWJntSLgK1uFfSc | Correct SP_ID: 5vJpTc7FfXWiqwQR9iMqsr,2026-02-15T08:09:02.742144
17943,Your Lie in April,255300bc-f5aa-46a6-a79b-d8df44723ac7,SPOTIFY_ID_CORRECTION,DB SP_ID: 7DxQ7KrkhDqma6fxMx2Wf3 | Correct SP_ID: 6pjLdHi7mEBSDAYOVt0F93,2026-02-15T08:09:06.391381
2191,Weight Of Desire,8b8e3a87-7d93-4004-9994-d99f5205f3ea,SPOTIFY_ID_CORRECTION,DB SP_ID: 6zp5HptXyMMK1AqvL0DQlb | Correct SP_ID: 4FshkQRZadg5VK7WSSM9Dd,2026-02-15T08:09:10.173153
14365,Vivid Memories,d5b26e32-0a67-41da-b6c3-6086ce17afb5,SPOTIFY_ID_CORRECTION,DB SP_ID: 0fDXhFHgG04SPMyFBul47m | Correct SP_ID: 6PK8PEzaaDx4gcplQqzPQk,2026-02-15T08:10:27.905380
7771,Positive Contact - Bonus Track - Mario C Remix,9da55491-15de-467a-8802-bdcc76b5f542,SPOTIFY_ID_CORRECTION,DB SP_ID: 6mKai3TB6wtorWTX47wHUt | Correct SP_ID: 6WZp9rcZVL7KjAvVWuFy7G,2026-02-15T08:11:30.056051
113,"(Don't Worry) If There Is A Hell Below, We're All Going To Go",130d506e-a1da-42cf-bf04-5fc449d4b74d,SPOTIFY_ID_CORRECTION,DB SP_ID: 5wdlG60d0WHoo8P3QzrlbG | Correct SP_ID: 5Lq0mlBf6qiP5DsHijxtTw,2026-02-15T08:12:29.727063
287,Truest of Blues,f39a3e2c-b927-4771-9e63-f9262107c7d8,SPOTIFY_ID_CORRECTION,DB SP_ID: 5OFlKHSo3b2PGeL1Z94m6B | Correct SP_ID: 6HH7GDPdApDwODnhzGBiZR,2026-02-15T08:12:48.248701
608,Cut Your Hair,5a6d98a8-fe47-4fca-b041-d163faf482e8,SPOTIFY_ID_CORRECTION,DB SP_ID: 4tBl1xhBg5PETpBvFnQmGl | Correct SP_ID: 6C2FcZ1pOis4lYQnvPzH3A,2026-02-15T08:13:07.081181
657,Bring the Noise,5d9ecc8b-75fe-4d62-a1aa-65dab19a55aa,SPOTIFY_ID_CORRECTION,DB SP_ID: 1i3xxWMwdPKDqrTEA9VgRc | Correct SP_ID: 5BiuxSuxOZ9CcQ6SqICsDv,2026-02-15T08:13:18.008042
1040,Constant Headache,077b2540-5337-4e09-acc9-b020a5acfe59,SPOTIFY_ID_CORRECTION,DB SP_ID: 2d7FJ0JIKLQRU4afDvU4f1 | Correct SP_ID: 518ow6zIDzAL34dWDn1lLZ,2026-02-15T08:13:39.648548
1677,"Feedbacker, Pt. 1",d2f84b38-3d19-4725-b0d5-aaaa86e87c2d,SPOTIFY_ID_CORRECTION,DB SP_ID: 5T5jGDx1m5m5dF3eFQ8hJ4 | Correct SP_ID: 6Dy4Hd2hDm4GcbwdjLUfZU,2026-02-15T08:14:20.585546
1644,Movin' On Up,04e60be7-3d65-4ed9-bd8c-3dab33fccff5,SPOTIFY_ID_CORRECTION,DB SP_ID: 5Vx3e9PipiEceifVyBzCdj | Correct SP_ID: 0kh7MfBZGZrTV66kOEb6pQ,2026-02-15T08:14:24.333289
2947,Good luck final girl,7ed29688-8846-4d03-a01b-5642d42081f1,SPOTIFY_ID_CORRECTION,DB SP_ID: 5ff5T1YyjZJz8eoM6HFl95 | Correct SP_ID: 3k3JgTgVQS2UFEzoEjPrTW,2026-02-15T08:15:40.442044
3386,Jitnunkebi (Winter's Song),7302daa1-76d5-44be-abaa-e843256ac97f,SPOTIFY_ID_CORRECTION,DB SP_ID: 1p7cWye8ttklI1nyvWUBuB | Correct SP_ID: 66AGzpId4asIo8irfw0WAY,2026-02-15T08:15:55.047452
3768,I want to be closer to you,66707fa3-f074-4a56-9ab0-ee0fbbea237b,SPOTIFY_ID_CORRECTION,DB SP_ID: 1WfxhZEtlQ9J0B4325cBsF | Correct SP_ID: 6QlCumx7Sow4nRgVt6tDms,2026-02-15T08:16:29.363982
3916,Lay It Down Clown - 2008 Remaster,8a444dc2-921d-4b82-9924-f95a1cd3be2b,SPOTIFY_ID_CORRECTION,DB SP_ID: 3iWHwbgQ5XOo9Y9XLbS3Of | Correct SP_ID: 1d7uVl6yOnhMwEXvnjA0Dv,2026-02-15T08:16:44.082504
4345,Who Would Leave Their Son Out in the Sun?,310c2489-065a-4995-9e9f-a2c2e2ea8231,SPOTIFY_ID_CORRECTION,DB SP_ID: 715YSxm1o0Ysu5q8kjGoQf | Correct SP_ID: 0YyazmHAuu1j8wxSZXSPK4,2026-02-15T08:17:09.839837
4339,I Don't Love,62cc11d8-724c-41a6-baba-037129d78af0,SPOTIFY_ID_CORRECTION,DB SP_ID: 5ZVHUYVLR5fZf62c32ID94 | Correct SP_ID: 1AOisyOwLgQ7EveVBCo0GG,2026-02-15T08:17:13.638706
5565,Sober II (Melodrama),d6fbef55-a994-4df8-9237-9048d93beaf1,SPOTIFY_ID_CORRECTION,DB SP_ID: 54ucfuN596MU25jQD3KjCL | Correct SP_ID: 43GD40JjZ4NLPEJ5gFgX8A,2026-02-15T08:18:23.814001
6479,I Never Told You What I Do for a Living,69c30802-6c5d-4f14-bff9-310a198501b6,SPOTIFY_ID_CORRECTION,DB SP_ID: 6gLn8QhAYL4dEwdpVjfCPl | Correct SP_ID: 4pmEQXQbnWHcsWl9LzAMta,2026-02-15T08:19:11.966916
6876,Meaning of Love,2f3979aa-fd91-429d-9db0-729b0d47388c,SPOTIFY_ID_CORRECTION,DB SP_ID: 69zKW3IQ1PXMGmceaDtXBG | Correct SP_ID: 0Cx5SPK29P1SAlm0f5w3Xm,2026-02-15T08:19:45.622890
7178,Porcelain Hands,eac377d9-8934-4a3b-b08f-f6045df489e6,SPOTIFY_ID_CORRECTION,DB SP_ID: 3wzIilK62CXqB1mLyqvr4Z | Correct SP_ID: 1jitTAZ1jNd5TPZS9vcDEG,2026-02-15T08:19:49.241754
7322,Behold! A Pale Horse,f1d7d05f-d145-4647-be35-f9882945963d,SPOTIFY_ID_CORRECTION,DB SP_ID: 4WcLn2tAzZGbW7eVXOp0Aj | Correct SP_ID: 3q9kbBA5mHb9q9Ukidh354,2026-02-15T08:20:03.509464
7110,Crosseyed and Painless,1152b51b-9df7-4137-b085-74d1019c84a3,SPOTIFY_ID_CORRECTION,DB SP_ID: 0Qmu2DYKupUetYUbxqvtw2 | Correct SP_ID: 0jicgvg2sQnLSjinIIlAmI,2026-02-15T08:20:07.222650
7165,Zoloft,45bab0cd-04f9-424e-8bea-97a34d8d1643,SPOTIFY_ID_CORRECTION,DB SP_ID: 58nSCvFePeYbU7xvXhGeAo | Correct SP_ID: 6fheJGzaPjXuCbhTxV8Gp8,2026-02-15T08:20:11.019678
7317,Listen,4a23214f-5055-42d0-a652-03336f6b80df,SPOTIFY_ID_CORRECTION,DB SP_ID: 1jh3eTt0ynTTyRkUW3d7w5 | Correct SP_ID: 6eAPuRbhPyTwY0xTBkHHtH,2026-02-15T08:20:14.832879
7419,Cold Lampin' With Flavor,47ea274e-514d-4188-8868-df6d030623db,SPOTIFY_ID_CORRECTION,DB SP_ID: 3JI5LCu1WexUYYOcDU8GEM | Correct SP_ID: 7e9BPg0oUL8wGRpDZCFf5t,2026-02-15T08:20:22.149787
7691,Magic Love,038538cf-d53b-4d93-abc5-e6fe2531b4c2,SPOTIFY_ID_CORRECTION,DB SP_ID: 7BpqssfH7oRRyZyki2QPWJ | Correct SP_ID: 6Ds51EvFHHHVu1pFLn0HuI,2026-02-15T08:20:33.278197
7801,Floating on a Moment,d3a3429a-9a29-4e96-88dc-821f0d2fd35c,SPOTIFY_ID_CORRECTION,DB SP_ID: 5ZBjVFfYDwj3TeIfDHLWLN | Correct SP_ID: 0WH39BFVGotzXe3torfzvK,2026-02-15T08:20:40.476357
7707,Beach Walk,536f51ca-96a8-4b7e-a87a-ea8639e58d3a,SPOTIFY_ID_CORRECTION,DB SP_ID: 1KN9HelgzrT0jMQ5Ju8u8Y | Correct SP_ID: 1SEDJWOrFcjia6iNg4qnrd,2026-02-15T08:20:44.171892
8361,Hey Joni (Album Version),81b59659-5d44-452e-a663-bfcb00c912c6,SPOTIFY_ID_CORRECTION,DB SP_ID: 2vAI1DraFHjh1knljBUeHT | Correct SP_ID: 71z2Jbn6oWRspUFwDu8xQY,2026-02-15T08:21:22.858425
8608,Machine Gun,690e5885-fcf3-4c0a-b7b6-67dbab927739,SPOTIFY_ID_CORRECTION,DB SP_ID: 3Md1APzDGyfBBNQ2l7O5nj | Correct SP_ID: 1wXJjKJy5Pt38Bu3tUzTUL,2026-02-15T08:21:37.711732
9078,Older than before (Oswald made no way for himself),cd3764ea-2945-4c71-9710-c5c317c3199c,SPOTIFY_ID_CORRECTION,DB SP_ID: 4dWJ2Ke8mgRY8LarBFvq7c | Correct SP_ID: 3EJTlMpWS3HMetV4y67T0m,2026-02-15T08:21:45.355014
9079,Come in,f5450044-34ec-49c5-903b-2b936e360183,SPOTIFY_ID_CORRECTION,DB SP_ID: 4KGw9LGz77SU02u4Xd9O1K | Correct SP_ID: 6GbLngqvyXwLA0QXWCCFwr,2026-02-15T08:21:49.057910
9927,snowy night,4e80bb2a-d981-4e61-9d3f-f92fa5510b0c,SPOTIFY_ID_CORRECTION,DB SP_ID: 7ajApbhtm75giJ9Sj6qRnO | Correct SP_ID: 3LOGmny3yBDtifz0pYX9yD,2026-02-15T08:22:39.043224
12329,Righteous,55178f74-4078-4052-a289-20ba703e389c,SPOTIFY_ID_CORRECTION,DB SP_ID: 1b3c6zhebRjEFeGOReOdwd | Correct SP_ID: 1xZCK1MXhE4EkHGYENzP9U,2026-02-15T08:25:41.179955
13160,What Time Is It/Start the Party Mashup,af3a63ec-6ee4-46a2-83fc-d968728a9876,SPOTIFY_ID_CORRECTION,DB SP_ID: 1rEh4Zv8JtkmL1ZAN6kiCa | Correct SP_ID: 5XiVbtlbe0xlExhSLuLFmp,2026-02-15T08:26:18.180016
13174,I've Never Been In Love Before,29c21441-b584-4b7a-a8e5-99f7efe851d1,SPOTIFY_ID_CORRECTION,DB SP_ID: 4UDus24wWxzVM1uCbkRFNF | Correct SP_ID: 1yNylaCqr4SbSUcgvStBGJ,2026-02-15T08:26:21.819539
14197,Learning,5bf85706-95d4-4bc7-b6c8-b06f3a48e645,SPOTIFY_ID_CORRECTION,DB SP_ID: 1RvitVZ03qee2z5SnPVzhJ | Correct SP_ID: 7k8CSbTO2S5OTYo2PNeg7M,2026-02-15T08:27:38.233057
15123,Basket Case,1c398e28-a63d-4c25-813b-ef9a96aadacb,SPOTIFY_ID_CORRECTION,DB SP_ID: 6L89mwZXSOwYl76YXfX13s | Correct SP_ID: 3IVRacQwKGORqcxNEPMXlA,2026-02-15T08:28:33.287863
15107,Somebody That I Used To Know,5b6ad1ba-9e08-4570-bcef-e3343519070a,SPOTIFY_ID_CORRECTION,DB SP_ID: 1iDIw4DDH0d4BynkTnzBAY | Correct SP_ID: 4wCmqSrbyCgxEXROQE6vtV,2026-02-15T08:28:37.060497
15285,Forever (feat. Post Malone & Clever),b324da40-1827-477e-b273-200ca002a5ec,SPOTIFY_ID_CORRECTION,DB SP_ID: 2ZlCGeK30BLRNSPC832pNZ | Correct SP_ID: 1iYL1KOUbvJJyY2cT63fGa,2026-02-15T08:28:48.145063
16008,Untold,6182c163-c534-4352-9a01-9eb2a502f12e,SPOTIFY_ID_CORRECTION,DB SP_ID: 2Puq87kg7fXcwQo2FHLu7I | Correct SP_ID: 2s9K1zFJ1pPtrkVBdeFqc6,2026-02-15T08:29:24.141663
17241,Deck The Hall - Remastered 1999,85b061f1-7605-4eb6-9504-59aa2ebd9ea3,SPOTIFY_ID_CORRECTION,DB SP_ID: 5WUx1mTgFVIPSIeWf1NXEl | Correct SP_ID: 0rHToGels2lt8Y0mCYoF90,2026-02-15T08:30:36.401265
17744,promise [interlude],39700e70-d888-4f3a-9701-c3d662df50e8,SPOTIFY_ID_CORRECTION,DB SP_ID: 08wruFfb8m6WUHyYND9N6R | Correct SP_ID: 0Hskys8JtD1YZtVCyG1Pf7,2026-02-15T08:31:02.040733
18674,LOSER,f0e93651-330b-4273-88a0-f8c10945b210,SPOTIFY_ID_CORRECTION,DB SP_ID: 6bbLpbg0cV5L3yaPpuwBuH | Correct SP_ID: 2vzn8usBcuNL93DnTjEK0z,2026-02-15T08:31:52.846331
18807,Monster - Instrumental,06320950-692e-45b9-b8da-39f9faadf7dc,SPOTIFY_ID_CORRECTION,DB SP_ID: 7GbUWl6qLW1gdngbEV2WDJ | Correct SP_ID: 14I90ZXLRKY6LKoBwp2VTD,2026-02-15T08:32:00.142627
20291,Dare You to Move,4faa5895-ddd6-42fd-b434-5299b5754f63,SPOTIFY_ID_CORRECTION,DB SP_ID: 21uSSPenJ90ki3QAko6tUq | Correct SP_ID: 2CpR1xEy6DKyCNoYYb7SGE,2026-02-15T08:33:49.383075
20489,She's a Riot,5da9ec00-0726-437e-b734-8edfaf0aa86f,SPOTIFY_ID_CORRECTION,DB SP_ID: 4xy9nsO8EX4OR0c6lf0WFu | Correct SP_ID: 60UIAiMjZtOZD9s0NpW3Qh,2026-02-15T08:34:02.202893
1645,Love My Way,21bb9a57-99b5-44d8-b95a-9791106a8c2e,SPOTIFY_ID_CORRECTION,DB SP_ID: 1BtG0OMIca6fOahxKttLgD | Correct SP_ID: 1mqytV5qZcmzG6MgvJCpkQ,2026-02-15T08:34:32.158636
7108,Seen and Not Seen - 2005 Remaster,b56f20e5-462c-475a-a7b4-1ddf75607115,SPOTIFY_ID_CORRECTION,DB SP_ID: 58uyNQ2aC329uLMZpU9Ptz | Correct SP_ID: 7dq6icAlynpBD6MSrXKh3A,2026-02-15T08:36:53.288479
8194,"eyes off the wheel, i'm a star",1121205c-4711-44cc-ac08-37e243c2baa9,SPOTIFY_ID_CORRECTION,DB SP_ID: 0JTO65a3xbFGoeOJfhQJBI | Correct SP_ID: 3VNUkBYUrUIjtyFfBSMaLq,2026-02-15T08:37:18.773395
8875,Because it's hard to develop that capacity on your own,a26b55cd-0805-41e1-8197-f09aa35f17a3,SPOTIFY_ID_CORRECTION,DB SP_ID: 6it42Tpwq6vGNHpV3GTKIP | Correct SP_ID: 57ZVET9CpbpCjCNCgga1HD,2026-02-15T08:37:33.445684
9502,Milk - 2021 Remaster,326a910d-a420-4266-919c-73ba954ecac9,SPOTIFY_ID_CORRECTION,DB SP_ID: 7Jq4cV3F5puQfUAxL4sHL8 | Correct SP_ID: 6aBdGFEwkbWrfPRcAlVtib,2026-02-15T08:37:52.139572
10828,Please Please Please Let Me Get What I Want - 2005 Remaster,217dd9ef-f36a-4b6e-83cb-5201badbd5b7,SPOTIFY_ID_CORRECTION,DB SP_ID: 68FuXWn3fGYMB7sJzdRHPz | Correct SP_ID: 42gzADgUU7e2yu5Qn8WfeC,2026-02-15T08:38:13.403370
19322,Sippy Cup,d5d1e1a3-c40b-4b0d-97b1-926cd0ea7623,SPOTIFY_ID_CORRECTION,DB SP_ID: 6u8gKLsRNNSp9Pf8N6Pj3q | Correct SP_ID: 7qDIMPugUbeUVy1dhwiFBq,2026-02-15T08:40:44.828462
7991,The Flower Called Nowhere,590287ff-2af9-4ddf-aff5-1a71b4480f15,SPOTIFY_ID_CORRECTION,DB SP_ID: 7dmHNa6KpsyakWQsMOjHUx | Correct SP_ID: 3xOERZr8FOMpxhMf0hGC7G,2026-02-15T08:45:00.644731
18259,NEW YORK,8cda8512-2f54-42c0-9375-498693136f6e,SPOTIFY_ID_CORRECTION,DB SP_ID: 3ND8RiYuT5XfJNqUWsnBe5 | Correct SP_ID: 21tZbxhAF6edXKiIuPTkfm,2026-02-15T08:45:08.001593
11342,2 Different Tears,690a57a7-5a41-4003-9189-b6299ff1e7a0,SPOTIFY_ID_CORRECTION,DB SP_ID: 2vPgc8HOpJa7UryyVxjJmi | Correct SP_ID: 1xXMikS4cPSbmtgUFhIfH7,2026-02-15T08:45:15.578868
1540,Black Steel in the Hour of Chaos,53b2f7a4-2e04-4a80-881b-69b55fdc580c,SPOTIFY_ID_CORRECTION,DB SP_ID: 1Ywhld85vt1JzZiT8hvWN0 | Correct SP_ID: 3XwsGAtbEoBUzJfFmHSHSo,2026-02-15T08:45:41.997890
1646,The Killing Moon,333b309e-78d6-42b0-9672-3334c9d2d165,SPOTIFY_ID_CORRECTION,DB SP_ID: 0cOf4csnt4DeXSkFmBjULw | Correct SP_ID: 15049rGLXHwrWtE4euUb5C,2026-02-15T08:45:59.939091
8276,Frances Farmer Will Have Her Revenge on Seattle,881293e4-2e88-4ede-9893-bbe2dc030727,SPOTIFY_ID_CORRECTION,DB SP_ID: 06B04lID9HGPwPWwBkTQfU | Correct SP_ID: 6mdyCWRkWkcbUrDNF3xjjz,2026-02-15T08:46:12.261238
3534,The Continuing Story Of Bungalow Bill - 2018 Mix,f691d896-2f00-4124-bb81-34cd24c5c5af,SPOTIFY_ID_CORRECTION,DB SP_ID: 7KXaC0HCD4VoIZOzWfdirZ | Correct SP_ID: 5Z3Rd1fMcaty8g5Pn7yhBQ,2026-02-15T08:47:52.745431
9874,Pretty Cvnt,5dfdb8fe-6b31-4761-9466-8fa443e90a9c,SPOTIFY_ID_CORRECTION,DB SP_ID: 0hz0bTQC2VVb4CEjLxmKiH | Correct SP_ID: 799R0O128SAAweKTJIJDKb,2026-02-15T08:48:19.260958
10251,フューチャー・イヴ (feat. 初音ミク),4d19704e-a3f7-4b91-b837-6722f7a8bc14,SPOTIFY_ID_CORRECTION,DB SP_ID: 4QQJsHq3lyQ0Tj8UI9VVWf | Correct SP_ID: 0KNOLytJisoHuGp4MOVriq,2026-02-15T08:49:10.288339
13388,"Kamado Tanjiro no Uta (From ""Demon Slayer: Kimetsu no Yaiba"") [Piano Solo]",acb93b2b-2f13-40df-8d6b-af0281205d15,SPOTIFY_ID_CORRECTION,DB SP_ID: 6phvTw8jPSP9U8VAKnvDmO | Correct SP_ID: 4hoAQ2vfC5mnaa6B43x01t,2026-02-15T08:49:21.059311
11760,Mid Summer Night (with Humming Urban Stereo),e1b98b2d-6b2d-4065-b5c2-126a59934eb9,SPOTIFY_ID_CORRECTION,DB SP_ID: 308fe9lDSIRN6BzVBaMVN9 | Correct SP_ID: 1PcSowkHHGegF6v34UOFJl,2026-02-15T08:49:47.690722
17686,Night Rather Than Day - Instrumental,a7ca6d3c-9b33-41c4-bbbc-4a580ddee017,SPOTIFY_ID_CORRECTION,DB SP_ID: 2CRTtMmKPrK3dN6qdW5GM3 | Correct SP_ID: 6esGZWrY1ZAdLnJ1KqBwWS,2026-02-15T08:49:51.323955
3915,Left of the Dial - 2008 Remaster,d662e07d-c530-4e03-aa02-9d3aee8a9251,SPOTIFY_ID_CORRECTION,DB SP_ID: 7nL0nuLhX6ItOoEq9RpkOO | Correct SP_ID: 50Vo26bZykcwXucU3Fsq4I,2026-02-15T08:50:13.300412
1026,I Remember Nothing - 2019 Digital Master,a2b09bb6-a82e-4208-8cb4-1eef808b3359,SPOTIFY_ID_CORRECTION,DB SP_ID: 2kRkLYYspTSmsVjME4Vuke | Correct SP_ID: 2DupCOA5GmL7xqhbGBYWiS,2026-02-15T08:50:17.152321
7107,Listening Wind - 2005 Remaster,46717bff-51ff-47f5-b878-73f631c86b24,SPOTIFY_ID_CORRECTION,DB SP_ID: 438kAOxGJQtpEkVMom9WXJ | Correct SP_ID: 60z53BhYhXBmElp7Ztw5Q9,2026-02-15T08:50:28.313812
11214,Rebound [Extended Mix] - Gotez Remix,9dc2eaa6-892d-442f-bdf0-6f5906e8fa6f,SPOTIFY_ID_CORRECTION,DB SP_ID: 5tWITpM5htvb6i8V86B5tq | Correct SP_ID: 1DmTr4B9uC8zBseRITpt71,2026-02-15T08:50:35.587863
19309,"Fog (Again) - Live on Music Planet 2Nite, Paris, France, 7/3/2003",e6c92425-2a1e-4e72-aa19-f85ba0aa6590,SPOTIFY_ID_CORRECTION,DB SP_ID: 4UHl6co013uzpT1mlwZM78 | Correct SP_ID: 31IW5yO5sD6KVia4FvILUY,2026-02-15T08:51:01.990226
3921,I'll Buy - 2008 Remaster,5a988ffe-e49b-4bb7-8b25-8cf63a557079,SPOTIFY_ID_CORRECTION,DB SP_ID: 6um5giadZqFf8MNy7ohjuq | Correct SP_ID: 1dMhM1cw522RxTe4HM6QiA,2026-02-15T08:51:12.890364
8793,"일곱 번째 감각 The 7th Sense (Sung by TAEYONG, MARK, JAEHYUN, DOYOUNG, TEN)",8d2f7b03-64b4-410a-962a-dd8dc3adac18,SPOTIFY_ID_CORRECTION,DB SP_ID: 1VLEqquT268Ke46e5DZ1dH | Correct SP_ID: 6BdchFAP4TUZUceAsAEb5U,2026-02-15T08:51:20.106270
12573,OverThink - 动画《时光代理人》片尾曲,91759949-57c7-4269-b6a9-692ec8576929,SPOTIFY_ID_CORRECTION,DB SP_ID: 6lBuB7sJdiFC8GRYlFIBm9 | Correct SP_ID: 6CztlyIXUD5BRvLPbmqoWJ,2026-02-15T08:51:38.419590
9526,"5 Pieces, Op. 75, ""The Trees"": No. 5 Granen (The Spruce)",15ebc225-322f-4215-8010-fff4b421c932,SPOTIFY_ID_CORRECTION,DB SP_ID: 55ybmtOLV263Hm3KjG0SgW | Correct SP_ID: 1xnWHqyQslOBuXE6CzeOPv,2026-02-15T08:53:01.365793
2096,Woke Up in Tokyo (RUKA & ASA),5882357c-7a49-434d-83e8-0d2473aa684c,SPOTIFY_ID_CORRECTION,DB SP_ID: 2prYdDrdqzyZgk2PyXps1F | Correct SP_ID: 4Agq7rg61ozrRpHIJ79Bsm,2026-02-15T08:53:19.332328
3249,Groupie Therapy,bcd578d2-0f59-4ed4-a7fa-60f39d8b6afb,SPOTIFY_ID_CORRECTION,DB SP_ID: 4KQ1CKUUcH68clJnR8C8AW | Correct SP_ID: 4iv9WnWuqCbHgpgwSWbmxO,2026-02-15T08:53:32.330606
4496,Farewell to All These Rotten Teeth,e7ae6fbc-5956-4a69-bbb3-bed48b80b269,SPOTIFY_ID_CORRECTION,DB SP_ID: 6QSpeJCaJo8Gn9BimZIqsc | Correct SP_ID: 1qGzJgpr1RabnCJoCQNUSf,2026-02-15T08:53:43.283235
11493,COME BACK HOME,e23d86cd-bb39-4102-b307-69649ff9d159,SPOTIFY_ID_CORRECTION,DB SP_ID: 77t3xuxhqDdpBHWqYAH5yS | Correct SP_ID: 63J1RStsmoVKXNTCHRNxii,2026-02-15T08:54:46.574763
11813,Everytime We Touch,dfa9ec77-2eb1-4149-8427-739f5aa09f4b,SPOTIFY_ID_CORRECTION,DB SP_ID: 5YJtMNWKe55yr49cyJgxva | Correct SP_ID: 0JbZk8LQm3hCecAykIwAPn,2026-02-15T08:54:57.666753
580,The Great Annihilator,2b4a7a18-750e-4a76-bafb-89c7ab4eddc9,SPOTIFY_ID_CORRECTION,DB SP_ID: 0yVqNq1RnTo3Lg6GknQbb6 | Correct SP_ID: 6hrH0p7KLrz2sczxhdGuCh,2026-02-15T08:55:47.068895
8494,Kaonashi (No Face),3630f731-b105-43e3-9f5c-0fa88f0f713e,SPOTIFY_ID_CORRECTION,DB SP_ID: 66yR4jNbIvTpLkPwejn6qf | Correct SP_ID: 0aKTTnK2Atf32fSS68Gsmx,2026-02-15T08:55:50.829200
13818,Cake Waltz (Jimin Theme) [BTS World Original Soundtrack],5a1d097d-6f54-4489-a419-5a4cc8be51bc,SPOTIFY_ID_CORRECTION,DB SP_ID: 2jI3TMOIt7WzNVjs75oZeS | Correct SP_ID: 4oR16rY7oghDsMTqj4APgF,2026-02-15T08:56:23.298250
19694,Great Summer - Soundtrack Version Genre Alternative,c5cad677-e6a2-4b0f-871c-796d4da42e69,SPOTIFY_ID_CORRECTION,DB SP_ID: 1pWK2V6wstJKg5i8asqIJu | Correct SP_ID: 471RMuDrTQqwjdaZ3zLp9L,2026-02-15T08:57:01.873185
2033,Heaven's Night,09900e86-1438-42fa-b4c0-d42ff7ef68c0,SPOTIFY_ID_CORRECTION,DB SP_ID: 4pkC6nces4HXah4oSXpMiU | Correct SP_ID: 5WYvSzllUW7OvlGmqnL1gM,2026-02-15T08:57:11.169767
16325,Bet On It,ecb61e73-0516-4687-a604-f5dc0de72cb1,SPOTIFY_ID_CORRECTION,DB SP_ID: 52sYp6J00IKyEEpjPYh19B | Correct SP_ID: 4EnwhEyuVrC1CgvSur5YL4,2026-02-15T08:57:33.486410
14751,Explorers,b49ad33c-018a-4da6-a75e-440ce04649ed,SPOTIFY_ID_CORRECTION,DB SP_ID: 1hHVgvdIg5HJgh7mXueGhW | Correct SP_ID: 7AUo00ZpvMrxRnrfJOo9rE,2026-02-15T08:57:37.199854
33,Beautiful - Remastered 2012,e8c0736a-3f73-4e46-8b6a-5d4e04070188,SPOTIFY_ID_CORRECTION,DB SP_ID: 5WBLvG6cJjGyE3kChS6ubu | Correct SP_ID: 3HJLGDGbW7TIVq3hGJz0W9,2026-02-15T08:57:44.534899
18138,"WITHOUT YOU (Sung by KUN, JAEHYUN, DOYOUNG, TAEIL) - Chinese Version",200fb229-708b-4b1f-97a3-fc163d08758c,SPOTIFY_ID_CORRECTION,DB SP_ID: 7MtX7pq09iFQ4FlBE5jSL0 | Correct SP_ID: 78DVHbAahuQF56gOC4GnuN,2026-02-15T08:58:24.581299
7226,She Watch Channel Zero?!,2117f99d-1d4c-4c66-ad46-89c61197b024,SPOTIFY_ID_CORRECTION,DB SP_ID: 68O5AVwaeBqPOkNTDLHQET | Correct SP_ID: 3bZEtYBYJahicQkLAqg4Am,2026-02-15T08:58:42.717356
15830,Waste It On Me (feat. BTS),3f2f6687-1467-4022-bea2-3c246ab9ca67,SPOTIFY_ID_CORRECTION,DB SP_ID: 5LL57U9xAYhM8dVP8b6bEc | Correct SP_ID: 2J0X46UkpfLlWbuCXFgDLr,2026-02-15T08:58:47.931519
17068,"Serenade for String Orchestra in C Major, Op. 48, TH 48: I. Pezzo in forma di sonatina",ee054a26-3df6-40b0-9ad7-b707a29961e1,SPOTIFY_ID_CORRECTION,DB SP_ID: 4UQZDYqQBGonTrFAIYCM9y | Correct SP_ID: 4ZjonZypVLMpzze4CgHgdG,2026-02-15T09:00:49.996757
9743,クレームブリュレ,3bc2d735-0e8e-41ee-918e-c5739719616e,SPOTIFY_ID_CORRECTION,DB SP_ID: 7DOLexjPJHnUfEKbXHVqMn | Correct SP_ID: 4fxuNqvq0fBpEpcQvTFFKZ,2026-02-15T09:01:49.374380
1791,Merry Christmas Mr. Lawrence,8765c8e0-3593-4940-ba9d-c606f60467b4,SPOTIFY_ID_CORRECTION,DB SP_ID: 0AeYSzj79iMjSTEJf9dPol | Correct SP_ID: 1Sy3H9cjZwiUk15Te4b4uQ,2026-02-15T09:02:00.037596
13243,có hẹn với thanh xuân,bd353efb-5210-41fc-9011-b52413681f82,SPOTIFY_ID_CORRECTION,DB SP_ID: 54UNNgtE3zzERwTuWSQLqd | Correct SP_ID: 3w47lCq1coETsiAMDDu6cc,2026-02-15T09:02:43.686696
15328,The Christmas Waltz,ce2df3da-9d0f-4d74-b430-3db02a923edc,SPOTIFY_ID_CORRECTION,DB SP_ID: 6bzD7osAJvk4TATjt5VcLQ | Correct SP_ID: 0vNeE3etbiFd24ZczkSxXS,2026-02-15T09:02:51.469907
18282,Dead Girl Walking (feat. Barrett Wilbert Weed & Ryan McCartan),b34f7049-3ec2-47cf-96bf-23b2bb599ecb,SPOTIFY_ID_CORRECTION,DB SP_ID: 1OMVaFXQJXxQroAJo0PJb2 | Correct SP_ID: 5L5N8YOsBxdzR9h9sudBgG,2026-02-15T09:03:12.946125
4137,A Quick One Before the Eternal Worm Devours Connecticut,8d4e5c3b-6935-4687-b42a-42bcb1f2e09e,SPOTIFY_ID_CORRECTION,DB SP_ID: 5oTRypHWFE3KgcNS9XPCdI | Correct SP_ID: 34dkZZNQJzEJRqPkywYmEY,2026-02-15T09:05:20.287093
20325,"The Game Has Changed - From ""TRON: Legacy""/Score",660404c9-a3e5-43c5-bd76-4339b00190e6,SPOTIFY_ID_CORRECTION,DB SP_ID: 08DBDmvEgY2ZTVMVH2A8lt | Correct SP_ID: 1LaCW0R8Q7oIY3tKtDgZOw,2026-02-15T09:05:37.337684
5167,"Scheherazade, Op. 35 (Symphonic Suite after ""A Thousand and One Nights""): Festival in Bagdad; The Sea; The Ship Goes to Pieces on a Rock Surmounted by a Bronze Warrior (Shipwreck); Conclusion",09789074-95f4-4f74-8856-bd50afd8ee49,SPOTIFY_ID_CORRECTION,DB SP_ID: 11LcBsPlS9BvwFMorH9qXP | Correct SP_ID: 1JcCHv3P59O2sjXvXkt2SE,2026-02-15T09:06:02.839511
5162,Song Of The Nightingale: The Emperor's Displeasure At The Departure Of The Real Nightingale,a3aff60e-7dcb-44cd-82c8-f1e44ad2e6b4,SPOTIFY_ID_CORRECTION,DB SP_ID: 3f8UeyFcaiWD1YYN5s1Qi1 | Correct SP_ID: 72LnQ1xFQlasMbKEnhgij8,2026-02-15T09:06:56.388841
5573,That's My Floor,8ecc6ae7-857e-41cd-8a73-ac330210fe70,SPOTIFY_ID_CORRECTION,DB SP_ID: 05viacwP18vZkQozDwS5kN | Correct SP_ID: 0NWgLrKVXvg461x0PXq5AC,2026-02-15T09:07:21.570161
9750,ゴーゴー!シューパーガール!,da967b21-ec6c-44b5-9050-6c8e428f041a,SPOTIFY_ID_CORRECTION,DB SP_ID: 6sfeCDNi4HGLehNHD9yGJH | Correct SP_ID: 44pqFO1DJJ0aFfh9MsfFCo,2026-02-15T09:08:19.160119
18911,Monster - Chinese Version,0915b10d-ee43-4350-ac8b-8bb6c3a6fba3,SPOTIFY_ID_CORRECTION,DB SP_ID: 7GbUWl6qLW1gdngbEV2WDJ | Correct SP_ID: 5ee84yxDkOZavCYEuWK9KG,2026-02-15T09:09:00.511389
17071,"Symphony No. 1 in G Minor, Op. 13, ""Winter Daydreams"": I. Allegro tranquillo (Dreams of a Winter Journey)",8b291123-7c84-4289-aaa6-fa985f198b8e,SPOTIFY_ID_CORRECTION,DB SP_ID: 5rH9eEYKnE01A7VzIZ4Apn | Correct SP_ID: 1r0QTnf1UzHEsKZjWoorUq,2026-02-15T09:10:25.827093
14367,Vulnerable,1286336d-5380-4956-8e04-46b201b5459d,SPOTIFY_ID_CORRECTION,DB SP_ID: 5KZVisMuhOYdHpuR0FpmSW | Correct SP_ID: 4DVXHkgxBjPiSYTNhtz9Xa,2026-02-15T09:11:31.916454
366,In the Mouth a Desert,a4d3191a-fa3e-4eab-a6e6-c5ee8778afba,SPOTIFY_ID_CORRECTION,DB SP_ID: 4HVJbdy5mP3OiOLmcN8zeg | Correct SP_ID: 1VWBvxtffSvJviD9yDHNLj,2026-02-15T09:11:53.916630
1973,D.A.N.C.E.,d18a1284-d6a1-42d9-b0c1-b247e9f27b80,SPOTIFY_ID_CORRECTION,DB SP_ID: 33yAEqzKXexYM3WlOYtTfQ | Correct SP_ID: 3gcmn2CtOE9SjBevmvGVEk,2026-02-15T09:13:56.237199
2267,Biblical Violence,fde37b2f-cc47-47ff-9c1b-920ea5140791,SPOTIFY_ID_CORRECTION,DB SP_ID: 2rTc77yAoDWe33lClfY5hs | Correct SP_ID: 7INBS6wQS3rRm6HMdMMU0F,2026-02-15T09:14:16.111359
2553,Black Spasmodic (feat. Consequence),c5a95815-ddaf-463d-956a-730ca885f833,SPOTIFY_ID_CORRECTION,DB SP_ID: 1qju0WsEHiDZoOBBDp8aAk | Correct SP_ID: 39Fy1vv1EiRtk1FA4l7fV6,2026-02-15T09:14:35.749880
2954,Duhhhhhhhhhhhhhhhhh,533ec4cf-e16a-42e9-8faa-16931454990c,SPOTIFY_ID_CORRECTION,DB SP_ID: 1SHOlAdcna7plmlXYRWWEu | Correct SP_ID: 2YCB6feHqTwywcF5xw8tMN,2026-02-15T09:14:57.134106
2951,Horror movie soundtrack,2267cca8-291a-4c9b-8ceb-11dd2ca0019b,SPOTIFY_ID_CORRECTION,DB SP_ID: 0Cx0rSjGfg5nQ81YWp4ywH | Correct SP_ID: 37htBb9BuEmj9Zu8xr8FLr,2026-02-15T09:15:11.998318
3441,Recycled Air - Remastered,8addb94d-5c2b-4f11-b9c9-90e6786f6832,SPOTIFY_ID_CORRECTION,DB SP_ID: 0QxkqjjcPUNC1ZQoIKdwfX | Correct SP_ID: 0F3tQcMXoEdT4gmRSBvzyD,2026-02-15T09:15:41.300936
4142,Song About An Angel - Remastered,0c77bdaf-0f6e-473b-be11-1c4602643b7e,SPOTIFY_ID_CORRECTION,DB SP_ID: 6xNZDWP5Ca0yV9R653WsnT | Correct SP_ID: 3Q1o4aoRRIGgyb3I8luD1q,2026-02-15T09:16:25.638964
4385,Sweet Robbery,cf052bbc-900a-4808-bc89-da90f4a8084c,SPOTIFY_ID_CORRECTION,DB SP_ID: 27ruZRRrJomRQZyCEfi5TU | Correct SP_ID: 1puvFst1pw5BwE7RK72lhE,2026-02-15T09:16:36.612295
4502,You Should Be Hated Here,67b3933c-e116-4fb7-a75d-f5856716910e,SPOTIFY_ID_CORRECTION,DB SP_ID: 3B0LAZwIpRBK0t6oCWxC85 | Correct SP_ID: 2A8aWxujEyFr6AmIxJr3N8,2026-02-15T09:16:51.233017
4978,Wintering,d3e887f3-f7ed-497c-8667-110127c05497,SPOTIFY_ID_CORRECTION,DB SP_ID: 4FxeY2UZeP3kpdBPbpGggN | Correct SP_ID: 2bDcAgInBIJilki3Y9RpHl,2026-02-15T09:17:31.812473
5401,Two States,ba967eaf-3d28-4f18-8325-fe87de5209ae,SPOTIFY_ID_CORRECTION,DB SP_ID: 38gZfTSpU9M60STTmkmkNh | Correct SP_ID: 1yrdiOPrS2o5GuyIpHCeWw,2026-02-15T09:17:53.755972
7498,A Star Is Born,7eec9822-b769-40ab-97cd-9b89ec662abb,SPOTIFY_ID_CORRECTION,DB SP_ID: 3Ku6XnbEW6j3iB4rDUUWl0 | Correct SP_ID: 4dXDBSow6Hb61fdyczvsyw,2026-02-15T09:20:13.431458
7410,Party for Your Right to Fight,117d3835-4be8-44ad-931c-0a90e6a898a4,SPOTIFY_ID_CORRECTION,DB SP_ID: 6riXG72RIa0eoA1sjc3y7R | Correct SP_ID: 0GeHyuLsR39CxwqxdMVKaN,2026-02-15T09:20:17.113659
9080,Suffocation,b8b70c30-7730-46bf-a95e-e55e363dc6f0,SPOTIFY_ID_CORRECTION,DB SP_ID: 5ngTZfaLbdMgN8WoCOh0d4 | Correct SP_ID: 12oxsGACfwMozi4nK9noGQ,2026-02-15T09:21:51.611634
10340,"COME SWEET DEATH,SECOND IMPACT",a63f96ed-54dd-4099-9818-c3d7f385f331,SPOTIFY_ID_CORRECTION,DB SP_ID: 1gZHs1FdM4IuWCA7MB2coA | Correct SP_ID: 4ktXj8dM8fy0wKs30O7iwR,2026-02-15T09:23:28.864728
10801,tori no uta (AiR opening),d82abc87-6db9-419b-a474-a7b76a9507ea,SPOTIFY_ID_CORRECTION,DB SP_ID: 1QxV1MI6w7rydNeGbkt1cu | Correct SP_ID: 1zCUlBeWhBZU6D0mDhEmEK,2026-02-15T09:24:01.229437
11657,nana vector 7 (breaching mix),4a9cb4c5-4f70-4711-9828-d902d694d04f,SPOTIFY_ID_CORRECTION,DB SP_ID: 4YuEOFZFdgDYGhzaN8cAxh | Correct SP_ID: 0fP34bcMfyzNJu2WRCnYbg,2026-02-15T09:24:51.960324
11679,Ethereal,76c94084-f5a1-46b4-8a31-f3d428cfdcd7,SPOTIFY_ID_CORRECTION,DB SP_ID: 7lYztCB9cWv4i4brQ8icee | Correct SP_ID: 5FWoDRXmnEghUHXvsuotfe,2026-02-15T09:24:59.149086
11847,You Know Me,14c5e426-dd92-48d6-8676-2cbec9bed1ca,SPOTIFY_ID_CORRECTION,DB SP_ID: 6DjXGMnnZ2zMB14n6CcUEy | Correct SP_ID: 7zcHWVqgF3MrbflZ4cdi6v,2026-02-15T09:25:06.337498
12109,モーニングコール,4b7339b3-df95-4300-861b-183d5cd4e779,SPOTIFY_ID_CORRECTION,DB SP_ID: 2IM6mlaOxMntsEZ157d8Cn | Correct SP_ID: 5eQbtY3UnWQ8562HNBmt6c,2026-02-15T09:25:24.173951
12260,What You Say?,40523255-4525-4f1f-9cf9-378fe806dff7,SPOTIFY_ID_CORRECTION,DB SP_ID: 261cYHwLsI6R1VpWJzFYbQ | Correct SP_ID: 22quZFeltYbo325rn3ktTe,2026-02-15T09:25:39.123891
13599,Temptation (誘惑),92587450-87e5-4de4-b8d0-f59a8e6e411e,SPOTIFY_ID_CORRECTION,DB SP_ID: 0Mf0RRkvMEbzEDsULrnZzJ | Correct SP_ID: 2BjXORWLSGNhsLpsrnUpaO,2026-02-15T09:26:48.042679
13712,Can't Control Myself,4cae826c-d966-45a7-80c3-c35240b35f5a,SPOTIFY_ID_CORRECTION,DB SP_ID: 559f8rcNNZW07wz5Rfxnfh | Correct SP_ID: 2TZTpkpnDIKUOfU6riqCfE,2026-02-15T09:26:58.880412
13859,I Love You So,c15cbb4f-9fbe-4f66-837c-4416a5239acc,SPOTIFY_ID_CORRECTION,DB SP_ID: 2FJbKuW9xbHSg4G9Y7VcgT | Correct SP_ID: 4SqWKzw0CbA05TGszDgMlc,2026-02-15T09:27:06.791921
13722,The Song,ef9b7efc-43f8-491c-8aff-6b16531376a5,SPOTIFY_ID_CORRECTION,DB SP_ID: 2au7hGiWi3TbQ1Eq7Z2bf3 | Correct SP_ID: 1hIJRa3x3EVnxp9K55hwA3,2026-02-15T09:27:11.927095
13933,The A Team,17eb8cd6-7bb0-4579-90af-dc38c1b3fc6a,SPOTIFY_ID_CORRECTION,DB SP_ID: 1XpYodsD36XN7ygcdF7mJJ | Correct SP_ID: 1VdZ0vKfR5jneCmWIUAMxK,2026-02-15T09:27:29.959838
14629,Dirty Little Secret,290ea9ca-19fa-425a-a081-cbb75ece48c6,SPOTIFY_ID_CORRECTION,DB SP_ID: 5ZdzNVOmCSp5HFLk0EgvJS | Correct SP_ID: 5lDriBxJd22IhOH9zTcFrV,2026-02-15T09:28:14.950764
15171,Where Have You Been,3d409b8b-7161-4787-8c89-ccee7b232d5d,SPOTIFY_ID_CORRECTION,DB SP_ID: 3tyPOhuVnt5zd5kGfxbCyL | Correct SP_ID: 5WQQIDU3HRaMyPkob8mpFb,2026-02-15T09:28:33.159254
15456,スモーク,2e93f0c6-c5a8-479a-a35c-a5409fbcbb08,SPOTIFY_ID_CORRECTION,DB SP_ID: 2g6WTGWNYGnRCBaWEzFE00 | Correct SP_ID: 4ic87J9uIJhstGx7avw9Yq,2026-02-15T09:29:09.996921
16167,Can't Help Me,d551c8ba-955d-4cc7-b132-9a81f3ccfc0a,SPOTIFY_ID_CORRECTION,DB SP_ID: 0KEneUU4ptOH6EBjbFdrQU | Correct SP_ID: 6K10elRcuzzJq5YbO1Hvz0,2026-02-15T09:29:48.267518
18332,상사병 (Symptoms),82791ea5-1d2e-4efb-ad61-acd5763c2383,SPOTIFY_ID_CORRECTION,DB SP_ID: 53HdfbEj0c1haJaJ1W1FNd | Correct SP_ID: 7vc01rg1AL6jkYBd61Mfwm,2026-02-15T09:32:14.706988
18680,Feeling,91627865-15aa-4bc0-9182-33259c7c6641,SPOTIFY_ID_CORRECTION,DB SP_ID: 784qSLhmIjbc37plSfaPzF | Correct SP_ID: 0qdJctmCqOqUL3kanmkmRi,2026-02-15T09:32:18.408102
19089,"Sonata for Violin and Piano No. 1 in F minor, Op. 80: 3. Andante",085fe0f7-06b8-4710-8b9e-944ad60daed6,SPOTIFY_ID_CORRECTION,DB SP_ID: 7CAzO6ra4aYKfV1JD1er2N | Correct SP_ID: 7r4ZbCwdeI2e2U5kgeb3hJ,2026-02-15T09:32:42.261461
19852,Summertime Sadness,8c712e50-1822-4caf-9eb1-6d9cf6f8556f,SPOTIFY_ID_CORRECTION,DB SP_ID: 2dBwB667LHQkLhdYlwLUZK | Correct SP_ID: 1Ist6PR2BZR3n2z2Y5R6S1,2026-02-15T09:33:39.015286
20300,Running for Cover,ca93fa08-3141-43e0-8ac7-205479ed4e64,SPOTIFY_ID_CORRECTION,DB SP_ID: 7DEOMtH6PMizz0H9tci0aG | Correct SP_ID: 5889N9r3fQxiXUuw9LfO7U,2026-02-15T09:34:09.815100
840,The Darkest Part (feat. Raekwon and Kid Sister),2d2b6493-5185-4330-9848-c3d5e402e1b7,SPOTIFY_ID_CORRECTION,DB SP_ID: 5sb40Fb2TgFO1xxuHPhsDj | Correct SP_ID: 7e8j1Gx9dT9Hi5gkkQLKXB,2026-02-15T09:35:07.142887
3000,Sofa King,042f70b1-cccb-4a66-a123-ae5fc4a58c66,SPOTIFY_ID_CORRECTION,DB SP_ID: 3bPqgo3RO3ZESEpyCdNsnr | Correct SP_ID: 46pxgR9MsvChVK4nBVYnlP,2026-02-15T09:36:14.599881
5310,That's What I Get,a82b7c14-b404-4e17-90a9-8d301d50bfff,SPOTIFY_ID_CORRECTION,DB SP_ID: 0wVXWYcLv2RHfNAyTwzB7Q | Correct SP_ID: 5ffX305s8ZvkafnBdSJLCn,2026-02-15T09:37:06.031777
5772,The New Year,2aefb5c8-f137-4289-b9f9-e78d23695468,SPOTIFY_ID_CORRECTION,DB SP_ID: 3yLgtIF1dEk9LJzaARBRxJ | Correct SP_ID: 4nPNsnv4QEiIzihzCU5zHH,2026-02-15T09:37:17.041314
6916,Ducky Ducky (Flying Beagle),7623fb1d-05aa-48e1-9184-510c2262b1e8,SPOTIFY_ID_CORRECTION,DB SP_ID: 4IPvXFtzlB6zI7nku0EviA | Correct SP_ID: 004LAuzjY25yKakpkkMVI8,2026-02-15T09:37:48.952905
8249,Self-Portrait in Three Colors,78325a96-f9a0-4258-b8ba-a944ac614669,SPOTIFY_ID_CORRECTION,DB SP_ID: 38C8v33eis3fa4hLf0dl8Z | Correct SP_ID: 2feyXVACD4HhHdXHGaERAW,2026-02-15T09:38:25.276569
10908,インフィニティ,5f511033-8c64-4c8d-9e19-9b18e5b7eb01,SPOTIFY_ID_CORRECTION,DB SP_ID: 3Gj9gaVfc3HHyqcIFaSa70 | Correct SP_ID: 18Jm4UpJfu0wiZVeJZUzrv,2026-02-15T09:39:28.851922
12591,I Don't Want To Set The World On Fire,04a590ee-1140-477d-be05-407aa40ec1a9,SPOTIFY_ID_CORRECTION,DB SP_ID: 777zXDJpBufzttU4AJ2dGO | Correct SP_ID: 4KdqLlQWJQRALezoJR4jPG,2026-02-15T09:40:01.523755
12469,君が大人になって,419bed3d-5fed-42b2-9d88-c3b09b4b3ffb,SPOTIFY_ID_CORRECTION,DB SP_ID: 77DDFdBya4JiXfMEQstxm7 | Correct SP_ID: 71ItLQzHGvpSdzZDUaOisq,2026-02-15T09:40:15.460657
13414,Rendezvous on the Push Broom,44b59a4a-1ccf-4477-af46-c607749f68a0,SPOTIFY_ID_CORRECTION,DB SP_ID: 5HdNEtxG1lJkBqDuFHMIrf | Correct SP_ID: 2qkgmIGatYbVKfzOkPC8JF,2026-02-15T09:40:22.825746
13909,The Phoenix,36b02c04-bf13-4d65-ba48-e00dab4a7453,SPOTIFY_ID_CORRECTION,DB SP_ID: 53AuxddsgPSlqM619nJhSd | Correct SP_ID: 7jwDuO7UZvWs77KNj9HbvF,2026-02-15T09:40:31.212457
16474,Montrabech,6410382d-4be1-4e74-be1e-e3db5d04782d,SPOTIFY_ID_CORRECTION,DB SP_ID: 3CVDWF27rgCgXLfHJEz1TL | Correct SP_ID: 1OcnNgFHS2De3bMQqw9Sot,2026-02-15T09:41:23.722280
18538,"Clarinet Sonata in E-Flat Major, Op. 167: I. Allegretto",507176d2-b577-482d-9bfb-bbcc0142d334,SPOTIFY_ID_CORRECTION,DB SP_ID: 4jBjwAmicCo4n2wsYQS9d4 | Correct SP_ID: 4wqIdUda4ATGr6UBz93kOP,2026-02-15T09:42:17.871194
11510,Descendants Of The Sun (Original Television Soundtrack) Pt.6 - Talk Love,ea2b6f1c-6704-443f-a073-41c3eca614bc,SPOTIFY_ID_CORRECTION,DB SP_ID: 5NkpsRKvSBukdYQtl3WLZW | Correct SP_ID: 3UGk6hHrfJ9Z2MJnnMmPVi,2026-02-15T09:45:09.628442
12980,Je T'aime,e80fd763-fe6c-44b1-a648-3ac32e3b1d26,SPOTIFY_ID_CORRECTION,DB SP_ID: 3wS47sXPddjE6rbhU7u20w | Correct SP_ID: 18m3QugKZFaKjoMbe8CyjL,2026-02-15T09:45:13.377572
2744,I'm Not Okay (I Promise),cfd041f1-a94f-4365-aef4-35bb248b86dc,SPOTIFY_ID_CORRECTION,DB SP_ID: 7lRlq939cDG4SzWOF4VAnd | Correct SP_ID: 18yt8PSMtK1Yck29ZtAOB0,2026-02-15T09:47:32.901089
18530,이별의 길 Farewell My Love,37392852-e94e-4947-bfa0-db86e5227dbd,SPOTIFY_ID_CORRECTION,DB SP_ID: 5gAQqYeRM6s77Yzd3pl0NV | Correct SP_ID: 1CajjfLBczYjYgcwKQRjEj,2026-02-15T09:48:03.448216
20122,Every Teardrop Is A Waterfall (Coldplay Vs. Swedish House Mafia),61bf57c0-3d81-4883-930c-fc6ca1146f40,SPOTIFY_ID_CORRECTION,DB SP_ID: 2Khfa0AhjWjhP1Ah6Uf23n | Correct SP_ID: 5J8m6w5VmswbMBYUAFf44t,2026-02-15T09:48:12.571169
12179,I Miss You,a1eed2cc-cafc-4148-8b2d-2b882fd06961,SPOTIFY_ID_CORRECTION,DB SP_ID: 1AdYZ6X00nXmO613Y7GJOl | Correct SP_ID: 1oTo3ijRbaDAtrjJrGAPSw,2026-02-15T09:48:16.454814
11648,We Didn't Start the Fire,fd12141d-ce5e-46d8-bae3-6d6f084f9392,SPOTIFY_ID_CORRECTION,DB SP_ID: 38bDGWuyYdSdNfrFfbCiVS | Correct SP_ID: 3Cx4yrFaX8CeHwBMReOWXI,2026-02-15T09:48:23.828478
8871,Sherane a.k.a Master Splinter’s Daughter,0eb9cab9-0e38-43d3-aeb6-68384e209a0c,SPOTIFY_ID_CORRECTION,DB SP_ID: 7zdORPbuIBkZHCJXl9J2e5 | Correct SP_ID: 0qGFnxDIqGBIq2D3zNbjk9,2026-02-15T09:49:02.114157
1185,Light My Fire,ba90859c-df5e-4f36-92bb-0d7a693c50c5,SPOTIFY_ID_CORRECTION,DB SP_ID: 5uvosCdMlFdTXhoazkTI5R | Correct SP_ID: 2momcftU90tnfFJmb67ZEn,2026-02-15T09:49:45.442080
10268,BYOB (bring your own best friend),52b76678-2e36-46ac-83b8-02ee164b8613,SPOTIFY_ID_CORRECTION,DB SP_ID: 2zoLJs2jC0uiy59KJAWL2h | Correct SP_ID: 1XC46heLGYz83ResGphueE,2026-02-15T09:50:16.516951
7603,Doubt,ef481cd6-17d1-4cb3-be2a-59844f098938,SPOTIFY_ID_CORRECTION,DB SP_ID: 4oqwDiEM2RFvPaUACDRWGT | Correct SP_ID: 0FWzXRP9KeovkwvSlEVXTs,2026-02-15T09:50:20.255280
13760,Permission to Dance (Instrumental),0c9dc175-df35-4495-bad4-a89c6fb43d2e,SPOTIFY_ID_CORRECTION,DB SP_ID: 4IWJqwny7buwSfdFP6ybJ1 | Correct SP_ID: 6dWHuepkdl6x7bVxq8kg9K,2026-02-15T09:50:23.887581
13766,Black Swan - Japanese ver.,6eee7ca5-7f48-4bf9-8806-c750bd110e44,SPOTIFY_ID_CORRECTION,DB SP_ID: 3sG0FqOWBIDpSXxglhzajE | Correct SP_ID: 5smmjzMNkj4YSacTBH6taZ,2026-02-15T09:50:31.277535
11728,all i want is you (´｡• ᵕ •｡`),d036d54a-639a-409d-81ac-f1293bb3c004,SPOTIFY_ID_CORRECTION,DB SP_ID: 5OlMQ3UqGb0dtjnBLsKQtV | Correct SP_ID: 5HoVqOW9pQNgyWmQAjiyU6,2026-02-15T09:50:57.923520
19929,Winter Wonderland / Don't Worry Be Happy (feat. Tori Kelly),5c9db73b-36b2-496f-9eb3-08da7d353c1f,SPOTIFY_ID_CORRECTION,DB SP_ID: 7zM6ASmTqPXQZgUIzz5Lsp | Correct SP_ID: 2kPpxNSgXRvu5yqkRLKJIu,2026-02-15T09:51:22.372717
15274,Seesaw - English Version,85f3dab6-1eec-4fc2-bc77-da8a90d17ca6,SPOTIFY_ID_CORRECTION,DB SP_ID: 2NZ2Ji1uVS5o6dlDxOfvX0 | Correct SP_ID: 0cC7TEZ5ZB0IZ9iRMYW13X,2026-02-15T09:52:40.912433
17795,I Am the Best (내가 제일 잘 나가),87068819-aabb-4d30-8fdd-8006f2bf37aa,SPOTIFY_ID_CORRECTION,DB SP_ID: 0duGEEnNcvRgkeoZVx6qFu | Correct SP_ID: 6aRr7IN6X7D7KbpWrafNtf,2026-02-15T09:52:44.583949
14497,"When Will My Life Begin? - From ""Tangled"" / Soundtrack Version",bb0804f8-7429-4514-b374-e018af1f2276,SPOTIFY_ID_CORRECTION,DB SP_ID: 3HoMLZMs2Fn9HuYOIzhGqt | Correct SP_ID: 03xWMkKEbeO4SnylA53ipj,2026-02-15T09:53:21.715638
18884,玻璃鱼缸 One and Only - Chinese Version,dd4421c5-0bc1-4370-bc13-881d7da42609,SPOTIFY_ID_CORRECTION,DB SP_ID: 5NjjaLsm8E7mlAyavztdvY | Correct SP_ID: 3vBCPUQCzzkuh5aSSkLke8,2026-02-15T09:53:44.348445
15896,RAINBOW,ceca40d4-4785-43fb-825f-d55702905f43,SPOTIFY_ID_CORRECTION,DB SP_ID: 14lnkKluT9U1lAz6M10SPx | Correct SP_ID: 6uy9lTlZ3xaMYQPk6eaJaz,2026-02-15T09:54:26.511895
15894,GET LOUD,25e1afa9-3d82-482d-91b4-f7e4d5870d2e,SPOTIFY_ID_CORRECTION,DB SP_ID: 06rOypJlNqSmHXT3FymVp6 | Correct SP_ID: 6RIx1qFPIeY2PBZfAHLaLG,2026-02-15T09:54:30.268664
3573,Scorsese Baby Daddy,7366d2e7-7d33-4c77-9707-e4441e497d70,SPOTIFY_ID_CORRECTION,DB SP_ID: 1TmxBpnOfi6Qo76EubG57l | Correct SP_ID: 2E7a96qey4AzSOdK6H21vS,2026-02-15T09:55:29.617974
12524,For What It's Worth,0d4237dc-04fa-48ec-b087-fb248fd935e2,SPOTIFY_ID_CORRECTION,DB SP_ID: 1qRA5BS78u3gME0loMl9AA | Correct SP_ID: 4gUB6p9N8XvKlIwJQSJe0S,2026-02-15T09:56:59.508370
14339,Was It Something I Said (feat. Cavetown),5e7d1d41-4b34-4c66-8892-21666f1b0ffb,SPOTIFY_ID_CORRECTION,DB SP_ID: 4pCKJ8NFjBHSk1wGn13cab | Correct SP_ID: 65j65yDSE06CNKAPjsHoJt,2026-02-15T09:57:20.210800
988,Starcharts,c2cc9782-58e5-425d-ba21-0103104359fc,SPOTIFY_ID_CORRECTION,DB SP_ID: 2GTPcID1DIda8t5TeRVUOf | Correct SP_ID: 2qzvQABkvi5H9Ai4Ef4auG,2026-02-15T09:57:31.253413
10163,リズと青い鳥 - コンクール用編曲Ver.,8c1279a0-6a3c-42b2-a1aa-235aefb49184,SPOTIFY_ID_CORRECTION,DB SP_ID: 4YEik9zqxgkjdSV7BA9DOv | Correct SP_ID: 5HI6tq0SXCZlkCEmknmlgV,2026-02-15T09:58:35.122035
3219,A Song for ×× - Ferry Corsten Chilled mix,0e1f0562-761f-4ea7-b7a5-460cbcb7a391,SPOTIFY_ID_CORRECTION,DB SP_ID: 5NNTnbhppfdRi7110y8WDR | Correct SP_ID: 3OIOIjxorLryBRSJgYWIGw,2026-02-15T09:59:24.467654
13387,"Kamado Tanjirou no Uta (From ""Demon Slayer: Kimetsu no Yaiba"") [Full Version]",7ce06d31-583f-4953-950f-ad75c7728b82,SPOTIFY_ID_CORRECTION,DB SP_ID: 7Ai5pAx4S93BJsZnaLdTnf | Correct SP_ID: 1l1Tv0NFhRQQHIO2UFgYdJ,2026-02-15T10:00:10.921233
17403,Alive (feat. Coucheron),29d4bc55-23a9-4caa-9e07-7dfef93f981b,SPOTIFY_ID_CORRECTION,DB SP_ID: 1VjZKeNqOn8gXvF1X0pI6G | Correct SP_ID: 2wWLpQkZ3DthzK1JBkP70B,2026-02-15T10:01:12.500474
18317,"La mer, CD 111: II. Jeux de vagues",dc6b499a-ae99-4217-90b6-78d70867c6d7,SPOTIFY_ID_CORRECTION,DB SP_ID: 4MOesxBMpHjsqFzoB8tNho | Correct SP_ID: 1ySq0tEFm0nrUUwMkDxsAJ,2026-02-15T10:01:25.770824
17244,Santa Baby (with Henri René & His Orchestra),8cfb84fd-408d-4a7e-a524-1a8e162e186e,SPOTIFY_ID_CORRECTION,DB SP_ID: 3EO3fBZjoiiNPozbdplKJf | Correct SP_ID: 5mxQ7QR1Zi3jIWoderMuzQ,2026-02-15T10:02:28.849724
16378,It's Raining in the Summer but It's All Good.,d59fb597-ce87-4ced-9f5d-06155f3fdeb6,SPOTIFY_ID_CORRECTION,DB SP_ID: 0hDv9ru12tpaeIGamgT9tb | Correct SP_ID: 3OUsE0FwuIdaEgZBxSASuI,2026-02-15T10:02:32.495274
2542,Corcovado (Quiet Nights Of Quiet Stars),8ddd0dbd-88af-4c3d-a4c5-e346bfee2e8d,SPOTIFY_ID_CORRECTION,DB SP_ID: 5EaU1o7PQE5vhW5HdDWgdO | Correct SP_ID: 0Wh99eifNTNqDFRtzWhCE2,2026-02-15T10:03:09.072758
17797,I'm in Love Again,39bd8b22-8ed3-45ae-897d-71e0a8e0946d,SPOTIFY_ID_CORRECTION,DB SP_ID: 5xUFhiNT5ufZNQ5oJqDDDE | Correct SP_ID: 1JD6dm99qY0eiwV0fzqNHw,2026-02-15T10:03:19.846667
15693,"Horn Trio in E-Flat Major, Op. 40: II. Scherzo. Allegro",6d908f66-0f06-4dd3-96ed-da708b9b71a0,SPOTIFY_ID_CORRECTION,DB SP_ID: 2I0LkFvxfF1S6nIsCqeDE8 | Correct SP_ID: 2dJLP2qtjC2ZrnbWKQImE9,2026-02-15T10:04:43.540809
7032,"Matthäus-Passion, BWV 244, Erster Teil: 1. Chorus I & II ""Kommt, ihr Töchter, helft mir klagen""",547b6b58-c0a2-4cba-83d8-f23a539632f1,SPOTIFY_ID_CORRECTION,DB SP_ID: 5rB249IG3BLEiUiwlwvyVM | Correct SP_ID: 3ZHYzQJy5QVMhyRADWxIPw,2026-02-15T10:05:59.558391
13758,Nine in the Afternoon - Single Mix,2c02802b-a2bf-4eeb-a46e-e60a22f1ad39,SPOTIFY_ID_CORRECTION,DB SP_ID: 1S30kHvkkdMkcuCTGSgS41 | Correct SP_ID: 641eTjClhfoX0qHDoXbic8,2026-02-15T10:06:52.152501
